fecha,sku,producto,categoria,cantidad,precio
2025-04-01,ABA-001,Arroz Costeño 1kg,Abarrotes,12,4.5
2025-04-01,ABA-002,Aceite Primor 1L,Abarrotes,9,9.9
2025-04-01,ABA-003,Atún Florida lata,Abarrotes,11,5.5
2025-04-01,ABA-004,Fideos Don Vittorio 500g,Abarrotes,10,3.2
2025-04-01,BEB-001,Agua Cielo 625ml,Bebidas,21,1.5
2025-04-01,BEB-002,Gaseosa Inca Kola 500ml,Bebidas,24,2.5
2025-04-01,BEB-003,Cerveza Pilsen 355ml,Bebidas,9,4.0
2025-04-01,CUI-001,Jabón Bolívar barra,Cuidado,7,1.8
2025-04-01,LAC-001,Leche Gloria tarro,Lácteos,23,4.2
2025-04-01,LAC-002,Yogurt Gloria 1L,Lácteos,8,6.5
2025-04-01,LIM-001,Detergente Bolívar 520g,Limpieza,6,5.0
2025-04-01,LIM-002,Papel higiénico Suave x4,Limpieza,11,6.0
2025-04-01,SNK-001,Galleta Soda Field,Snacks,14,1.0
2025-04-01,SNK-002,Chocolate Sublime,Snacks,16,2.0
2025-04-02,ABA-001,Arroz Costeño 1kg,Abarrotes,11,4.5
2025-04-02,ABA-002,Aceite Primor 1L,Abarrotes,10,9.9
2025-04-02,ABA-003,Atún Florida lata,Abarrotes,11,5.5
2025-04-02,ABA-004,Fideos Don Vittorio 500g,Abarrotes,20,3.2
2025-04-02,BEB-001,Agua Cielo 625ml,Bebidas,13,1.5
2025-04-02,BEB-002,Gaseosa Inca Kola 500ml,Bebidas,28,2.5
2025-04-02,BEB-003,Cerveza Pilsen 355ml,Bebidas,6,4.0
2025-04-02,CUI-001,Jabón Bolívar barra,Cuidado,7,1.8
2025-04-02,LAC-001,Leche Gloria tarro,Lácteos,18,4.2
2025-04-02,LAC-002,Yogurt Gloria 1L,Lácteos,7,6.5
2025-04-02,LIM-001,Detergente Bolívar 520g,Limpieza,5,5.0
2025-04-02,LIM-002,Papel higiénico Suave x4,Limpieza,4,6.0
2025-04-02,SNK-001,Galleta Soda Field,Snacks,22,1.0
2025-04-02,SNK-002,Chocolate Sublime,Snacks,15,2.0
2025-04-03,ABA-001,Arroz Costeño 1kg,Abarrotes,12,4.5
2025-04-03,ABA-002,Aceite Primor 1L,Abarrotes,7,9.9
2025-04-03,ABA-003,Atún Florida lata,Abarrotes,9,5.5
2025-04-03,ABA-004,Fideos Don Vittorio 500g,Abarrotes,16,3.2
2025-04-03,BEB-001,Agua Cielo 625ml,Bebidas,19,1.5
2025-04-03,BEB-002,Gaseosa Inca Kola 500ml,Bebidas,27,2.5
2025-04-03,BEB-003,Cerveza Pilsen 355ml,Bebidas,11,4.0
2025-04-03,CUI-001,Jabón Bolívar barra,Cuidado,11,1.8
2025-04-03,LAC-001,Leche Gloria tarro,Lácteos,10,4.2
2025-04-03,LAC-002,Yogurt Gloria 1L,Lácteos,8,6.5
2025-04-03,LIM-001,Detergente Bolívar 520g,Limpieza,5,5.0
2025-04-03,LIM-002,Papel higiénico Suave x4,Limpieza,18,6.0
2025-04-03,SNK-001,Galleta Soda Field,Snacks,23,1.0
2025-04-03,SNK-002,Chocolate Sublime,Snacks,11,2.0
2025-04-04,ABA-001,Arroz Costeño 1kg,Abarrotes,12,4.5
2025-04-04,ABA-002,Aceite Primor 1L,Abarrotes,7,9.9
2025-04-04,ABA-003,Atún Florida lata,Abarrotes,16,5.5
2025-04-04,ABA-004,Fideos Don Vittorio 500g,Abarrotes,19,3.2
2025-04-04,BEB-001,Agua Cielo 625ml,Bebidas,23,1.5
2025-04-04,BEB-002,Gaseosa Inca Kola 500ml,Bebidas,20,2.5
2025-04-04,BEB-003,Cerveza Pilsen 355ml,Bebidas,19,4.0
2025-04-04,CUI-001,Jabón Bolívar barra,Cuidado,7,1.8
2025-04-04,LAC-001,Leche Gloria tarro,Lácteos,20,4.2
2025-04-04,LAC-002,Yogurt Gloria 1L,Lácteos,3,6.5
2025-04-04,LIM-001,Detergente Bolívar 520g,Limpieza,6,5.0
2025-04-04,LIM-002,Papel higiénico Suave x4,Limpieza,10,6.0
2025-04-04,SNK-001,Galleta Soda Field,Snacks,22,1.0
2025-04-04,SNK-002,Chocolate Sublime,Snacks,20,2.0
2025-04-05,ABA-001,Arroz Costeño 1kg,Abarrotes,18,4.5
2025-04-05,ABA-002,Aceite Primor 1L,Abarrotes,11,9.9
2025-04-05,ABA-003,Atún Florida lata,Abarrotes,16,5.5
2025-04-05,ABA-004,Fideos Don Vittorio 500g,Abarrotes,9,3.2
2025-04-05,BEB-001,Agua Cielo 625ml,Bebidas,16,1.5
2025-04-05,BEB-002,Gaseosa Inca Kola 500ml,Bebidas,32,2.5
2025-04-05,BEB-003,Cerveza Pilsen 355ml,Bebidas,16,4.0
2025-04-05,CUI-001,Jabón Bolívar barra,Cuidado,11,1.8
2025-04-05,LAC-001,Leche Gloria tarro,Lácteos,24,4.2
2025-04-05,LAC-002,Yogurt Gloria 1L,Lácteos,5,6.5
2025-04-05,LIM-001,Detergente Bolívar 520g,Limpieza,6,5.0
2025-04-05,LIM-002,Papel higiénico Suave x4,Limpieza,11,6.0
2025-04-05,SNK-001,Galleta Soda Field,Snacks,24,1.0
2025-04-05,SNK-002,Chocolate Sublime,Snacks,20,2.0
2025-04-06,ABA-001,Arroz Costeño 1kg,Abarrotes,19,4.5
2025-04-06,ABA-002,Aceite Primor 1L,Abarrotes,12,9.9
2025-04-06,ABA-003,Atún Florida lata,Abarrotes,12,5.5
2025-04-06,ABA-004,Fideos Don Vittorio 500g,Abarrotes,19,3.2
2025-04-06,BEB-001,Agua Cielo 625ml,Bebidas,18,1.5
2025-04-06,BEB-002,Gaseosa Inca Kola 500ml,Bebidas,28,2.5
2025-04-06,BEB-003,Cerveza Pilsen 355ml,Bebidas,15,4.0
2025-04-06,CUI-001,Jabón Bolívar barra,Cuidado,12,1.8
2025-04-06,LAC-001,Leche Gloria tarro,Lácteos,17,4.2
2025-04-06,LAC-002,Yogurt Gloria 1L,Lácteos,7,6.5
2025-04-06,LIM-001,Detergente Bolívar 520g,Limpieza,11,5.0
2025-04-06,LIM-002,Papel higiénico Suave x4,Limpieza,12,6.0
2025-04-06,SNK-001,Galleta Soda Field,Snacks,16,1.0
2025-04-06,SNK-002,Chocolate Sublime,Snacks,14,2.0
2025-04-07,ABA-001,Arroz Costeño 1kg,Abarrotes,10,4.5
2025-04-07,ABA-002,Aceite Primor 1L,Abarrotes,4,9.9
2025-04-07,ABA-003,Atún Florida lata,Abarrotes,9,5.5
2025-04-07,ABA-004,Fideos Don Vittorio 500g,Abarrotes,9,3.2
2025-04-07,BEB-001,Agua Cielo 625ml,Bebidas,17,1.5
2025-04-07,BEB-002,Gaseosa Inca Kola 500ml,Bebidas,24,2.5
2025-04-07,BEB-003,Cerveza Pilsen 355ml,Bebidas,9,4.0
2025-04-07,CUI-001,Jabón Bolívar barra,Cuidado,12,1.8
2025-04-07,LAC-001,Leche Gloria tarro,Lácteos,13,4.2
2025-04-07,LAC-002,Yogurt Gloria 1L,Lácteos,6,6.5
2025-04-07,LIM-001,Detergente Bolívar 520g,Limpieza,8,5.0
2025-04-07,LIM-002,Papel higiénico Suave x4,Limpieza,8,6.0
2025-04-07,SNK-001,Galleta Soda Field,Snacks,21,1.0
2025-04-07,SNK-002,Chocolate Sublime,Snacks,18,2.0
2025-04-08,ABA-001,Arroz Costeño 1kg,Abarrotes,15,4.5
2025-04-08,ABA-002,Aceite Primor 1L,Abarrotes,5,9.9
2025-04-08,ABA-003,Atún Florida lata,Abarrotes,16,5.5
2025-04-08,ABA-004,Fideos Don Vittorio 500g,Abarrotes,17,3.2
2025-04-08,BEB-001,Agua Cielo 625ml,Bebidas,19,1.5
2025-04-08,BEB-002,Gaseosa Inca Kola 500ml,Bebidas,27,2.5
2025-04-08,BEB-003,Cerveza Pilsen 355ml,Bebidas,11,4.0
2025-04-08,CUI-001,Jabón Bolívar barra,Cuidado,13,1.8
2025-04-08,LAC-001,Leche Gloria tarro,Lácteos,11,4.2
2025-04-08,LAC-002,Yogurt Gloria 1L,Lácteos,5,6.5
2025-04-08,LIM-001,Detergente Bolívar 520g,Limpieza,1,5.0
2025-04-08,LIM-002,Papel higiénico Suave x4,Limpieza,8,6.0
2025-04-08,SNK-001,Galleta Soda Field,Snacks,25,1.0
2025-04-08,SNK-002,Chocolate Sublime,Snacks,20,2.0
2025-04-09,ABA-001,Arroz Costeño 1kg,Abarrotes,8,4.5
2025-04-09,ABA-002,Aceite Primor 1L,Abarrotes,10,9.9
2025-04-09,ABA-003,Atún Florida lata,Abarrotes,11,5.5
2025-04-09,ABA-004,Fideos Don Vittorio 500g,Abarrotes,24,3.2
2025-04-09,BEB-001,Agua Cielo 625ml,Bebidas,15,1.5
2025-04-09,BEB-002,Gaseosa Inca Kola 500ml,Bebidas,26,2.5
2025-04-09,BEB-003,Cerveza Pilsen 355ml,Bebidas,7,4.0
2025-04-09,CUI-001,Jabón Bolívar barra,Cuidado,7,1.8
2025-04-09,LAC-001,Leche Gloria tarro,Lácteos,22,4.2
2025-04-09,LAC-002,Yogurt Gloria 1L,Lácteos,8,6.5
2025-04-09,LIM-001,Detergente Bolívar 520g,Limpieza,5,5.0
2025-04-09,LIM-002,Papel higiénico Suave x4,Limpieza,4,6.0
2025-04-09,SNK-001,Galleta Soda Field,Snacks,23,1.0
2025-04-09,SNK-002,Chocolate Sublime,Snacks,9,2.0
2025-04-10,ABA-001,Arroz Costeño 1kg,Abarrotes,13,4.5
2025-04-10,ABA-002,Aceite Primor 1L,Abarrotes,13,9.9
2025-04-10,ABA-003,Atún Florida lata,Abarrotes,12,5.5
2025-04-10,ABA-004,Fideos Don Vittorio 500g,Abarrotes,16,3.2
2025-04-10,BEB-001,Agua Cielo 625ml,Bebidas,17,1.5
2025-04-10,BEB-002,Gaseosa Inca Kola 500ml,Bebidas,35,2.5
2025-04-10,BEB-003,Cerveza Pilsen 355ml,Bebidas,22,4.0
2025-04-10,CUI-001,Jabón Bolívar barra,Cuidado,12,1.8
2025-04-10,LAC-001,Leche Gloria tarro,Lácteos,19,4.2
2025-04-10,LAC-002,Yogurt Gloria 1L,Lácteos,2,6.5
2025-04-10,LIM-001,Detergente Bolívar 520g,Limpieza,7,5.0
2025-04-10,LIM-002,Papel higiénico Suave x4,Limpieza,17,6.0
2025-04-10,SNK-001,Galleta Soda Field,Snacks,16,1.0
2025-04-10,SNK-002,Chocolate Sublime,Snacks,15,2.0
2025-04-11,ABA-001,Arroz Costeño 1kg,Abarrotes,13,4.5
2025-04-11,ABA-002,Aceite Primor 1L,Abarrotes,13,9.9
2025-04-11,ABA-003,Atún Florida lata,Abarrotes,16,5.5
2025-04-11,ABA-004,Fideos Don Vittorio 500g,Abarrotes,8,3.2
2025-04-11,BEB-001,Agua Cielo 625ml,Bebidas,14,1.5
2025-04-11,BEB-002,Gaseosa Inca Kola 500ml,Bebidas,25,2.5
2025-04-11,BEB-003,Cerveza Pilsen 355ml,Bebidas,11,4.0
2025-04-11,CUI-001,Jabón Bolívar barra,Cuidado,10,1.8
2025-04-11,LAC-001,Leche Gloria tarro,Lácteos,15,4.2
2025-04-11,LAC-002,Yogurt Gloria 1L,Lácteos,7,6.5
2025-04-11,LIM-001,Detergente Bolívar 520g,Limpieza,9,5.0
2025-04-11,LIM-002,Papel higiénico Suave x4,Limpieza,13,6.0
2025-04-11,SNK-001,Galleta Soda Field,Snacks,12,1.0
2025-04-11,SNK-002,Chocolate Sublime,Snacks,20,2.0
2025-04-12,ABA-001,Arroz Costeño 1kg,Abarrotes,15,4.5
2025-04-12,ABA-002,Aceite Primor 1L,Abarrotes,7,9.9
2025-04-12,ABA-003,Atún Florida lata,Abarrotes,13,5.5
2025-04-12,ABA-004,Fideos Don Vittorio 500g,Abarrotes,13,3.2
2025-04-12,BEB-001,Agua Cielo 625ml,Bebidas,22,1.5
2025-04-12,BEB-002,Gaseosa Inca Kola 500ml,Bebidas,23,2.5
2025-04-12,BEB-003,Cerveza Pilsen 355ml,Bebidas,15,4.0
2025-04-12,CUI-001,Jabón Bolívar barra,Cuidado,12,1.8
2025-04-12,LAC-001,Leche Gloria tarro,Lácteos,9,4.2
2025-04-12,LAC-002,Yogurt Gloria 1L,Lácteos,8,6.5
2025-04-12,LIM-001,Detergente Bolívar 520g,Limpieza,9,5.0
2025-04-12,LIM-002,Papel higiénico Suave x4,Limpieza,14,6.0
2025-04-12,SNK-001,Galleta Soda Field,Snacks,23,1.0
2025-04-12,SNK-002,Chocolate Sublime,Snacks,10,2.0
2025-04-13,ABA-001,Arroz Costeño 1kg,Abarrotes,16,4.5
2025-04-13,ABA-002,Aceite Primor 1L,Abarrotes,9,9.9
2025-04-13,ABA-003,Atún Florida lata,Abarrotes,16,5.5
2025-04-13,ABA-004,Fideos Don Vittorio 500g,Abarrotes,10,3.2
2025-04-13,BEB-001,Agua Cielo 625ml,Bebidas,23,1.5
2025-04-13,BEB-002,Gaseosa Inca Kola 500ml,Bebidas,17,2.5
2025-04-13,BEB-003,Cerveza Pilsen 355ml,Bebidas,10,4.0
2025-04-13,CUI-001,Jabón Bolívar barra,Cuidado,13,1.8
2025-04-13,LAC-001,Leche Gloria tarro,Lácteos,14,4.2
2025-04-13,LAC-002,Yogurt Gloria 1L,Lácteos,6,6.5
2025-04-13,LIM-001,Detergente Bolívar 520g,Limpieza,4,5.0
2025-04-13,LIM-002,Papel higiénico Suave x4,Limpieza,14,6.0
2025-04-13,SNK-001,Galleta Soda Field,Snacks,21,1.0
2025-04-13,SNK-002,Chocolate Sublime,Snacks,21,2.0
2025-04-14,ABA-001,Arroz Costeño 1kg,Abarrotes,13,4.5
2025-04-14,ABA-002,Aceite Primor 1L,Abarrotes,14,9.9
2025-04-14,ABA-003,Atún Florida lata,Abarrotes,12,5.5
2025-04-14,ABA-004,Fideos Don Vittorio 500g,Abarrotes,12,3.2
2025-04-14,BEB-001,Agua Cielo 625ml,Bebidas,15,1.5
2025-04-14,BEB-002,Gaseosa Inca Kola 500ml,Bebidas,20,2.5
2025-04-14,BEB-003,Cerveza Pilsen 355ml,Bebidas,8,4.0
2025-04-14,CUI-001,Jabón Bolívar barra,Cuidado,5,1.8
2025-04-14,LAC-001,Leche Gloria tarro,Lácteos,12,4.2
2025-04-14,LAC-002,Yogurt Gloria 1L,Lácteos,7,6.5
2025-04-14,LIM-001,Detergente Bolívar 520g,Limpieza,11,5.0
2025-04-14,LIM-002,Papel higiénico Suave x4,Limpieza,5,6.0
2025-04-14,SNK-001,Galleta Soda Field,Snacks,16,1.0
2025-04-14,SNK-002,Chocolate Sublime,Snacks,17,2.0
2025-04-15,ABA-001,Arroz Costeño 1kg,Abarrotes,9,4.5
2025-04-15,ABA-002,Aceite Primor 1L,Abarrotes,5,9.9
2025-04-15,ABA-003,Atún Florida lata,Abarrotes,12,5.5
2025-04-15,ABA-004,Fideos Don Vittorio 500g,Abarrotes,14,3.2
2025-04-15,BEB-001,Agua Cielo 625ml,Bebidas,20,1.5
2025-04-15,BEB-002,Gaseosa Inca Kola 500ml,Bebidas,26,2.5
2025-04-15,BEB-003,Cerveza Pilsen 355ml,Bebidas,7,4.0
2025-04-15,CUI-001,Jabón Bolívar barra,Cuidado,14,1.8
2025-04-15,LAC-001,Leche Gloria tarro,Lácteos,17,4.2
2025-04-15,LAC-002,Yogurt Gloria 1L,Lácteos,3,6.5
2025-04-15,LIM-001,Detergente Bolívar 520g,Limpieza,7,5.0
2025-04-15,LIM-002,Papel higiénico Suave x4,Limpieza,4,6.0
2025-04-15,SNK-001,Galleta Soda Field,Snacks,20,1.0
2025-04-15,SNK-002,Chocolate Sublime,Snacks,13,2.0
2025-04-16,ABA-001,Arroz Costeño 1kg,Abarrotes,10,4.5
2025-04-16,ABA-002,Aceite Primor 1L,Abarrotes,8,9.9
2025-04-16,ABA-003,Atún Florida lata,Abarrotes,11,5.5
2025-04-16,ABA-004,Fideos Don Vittorio 500g,Abarrotes,12,3.2
2025-04-16,BEB-001,Agua Cielo 625ml,Bebidas,12,1.5
2025-04-16,BEB-002,Gaseosa Inca Kola 500ml,Bebidas,27,2.5
2025-04-16,BEB-003,Cerveza Pilsen 355ml,Bebidas,15,4.0
2025-04-16,CUI-001,Jabón Bolívar barra,Cuidado,5,1.8
2025-04-16,LAC-001,Leche Gloria tarro,Lácteos,22,4.2
2025-04-16,LAC-002,Yogurt Gloria 1L,Lácteos,15,6.5
2025-04-16,LIM-001,Detergente Bolívar 520g,Limpieza,3,5.0
2025-04-16,LIM-002,Papel higiénico Suave x4,Limpieza,5,6.0
2025-04-16,SNK-001,Galleta Soda Field,Snacks,9,1.0
2025-04-16,SNK-002,Chocolate Sublime,Snacks,18,2.0
2025-04-17,ABA-001,Arroz Costeño 1kg,Abarrotes,8,4.5
2025-04-17,ABA-002,Aceite Primor 1L,Abarrotes,9,9.9
2025-04-17,ABA-003,Atún Florida lata,Abarrotes,16,5.5
2025-04-17,ABA-004,Fideos Don Vittorio 500g,Abarrotes,17,3.2
2025-04-17,BEB-001,Agua Cielo 625ml,Bebidas,15,1.5
2025-04-17,BEB-002,Gaseosa Inca Kola 500ml,Bebidas,22,2.5
2025-04-17,BEB-003,Cerveza Pilsen 355ml,Bebidas,12,4.0
2025-04-17,CUI-001,Jabón Bolívar barra,Cuidado,11,1.8
2025-04-17,LAC-001,Leche Gloria tarro,Lácteos,12,4.2
2025-04-17,LAC-002,Yogurt Gloria 1L,Lácteos,8,6.5
2025-04-17,LIM-001,Detergente Bolívar 520g,Limpieza,8,5.0
2025-04-17,LIM-002,Papel higiénico Suave x4,Limpieza,8,6.0
2025-04-17,SNK-001,Galleta Soda Field,Snacks,19,1.0
2025-04-17,SNK-002,Chocolate Sublime,Snacks,14,2.0
2025-04-18,ABA-001,Arroz Costeño 1kg,Abarrotes,15,4.5
2025-04-18,ABA-002,Aceite Primor 1L,Abarrotes,10,9.9
2025-04-18,ABA-003,Atún Florida lata,Abarrotes,11,5.5
2025-04-18,ABA-004,Fideos Don Vittorio 500g,Abarrotes,10,3.2
2025-04-18,BEB-001,Agua Cielo 625ml,Bebidas,15,1.5
2025-04-18,BEB-002,Gaseosa Inca Kola 500ml,Bebidas,25,2.5
2025-04-18,BEB-003,Cerveza Pilsen 355ml,Bebidas,18,4.0
2025-04-18,CUI-001,Jabón Bolívar barra,Cuidado,13,1.8
2025-04-18,LAC-001,Leche Gloria tarro,Lácteos,20,4.2
2025-04-18,LAC-002,Yogurt Gloria 1L,Lácteos,4,6.5
2025-04-18,LIM-001,Detergente Bolívar 520g,Limpieza,8,5.0
2025-04-18,LIM-002,Papel higiénico Suave x4,Limpieza,6,6.0
2025-04-18,SNK-001,Galleta Soda Field,Snacks,23,1.0
2025-04-18,SNK-002,Chocolate Sublime,Snacks,14,2.0
2025-04-19,ABA-001,Arroz Costeño 1kg,Abarrotes,8,4.5
2025-04-19,ABA-002,Aceite Primor 1L,Abarrotes,7,9.9
2025-04-19,ABA-003,Atún Florida lata,Abarrotes,16,5.5
2025-04-19,ABA-004,Fideos Don Vittorio 500g,Abarrotes,10,3.2
2025-04-19,BEB-001,Agua Cielo 625ml,Bebidas,22,1.5
2025-04-19,BEB-002,Gaseosa Inca Kola 500ml,Bebidas,26,2.5
2025-04-19,BEB-003,Cerveza Pilsen 355ml,Bebidas,8,4.0
2025-04-19,CUI-001,Jabón Bolívar barra,Cuidado,12,1.8
2025-04-19,LAC-001,Leche Gloria tarro,Lácteos,25,4.2
2025-04-19,LAC-002,Yogurt Gloria 1L,Lácteos,9,6.5
2025-04-19,LIM-001,Detergente Bolívar 520g,Limpieza,6,5.0
2025-04-19,LIM-002,Papel higiénico Suave x4,Limpieza,7,6.0
2025-04-19,SNK-001,Galleta Soda Field,Snacks,20,1.0
2025-04-19,SNK-002,Chocolate Sublime,Snacks,11,2.0
2025-04-20,ABA-001,Arroz Costeño 1kg,Abarrotes,10,4.5
2025-04-20,ABA-002,Aceite Primor 1L,Abarrotes,12,9.9
2025-04-20,ABA-003,Atún Florida lata,Abarrotes,13,5.5
2025-04-20,ABA-004,Fideos Don Vittorio 500g,Abarrotes,13,3.2
2025-04-20,BEB-001,Agua Cielo 625ml,Bebidas,30,1.5
2025-04-20,BEB-002,Gaseosa Inca Kola 500ml,Bebidas,21,2.5
2025-04-20,BEB-003,Cerveza Pilsen 355ml,Bebidas,8,4.0
2025-04-20,CUI-001,Jabón Bolívar barra,Cuidado,10,1.8
2025-04-20,LAC-001,Leche Gloria tarro,Lácteos,16,4.2
2025-04-20,LAC-002,Yogurt Gloria 1L,Lácteos,6,6.5
2025-04-20,LIM-001,Detergente Bolívar 520g,Limpieza,11,5.0
2025-04-20,LIM-002,Papel higiénico Suave x4,Limpieza,15,6.0
2025-04-20,SNK-001,Galleta Soda Field,Snacks,24,1.0
2025-04-20,SNK-002,Chocolate Sublime,Snacks,16,2.0
2025-04-21,ABA-001,Arroz Costeño 1kg,Abarrotes,9,4.5
2025-04-21,ABA-002,Aceite Primor 1L,Abarrotes,1,9.9
2025-04-21,ABA-003,Atún Florida lata,Abarrotes,20,5.5
2025-04-21,ABA-004,Fideos Don Vittorio 500g,Abarrotes,12,3.2
2025-04-21,BEB-001,Agua Cielo 625ml,Bebidas,11,1.5
2025-04-21,BEB-002,Gaseosa Inca Kola 500ml,Bebidas,26,2.5
2025-04-21,BEB-003,Cerveza Pilsen 355ml,Bebidas,12,4.0
2025-04-21,CUI-001,Jabón Bolívar barra,Cuidado,3,1.8
2025-04-21,LAC-001,Leche Gloria tarro,Lácteos,12,4.2
2025-04-21,LAC-002,Yogurt Gloria 1L,Lácteos,7,6.5
2025-04-21,LIM-001,Detergente Bolívar 520g,Limpieza,9,5.0
2025-04-21,LIM-002,Papel higiénico Suave x4,Limpieza,12,6.0
2025-04-21,SNK-001,Galleta Soda Field,Snacks,18,1.0
2025-04-21,SNK-002,Chocolate Sublime,Snacks,15,2.0
2025-04-22,ABA-001,Arroz Costeño 1kg,Abarrotes,17,4.5
2025-04-22,ABA-002,Aceite Primor 1L,Abarrotes,5,9.9
2025-04-22,ABA-003,Atún Florida lata,Abarrotes,11,5.5
2025-04-22,ABA-004,Fideos Don Vittorio 500g,Abarrotes,5,3.2
2025-04-22,BEB-001,Agua Cielo 625ml,Bebidas,8,1.5
2025-04-22,BEB-002,Gaseosa Inca Kola 500ml,Bebidas,15,2.5
2025-04-22,BEB-003,Cerveza Pilsen 355ml,Bebidas,12,4.0
2025-04-22,CUI-001,Jabón Bolívar barra,Cuidado,12,1.8
2025-04-22,LAC-001,Leche Gloria tarro,Lácteos,23,4.2
2025-04-22,LAC-002,Yogurt Gloria 1L,Lácteos,8,6.5
2025-04-22,LIM-001,Detergente Bolívar 520g,Limpieza,4,5.0
2025-04-22,LIM-002,Papel higiénico Suave x4,Limpieza,10,6.0
2025-04-22,SNK-001,Galleta Soda Field,Snacks,19,1.0
2025-04-22,SNK-002,Chocolate Sublime,Snacks,15,2.0
2025-04-23,ABA-001,Arroz Costeño 1kg,Abarrotes,9,4.5
2025-04-23,ABA-002,Aceite Primor 1L,Abarrotes,10,9.9
2025-04-23,ABA-003,Atún Florida lata,Abarrotes,9,5.5
2025-04-23,ABA-004,Fideos Don Vittorio 500g,Abarrotes,13,3.2
2025-04-23,BEB-001,Agua Cielo 625ml,Bebidas,16,1.5
2025-04-23,BEB-002,Gaseosa Inca Kola 500ml,Bebidas,25,2.5
2025-04-23,BEB-003,Cerveza Pilsen 355ml,Bebidas,9,4.0
2025-04-23,CUI-001,Jabón Bolívar barra,Cuidado,9,1.8
2025-04-23,LAC-001,Leche Gloria tarro,Lácteos,15,4.2
2025-04-23,LAC-002,Yogurt Gloria 1L,Lácteos,7,6.5
2025-04-23,LIM-001,Detergente Bolívar 520g,Limpieza,5,5.0
2025-04-23,LIM-002,Papel higiénico Suave x4,Limpieza,10,6.0
2025-04-23,SNK-001,Galleta Soda Field,Snacks,25,1.0
2025-04-23,SNK-002,Chocolate Sublime,Snacks,23,2.0
2025-04-24,ABA-001,Arroz Costeño 1kg,Abarrotes,13,4.5
2025-04-24,ABA-002,Aceite Primor 1L,Abarrotes,13,9.9
2025-04-24,ABA-003,Atún Florida lata,Abarrotes,9,5.5
2025-04-24,ABA-004,Fideos Don Vittorio 500g,Abarrotes,11,3.2
2025-04-24,BEB-001,Agua Cielo 625ml,Bebidas,23,1.5
2025-04-24,BEB-002,Gaseosa Inca Kola 500ml,Bebidas,34,2.5
2025-04-24,BEB-003,Cerveza Pilsen 355ml,Bebidas,11,4.0
2025-04-24,CUI-001,Jabón Bolívar barra,Cuidado,8,1.8
2025-04-24,LAC-001,Leche Gloria tarro,Lácteos,19,4.2
2025-04-24,LAC-002,Yogurt Gloria 1L,Lácteos,7,6.5
2025-04-24,LIM-001,Detergente Bolívar 520g,Limpieza,3,5.0
2025-04-24,LIM-002,Papel higiénico Suave x4,Limpieza,13,6.0
2025-04-24,SNK-001,Galleta Soda Field,Snacks,20,1.0
2025-04-24,SNK-002,Chocolate Sublime,Snacks,16,2.0
2025-04-25,ABA-001,Arroz Costeño 1kg,Abarrotes,8,4.5
2025-04-25,ABA-002,Aceite Primor 1L,Abarrotes,11,9.9
2025-04-25,ABA-003,Atún Florida lata,Abarrotes,13,5.5
2025-04-25,ABA-004,Fideos Don Vittorio 500g,Abarrotes,18,3.2
2025-04-25,BEB-001,Agua Cielo 625ml,Bebidas,15,1.5
2025-04-25,BEB-002,Gaseosa Inca Kola 500ml,Bebidas,22,2.5
2025-04-25,BEB-003,Cerveza Pilsen 355ml,Bebidas,17,4.0
2025-04-25,CUI-001,Jabón Bolívar barra,Cuidado,11,1.8
2025-04-25,LAC-001,Leche Gloria tarro,Lácteos,15,4.2
2025-04-25,LAC-002,Yogurt Gloria 1L,Lácteos,6,6.5
2025-04-25,LIM-001,Detergente Bolívar 520g,Limpieza,9,5.0
2025-04-25,LIM-002,Papel higiénico Suave x4,Limpieza,16,6.0
2025-04-25,SNK-001,Galleta Soda Field,Snacks,13,1.0
2025-04-25,SNK-002,Chocolate Sublime,Snacks,16,2.0
2025-04-26,ABA-001,Arroz Costeño 1kg,Abarrotes,12,4.5
2025-04-26,ABA-002,Aceite Primor 1L,Abarrotes,7,9.9
2025-04-26,ABA-003,Atún Florida lata,Abarrotes,11,5.5
2025-04-26,ABA-004,Fideos Don Vittorio 500g,Abarrotes,10,3.2
2025-04-26,BEB-001,Agua Cielo 625ml,Bebidas,25,1.5
2025-04-26,BEB-002,Gaseosa Inca Kola 500ml,Bebidas,26,2.5
2025-04-26,BEB-003,Cerveza Pilsen 355ml,Bebidas,15,4.0
2025-04-26,CUI-001,Jabón Bolívar barra,Cuidado,11,1.8
2025-04-26,LAC-001,Leche Gloria tarro,Lácteos,17,4.2
2025-04-26,LAC-002,Yogurt Gloria 1L,Lácteos,6,6.5
2025-04-26,LIM-001,Detergente Bolívar 520g,Limpieza,12,5.0
2025-04-26,LIM-002,Papel higiénico Suave x4,Limpieza,9,6.0
2025-04-26,SNK-001,Galleta Soda Field,Snacks,28,1.0
2025-04-26,SNK-002,Chocolate Sublime,Snacks,16,2.0
2025-04-27,ABA-001,Arroz Costeño 1kg,Abarrotes,14,4.5
2025-04-27,ABA-002,Aceite Primor 1L,Abarrotes,10,9.9
2025-04-27,ABA-003,Atún Florida lata,Abarrotes,17,5.5
2025-04-27,ABA-004,Fideos Don Vittorio 500g,Abarrotes,14,3.2
2025-04-27,BEB-001,Agua Cielo 625ml,Bebidas,24,1.5
2025-04-27,BEB-002,Gaseosa Inca Kola 500ml,Bebidas,26,2.5
2025-04-27,BEB-003,Cerveza Pilsen 355ml,Bebidas,18,4.0
2025-04-27,CUI-001,Jabón Bolívar barra,Cuidado,9,1.8
2025-04-27,LAC-001,Leche Gloria tarro,Lácteos,20,4.2
2025-04-27,LAC-002,Yogurt Gloria 1L,Lácteos,7,6.5
2025-04-27,LIM-001,Detergente Bolívar 520g,Limpieza,12,5.0
2025-04-27,LIM-002,Papel higiénico Suave x4,Limpieza,13,6.0
2025-04-27,SNK-001,Galleta Soda Field,Snacks,17,1.0
2025-04-27,SNK-002,Chocolate Sublime,Snacks,13,2.0
2025-04-28,ABA-001,Arroz Costeño 1kg,Abarrotes,9,4.5
2025-04-28,ABA-002,Aceite Primor 1L,Abarrotes,10,9.9
2025-04-28,ABA-003,Atún Florida lata,Abarrotes,12,5.5
2025-04-28,ABA-004,Fideos Don Vittorio 500g,Abarrotes,13,3.2
2025-04-28,BEB-001,Agua Cielo 625ml,Bebidas,22,1.5
2025-04-28,BEB-002,Gaseosa Inca Kola 500ml,Bebidas,30,2.5
2025-04-28,BEB-003,Cerveza Pilsen 355ml,Bebidas,13,4.0
2025-04-28,CUI-001,Jabón Bolívar barra,Cuidado,5,1.8
2025-04-28,LAC-001,Leche Gloria tarro,Lácteos,24,4.2
2025-04-28,LAC-002,Yogurt Gloria 1L,Lácteos,9,6.5
2025-04-28,LIM-001,Detergente Bolívar 520g,Limpieza,5,5.0
2025-04-28,LIM-002,Papel higiénico Suave x4,Limpieza,11,6.0
2025-04-28,SNK-001,Galleta Soda Field,Snacks,23,1.0
2025-04-28,SNK-002,Chocolate Sublime,Snacks,19,2.0
2025-04-29,ABA-001,Arroz Costeño 1kg,Abarrotes,18,4.5
2025-04-29,ABA-002,Aceite Primor 1L,Abarrotes,8,9.9
2025-04-29,ABA-003,Atún Florida lata,Abarrotes,15,5.5
2025-04-29,ABA-004,Fideos Don Vittorio 500g,Abarrotes,14,3.2
2025-04-29,BEB-001,Agua Cielo 625ml,Bebidas,16,1.5
2025-04-29,BEB-002,Gaseosa Inca Kola 500ml,Bebidas,19,2.5
2025-04-29,BEB-003,Cerveza Pilsen 355ml,Bebidas,9,4.0
2025-04-29,CUI-001,Jabón Bolívar barra,Cuidado,10,1.8
2025-04-29,LAC-001,Leche Gloria tarro,Lácteos,17,4.2
2025-04-29,LAC-002,Yogurt Gloria 1L,Lácteos,7,6.5
2025-04-29,LIM-001,Detergente Bolívar 520g,Limpieza,7,5.0
2025-04-29,LIM-002,Papel higiénico Suave x4,Limpieza,11,6.0
2025-04-29,SNK-001,Galleta Soda Field,Snacks,22,1.0
2025-04-29,SNK-002,Chocolate Sublime,Snacks,16,2.0
2025-04-30,ABA-001,Arroz Costeño 1kg,Abarrotes,12,4.5
2025-04-30,ABA-002,Aceite Primor 1L,Abarrotes,6,9.9
2025-04-30,ABA-003,Atún Florida lata,Abarrotes,9,5.5
2025-04-30,ABA-004,Fideos Don Vittorio 500g,Abarrotes,10,3.2
2025-04-30,BEB-001,Agua Cielo 625ml,Bebidas,23,1.5
2025-04-30,BEB-002,Gaseosa Inca Kola 500ml,Bebidas,25,2.5
2025-04-30,BEB-003,Cerveza Pilsen 355ml,Bebidas,13,4.0
2025-04-30,CUI-001,Jabón Bolívar barra,Cuidado,8,1.8
2025-04-30,LAC-001,Leche Gloria tarro,Lácteos,17,4.2
2025-04-30,LAC-002,Yogurt Gloria 1L,Lácteos,10,6.5
2025-04-30,LIM-001,Detergente Bolívar 520g,Limpieza,4,5.0
2025-04-30,LIM-002,Papel higiénico Suave x4,Limpieza,12,6.0
2025-04-30,SNK-001,Galleta Soda Field,Snacks,14,1.0
2025-04-30,SNK-002,Chocolate Sublime,Snacks,16,2.0
2025-05-01,ABA-001,Arroz Costeño 1kg,Abarrotes,10,4.5
2025-05-01,ABA-002,Aceite Primor 1L,Abarrotes,8,9.9
2025-05-01,ABA-003,Atún Florida lata,Abarrotes,11,5.5
2025-05-01,ABA-004,Fideos Don Vittorio 500g,Abarrotes,19,3.2
2025-05-01,BEB-001,Agua Cielo 625ml,Bebidas,13,1.5
2025-05-01,BEB-002,Gaseosa Inca Kola 500ml,Bebidas,25,2.5
2025-05-01,BEB-003,Cerveza Pilsen 355ml,Bebidas,5,4.0
2025-05-01,CUI-001,Jabón Bolívar barra,Cuidado,7,1.8
2025-05-01,LAC-001,Leche Gloria tarro,Lácteos,15,4.2
2025-05-01,LAC-002,Yogurt Gloria 1L,Lácteos,1,6.5
2025-05-01,LIM-001,Detergente Bolívar 520g,Limpieza,5,5.0
2025-05-01,LIM-002,Papel higiénico Suave x4,Limpieza,9,6.0
2025-05-01,SNK-001,Galleta Soda Field,Snacks,17,1.0
2025-05-01,SNK-002,Chocolate Sublime,Snacks,17,2.0
2025-05-02,ABA-001,Arroz Costeño 1kg,Abarrotes,13,4.5
2025-05-02,ABA-002,Aceite Primor 1L,Abarrotes,16,9.9
2025-05-02,ABA-003,Atún Florida lata,Abarrotes,10,5.5
2025-05-02,ABA-004,Fideos Don Vittorio 500g,Abarrotes,11,3.2
2025-05-02,BEB-001,Agua Cielo 625ml,Bebidas,13,1.5
2025-05-02,BEB-002,Gaseosa Inca Kola 500ml,Bebidas,32,2.5
2025-05-02,BEB-003,Cerveza Pilsen 355ml,Bebidas,10,4.0
2025-05-02,CUI-001,Jabón Bolívar barra,Cuidado,10,1.8
2025-05-02,LAC-001,Leche Gloria tarro,Lácteos,17,4.2
2025-05-02,LAC-002,Yogurt Gloria 1L,Lácteos,7,6.5
2025-05-02,LIM-001,Detergente Bolívar 520g,Limpieza,4,5.0
2025-05-02,LIM-002,Papel higiénico Suave x4,Limpieza,6,6.0
2025-05-02,SNK-001,Galleta Soda Field,Snacks,18,1.0
2025-05-02,SNK-002,Chocolate Sublime,Snacks,18,2.0
2025-05-03,ABA-001,Arroz Costeño 1kg,Abarrotes,15,4.5
2025-05-03,ABA-002,Aceite Primor 1L,Abarrotes,4,9.9
2025-05-03,ABA-003,Atún Florida lata,Abarrotes,14,5.5
2025-05-03,ABA-004,Fideos Don Vittorio 500g,Abarrotes,18,3.2
2025-05-03,BEB-001,Agua Cielo 625ml,Bebidas,20,1.5
2025-05-03,BEB-002,Gaseosa Inca Kola 500ml,Bebidas,27,2.5
2025-05-03,BEB-003,Cerveza Pilsen 355ml,Bebidas,7,4.0
2025-05-03,CUI-001,Jabón Bolívar barra,Cuidado,12,1.8
2025-05-03,LAC-001,Leche Gloria tarro,Lácteos,18,4.2
2025-05-03,LAC-002,Yogurt Gloria 1L,Lácteos,18,6.5
2025-05-03,LIM-001,Detergente Bolívar 520g,Limpieza,3,5.0
2025-05-03,LIM-002,Papel higiénico Suave x4,Limpieza,5,6.0
2025-05-03,SNK-001,Galleta Soda Field,Snacks,31,1.0
2025-05-03,SNK-002,Chocolate Sublime,Snacks,24,2.0
2025-05-04,ABA-001,Arroz Costeño 1kg,Abarrotes,12,4.5
2025-05-04,ABA-002,Aceite Primor 1L,Abarrotes,11,9.9
2025-05-04,ABA-003,Atún Florida lata,Abarrotes,8,5.5
2025-05-04,ABA-004,Fideos Don Vittorio 500g,Abarrotes,12,3.2
2025-05-04,BEB-001,Agua Cielo 625ml,Bebidas,23,1.5
2025-05-04,BEB-002,Gaseosa Inca Kola 500ml,Bebidas,16,2.5
2025-05-04,BEB-003,Cerveza Pilsen 355ml,Bebidas,15,4.0
2025-05-04,CUI-001,Jabón Bolívar barra,Cuidado,4,1.8
2025-05-04,LAC-001,Leche Gloria tarro,Lácteos,28,4.2
2025-05-04,LAC-002,Yogurt Gloria 1L,Lácteos,7,6.5
2025-05-04,LIM-001,Detergente Bolívar 520g,Limpieza,4,5.0
2025-05-04,LIM-002,Papel higiénico Suave x4,Limpieza,5,6.0
2025-05-04,SNK-001,Galleta Soda Field,Snacks,21,1.0
2025-05-04,SNK-002,Chocolate Sublime,Snacks,20,2.0
2025-05-05,ABA-001,Arroz Costeño 1kg,Abarrotes,10,4.5
2025-05-05,ABA-002,Aceite Primor 1L,Abarrotes,4,9.9
2025-05-05,ABA-003,Atún Florida lata,Abarrotes,7,5.5
2025-05-05,ABA-004,Fideos Don Vittorio 500g,Abarrotes,13,3.2
2025-05-05,BEB-001,Agua Cielo 625ml,Bebidas,18,1.5
2025-05-05,BEB-002,Gaseosa Inca Kola 500ml,Bebidas,27,2.5
2025-05-05,BEB-003,Cerveza Pilsen 355ml,Bebidas,5,4.0
2025-05-05,CUI-001,Jabón Bolívar barra,Cuidado,9,1.8
2025-05-05,LAC-001,Leche Gloria tarro,Lácteos,18,4.2
2025-05-05,LAC-002,Yogurt Gloria 1L,Lácteos,7,6.5
2025-05-05,LIM-001,Detergente Bolívar 520g,Limpieza,4,5.0
2025-05-05,LIM-002,Papel higiénico Suave x4,Limpieza,11,6.0
2025-05-05,SNK-001,Galleta Soda Field,Snacks,21,1.0
2025-05-05,SNK-002,Chocolate Sublime,Snacks,18,2.0
2025-05-06,ABA-001,Arroz Costeño 1kg,Abarrotes,14,4.5
2025-05-06,ABA-002,Aceite Primor 1L,Abarrotes,5,9.9
2025-05-06,ABA-003,Atún Florida lata,Abarrotes,9,5.5
2025-05-06,ABA-004,Fideos Don Vittorio 500g,Abarrotes,14,3.2
2025-05-06,BEB-001,Agua Cielo 625ml,Bebidas,18,1.5
2025-05-06,BEB-002,Gaseosa Inca Kola 500ml,Bebidas,24,2.5
2025-05-06,BEB-003,Cerveza Pilsen 355ml,Bebidas,16,4.0
2025-05-06,CUI-001,Jabón Bolívar barra,Cuidado,5,1.8
2025-05-06,LAC-001,Leche Gloria tarro,Lácteos,16,4.2
2025-05-06,LAC-002,Yogurt Gloria 1L,Lácteos,3,6.5
2025-05-06,LIM-001,Detergente Bolívar 520g,Limpieza,8,5.0
2025-05-06,LIM-002,Papel higiénico Suave x4,Limpieza,5,6.0
2025-05-06,SNK-001,Galleta Soda Field,Snacks,17,1.0
2025-05-06,SNK-002,Chocolate Sublime,Snacks,24,2.0
2025-05-07,ABA-001,Arroz Costeño 1kg,Abarrotes,20,4.5
2025-05-07,ABA-002,Aceite Primor 1L,Abarrotes,10,9.9
2025-05-07,ABA-003,Atún Florida lata,Abarrotes,10,5.5
2025-05-07,ABA-004,Fideos Don Vittorio 500g,Abarrotes,9,3.2
2025-05-07,BEB-001,Agua Cielo 625ml,Bebidas,15,1.5
2025-05-07,BEB-002,Gaseosa Inca Kola 500ml,Bebidas,13,2.5
2025-05-07,BEB-003,Cerveza Pilsen 355ml,Bebidas,12,4.0
2025-05-07,CUI-001,Jabón Bolívar barra,Cuidado,8,1.8
2025-05-07,LAC-001,Leche Gloria tarro,Lácteos,13,4.2
2025-05-07,LAC-002,Yogurt Gloria 1L,Lácteos,6,6.5
2025-05-07,LIM-001,Detergente Bolívar 520g,Limpieza,5,5.0
2025-05-07,LIM-002,Papel higiénico Suave x4,Limpieza,9,6.0
2025-05-07,SNK-001,Galleta Soda Field,Snacks,27,1.0
2025-05-07,SNK-002,Chocolate Sublime,Snacks,29,2.0
2025-05-08,ABA-001,Arroz Costeño 1kg,Abarrotes,14,4.5
2025-05-08,ABA-002,Aceite Primor 1L,Abarrotes,12,9.9
2025-05-08,ABA-003,Atún Florida lata,Abarrotes,9,5.5
2025-05-08,ABA-004,Fideos Don Vittorio 500g,Abarrotes,18,3.2
2025-05-08,BEB-001,Agua Cielo 625ml,Bebidas,13,1.5
2025-05-08,BEB-002,Gaseosa Inca Kola 500ml,Bebidas,22,2.5
2025-05-08,BEB-003,Cerveza Pilsen 355ml,Bebidas,11,4.0
2025-05-08,CUI-001,Jabón Bolívar barra,Cuidado,9,1.8
2025-05-08,LAC-001,Leche Gloria tarro,Lácteos,21,4.2
2025-05-08,LAC-002,Yogurt Gloria 1L,Lácteos,5,6.5
2025-05-08,LIM-001,Detergente Bolívar 520g,Limpieza,3,5.0
2025-05-08,LIM-002,Papel higiénico Suave x4,Limpieza,15,6.0
2025-05-08,SNK-001,Galleta Soda Field,Snacks,27,1.0
2025-05-08,SNK-002,Chocolate Sublime,Snacks,14,2.0
2025-05-09,ABA-001,Arroz Costeño 1kg,Abarrotes,13,4.5
2025-05-09,ABA-002,Aceite Primor 1L,Abarrotes,8,9.9
2025-05-09,ABA-003,Atún Florida lata,Abarrotes,11,5.5
2025-05-09,ABA-004,Fideos Don Vittorio 500g,Abarrotes,12,3.2
2025-05-09,BEB-001,Agua Cielo 625ml,Bebidas,21,1.5
2025-05-09,BEB-002,Gaseosa Inca Kola 500ml,Bebidas,15,2.5
2025-05-09,BEB-003,Cerveza Pilsen 355ml,Bebidas,11,4.0
2025-05-09,CUI-001,Jabón Bolívar barra,Cuidado,6,1.8
2025-05-09,LAC-001,Leche Gloria tarro,Lácteos,18,4.2
2025-05-09,LAC-002,Yogurt Gloria 1L,Lácteos,6,6.5
2025-05-09,LIM-001,Detergente Bolívar 520g,Limpieza,11,5.0
2025-05-09,LIM-002,Papel higiénico Suave x4,Limpieza,6,6.0
2025-05-09,SNK-001,Galleta Soda Field,Snacks,27,1.0
2025-05-09,SNK-002,Chocolate Sublime,Snacks,20,2.0
2025-05-10,ABA-001,Arroz Costeño 1kg,Abarrotes,12,4.5
2025-05-10,ABA-002,Aceite Primor 1L,Abarrotes,6,9.9
2025-05-10,ABA-003,Atún Florida lata,Abarrotes,14,5.5
2025-05-10,ABA-004,Fideos Don Vittorio 500g,Abarrotes,11,3.2
2025-05-10,BEB-001,Agua Cielo 625ml,Bebidas,16,1.5
2025-05-10,BEB-002,Gaseosa Inca Kola 500ml,Bebidas,14,2.5
2025-05-10,BEB-003,Cerveza Pilsen 355ml,Bebidas,14,4.0
2025-05-10,CUI-001,Jabón Bolívar barra,Cuidado,5,1.8
2025-05-10,LAC-001,Leche Gloria tarro,Lácteos,22,4.2
2025-05-10,LAC-002,Yogurt Gloria 1L,Lácteos,5,6.5
2025-05-10,LIM-001,Detergente Bolívar 520g,Limpieza,9,5.0
2025-05-10,LIM-002,Papel higiénico Suave x4,Limpieza,12,6.0
2025-05-10,SNK-001,Galleta Soda Field,Snacks,21,1.0
2025-05-10,SNK-002,Chocolate Sublime,Snacks,28,2.0
2025-05-11,ABA-001,Arroz Costeño 1kg,Abarrotes,16,4.5
2025-05-11,ABA-002,Aceite Primor 1L,Abarrotes,16,9.9
2025-05-11,ABA-003,Atún Florida lata,Abarrotes,9,5.5
2025-05-11,ABA-004,Fideos Don Vittorio 500g,Abarrotes,19,3.2
2025-05-11,BEB-001,Agua Cielo 625ml,Bebidas,14,1.5
2025-05-11,BEB-002,Gaseosa Inca Kola 500ml,Bebidas,20,2.5
2025-05-11,BEB-003,Cerveza Pilsen 355ml,Bebidas,17,4.0
2025-05-11,CUI-001,Jabón Bolívar barra,Cuidado,10,1.8
2025-05-11,LAC-001,Leche Gloria tarro,Lácteos,23,4.2
2025-05-11,LAC-002,Yogurt Gloria 1L,Lácteos,6,6.5
2025-05-11,LIM-001,Detergente Bolívar 520g,Limpieza,7,5.0
2025-05-11,LIM-002,Papel higiénico Suave x4,Limpieza,12,6.0
2025-05-11,SNK-001,Galleta Soda Field,Snacks,26,1.0
2025-05-11,SNK-002,Chocolate Sublime,Snacks,19,2.0
2025-05-12,ABA-001,Arroz Costeño 1kg,Abarrotes,9,4.5
2025-05-12,ABA-002,Aceite Primor 1L,Abarrotes,10,9.9
2025-05-12,ABA-003,Atún Florida lata,Abarrotes,17,5.5
2025-05-12,ABA-004,Fideos Don Vittorio 500g,Abarrotes,19,3.2
2025-05-12,BEB-001,Agua Cielo 625ml,Bebidas,12,1.5
2025-05-12,BEB-002,Gaseosa Inca Kola 500ml,Bebidas,17,2.5
2025-05-12,BEB-003,Cerveza Pilsen 355ml,Bebidas,10,4.0
2025-05-12,CUI-001,Jabón Bolívar barra,Cuidado,9,1.8
2025-05-12,LAC-001,Leche Gloria tarro,Lácteos,23,4.2
2025-05-12,LAC-002,Yogurt Gloria 1L,Lácteos,10,6.5
2025-05-12,LIM-001,Detergente Bolívar 520g,Limpieza,3,5.0
2025-05-12,LIM-002,Papel higiénico Suave x4,Limpieza,8,6.0
2025-05-12,SNK-001,Galleta Soda Field,Snacks,14,1.0
2025-05-12,SNK-002,Chocolate Sublime,Snacks,17,2.0
2025-05-13,ABA-001,Arroz Costeño 1kg,Abarrotes,11,4.5
2025-05-13,ABA-002,Aceite Primor 1L,Abarrotes,11,9.9
2025-05-13,ABA-003,Atún Florida lata,Abarrotes,10,5.5
2025-05-13,ABA-004,Fideos Don Vittorio 500g,Abarrotes,23,3.2
2025-05-13,BEB-001,Agua Cielo 625ml,Bebidas,16,1.5
2025-05-13,BEB-002,Gaseosa Inca Kola 500ml,Bebidas,18,2.5
2025-05-13,BEB-003,Cerveza Pilsen 355ml,Bebidas,8,4.0
2025-05-13,CUI-001,Jabón Bolívar barra,Cuidado,10,1.8
2025-05-13,LAC-001,Leche Gloria tarro,Lácteos,12,4.2
2025-05-13,LAC-002,Yogurt Gloria 1L,Lácteos,3,6.5
2025-05-13,LIM-001,Detergente Bolívar 520g,Limpieza,1,5.0
2025-05-13,LIM-002,Papel higiénico Suave x4,Limpieza,10,6.0
2025-05-13,SNK-001,Galleta Soda Field,Snacks,26,1.0
2025-05-13,SNK-002,Chocolate Sublime,Snacks,22,2.0
2025-05-14,ABA-001,Arroz Costeño 1kg,Abarrotes,13,4.5
2025-05-14,ABA-002,Aceite Primor 1L,Abarrotes,15,9.9
2025-05-14,ABA-003,Atún Florida lata,Abarrotes,4,5.5
2025-05-14,ABA-004,Fideos Don Vittorio 500g,Abarrotes,19,3.2
2025-05-14,BEB-001,Agua Cielo 625ml,Bebidas,19,1.5
2025-05-14,BEB-002,Gaseosa Inca Kola 500ml,Bebidas,21,2.5
2025-05-14,BEB-003,Cerveza Pilsen 355ml,Bebidas,11,4.0
2025-05-14,CUI-001,Jabón Bolívar barra,Cuidado,8,1.8
2025-05-14,LAC-001,Leche Gloria tarro,Lácteos,19,4.2
2025-05-14,LAC-002,Yogurt Gloria 1L,Lácteos,2,6.5
2025-05-14,LIM-001,Detergente Bolívar 520g,Limpieza,1,5.0
2025-05-14,LIM-002,Papel higiénico Suave x4,Limpieza,12,6.0
2025-05-14,SNK-001,Galleta Soda Field,Snacks,21,1.0
2025-05-14,SNK-002,Chocolate Sublime,Snacks,21,2.0
2025-05-15,ABA-001,Arroz Costeño 1kg,Abarrotes,13,4.5
2025-05-15,ABA-002,Aceite Primor 1L,Abarrotes,7,9.9
2025-05-15,ABA-003,Atún Florida lata,Abarrotes,6,5.5
2025-05-15,ABA-004,Fideos Don Vittorio 500g,Abarrotes,10,3.2
2025-05-15,BEB-001,Agua Cielo 625ml,Bebidas,20,1.5
2025-05-15,BEB-002,Gaseosa Inca Kola 500ml,Bebidas,22,2.5
2025-05-15,BEB-003,Cerveza Pilsen 355ml,Bebidas,6,4.0
2025-05-15,CUI-001,Jabón Bolívar barra,Cuidado,5,1.8
2025-05-15,LAC-001,Leche Gloria tarro,Lácteos,27,4.2
2025-05-15,LAC-002,Yogurt Gloria 1L,Lácteos,5,6.5
2025-05-15,LIM-001,Detergente Bolívar 520g,Limpieza,3,5.0
2025-05-15,LIM-002,Papel higiénico Suave x4,Limpieza,6,6.0
2025-05-15,SNK-001,Galleta Soda Field,Snacks,16,1.0
2025-05-15,SNK-002,Chocolate Sublime,Snacks,17,2.0
2025-05-16,ABA-001,Arroz Costeño 1kg,Abarrotes,9,4.5
2025-05-16,ABA-002,Aceite Primor 1L,Abarrotes,8,9.9
2025-05-16,ABA-003,Atún Florida lata,Abarrotes,10,5.5
2025-05-16,ABA-004,Fideos Don Vittorio 500g,Abarrotes,14,3.2
2025-05-16,BEB-001,Agua Cielo 625ml,Bebidas,13,1.5
2025-05-16,BEB-002,Gaseosa Inca Kola 500ml,Bebidas,24,2.5
2025-05-16,BEB-003,Cerveza Pilsen 355ml,Bebidas,9,4.0
2025-05-16,CUI-001,Jabón Bolívar barra,Cuidado,8,1.8
2025-05-16,LAC-001,Leche Gloria tarro,Lácteos,21,4.2
2025-05-16,LAC-002,Yogurt Gloria 1L,Lácteos,7,6.5
2025-05-16,LIM-001,Detergente Bolívar 520g,Limpieza,5,5.0
2025-05-16,LIM-002,Papel higiénico Suave x4,Limpieza,11,6.0
2025-05-16,SNK-001,Galleta Soda Field,Snacks,21,1.0
2025-05-16,SNK-002,Chocolate Sublime,Snacks,16,2.0
2025-05-17,ABA-001,Arroz Costeño 1kg,Abarrotes,13,4.5
2025-05-17,ABA-002,Aceite Primor 1L,Abarrotes,8,9.9
2025-05-17,ABA-003,Atún Florida lata,Abarrotes,8,5.5
2025-05-17,ABA-004,Fideos Don Vittorio 500g,Abarrotes,11,3.2
2025-05-17,BEB-001,Agua Cielo 625ml,Bebidas,14,1.5
2025-05-17,BEB-002,Gaseosa Inca Kola 500ml,Bebidas,23,2.5
2025-05-17,BEB-003,Cerveza Pilsen 355ml,Bebidas,14,4.0
2025-05-17,CUI-001,Jabón Bolívar barra,Cuidado,7,1.8
2025-05-17,LAC-001,Leche Gloria tarro,Lácteos,31,4.2
2025-05-17,LAC-002,Yogurt Gloria 1L,Lácteos,9,6.5
2025-05-17,LIM-001,Detergente Bolívar 520g,Limpieza,9,5.0
2025-05-17,LIM-002,Papel higiénico Suave x4,Limpieza,10,6.0
2025-05-17,SNK-001,Galleta Soda Field,Snacks,34,1.0
2025-05-17,SNK-002,Chocolate Sublime,Snacks,14,2.0
2025-05-18,ABA-001,Arroz Costeño 1kg,Abarrotes,17,4.5
2025-05-18,ABA-002,Aceite Primor 1L,Abarrotes,14,9.9
2025-05-18,ABA-003,Atún Florida lata,Abarrotes,10,5.5
2025-05-18,ABA-004,Fideos Don Vittorio 500g,Abarrotes,20,3.2
2025-05-18,BEB-001,Agua Cielo 625ml,Bebidas,16,1.5
2025-05-18,BEB-002,Gaseosa Inca Kola 500ml,Bebidas,17,2.5
2025-05-18,BEB-003,Cerveza Pilsen 355ml,Bebidas,14,4.0
2025-05-18,CUI-001,Jabón Bolívar barra,Cuidado,7,1.8
2025-05-18,LAC-001,Leche Gloria tarro,Lácteos,27,4.2
2025-05-18,LAC-002,Yogurt Gloria 1L,Lácteos,10,6.5
2025-05-18,LIM-001,Detergente Bolívar 520g,Limpieza,5,5.0
2025-05-18,LIM-002,Papel higiénico Suave x4,Limpieza,13,6.0
2025-05-18,SNK-001,Galleta Soda Field,Snacks,37,1.0
2025-05-18,SNK-002,Chocolate Sublime,Snacks,19,2.0
2025-05-19,ABA-001,Arroz Costeño 1kg,Abarrotes,13,4.5
2025-05-19,ABA-002,Aceite Primor 1L,Abarrotes,8,9.9
2025-05-19,ABA-003,Atún Florida lata,Abarrotes,8,5.5
2025-05-19,ABA-004,Fideos Don Vittorio 500g,Abarrotes,12,3.2
2025-05-19,BEB-001,Agua Cielo 625ml,Bebidas,9,1.5
2025-05-19,BEB-002,Gaseosa Inca Kola 500ml,Bebidas,21,2.5
2025-05-19,BEB-003,Cerveza Pilsen 355ml,Bebidas,8,4.0
2025-05-19,CUI-001,Jabón Bolívar barra,Cuidado,12,1.8
2025-05-19,LAC-001,Leche Gloria tarro,Lácteos,17,4.2
2025-05-19,LAC-002,Yogurt Gloria 1L,Lácteos,7,6.5
2025-05-19,LIM-001,Detergente Bolívar 520g,Limpieza,3,5.0
2025-05-19,LIM-002,Papel higiénico Suave x4,Limpieza,12,6.0
2025-05-19,SNK-001,Galleta Soda Field,Snacks,32,1.0
2025-05-19,SNK-002,Chocolate Sublime,Snacks,19,2.0
2025-05-20,ABA-001,Arroz Costeño 1kg,Abarrotes,14,4.5
2025-05-20,ABA-002,Aceite Primor 1L,Abarrotes,10,9.9
2025-05-20,ABA-003,Atún Florida lata,Abarrotes,7,5.5
2025-05-20,ABA-004,Fideos Don Vittorio 500g,Abarrotes,16,3.2
2025-05-20,BEB-001,Agua Cielo 625ml,Bebidas,23,1.5
2025-05-20,BEB-002,Gaseosa Inca Kola 500ml,Bebidas,21,2.5
2025-05-20,BEB-003,Cerveza Pilsen 355ml,Bebidas,10,4.0
2025-05-20,CUI-001,Jabón Bolívar barra,Cuidado,3,1.8
2025-05-20,LAC-001,Leche Gloria tarro,Lácteos,16,4.2
2025-05-20,LAC-002,Yogurt Gloria 1L,Lácteos,7,6.5
2025-05-20,LIM-001,Detergente Bolívar 520g,Limpieza,5,5.0
2025-05-20,LIM-002,Papel higiénico Suave x4,Limpieza,9,6.0
2025-05-20,SNK-001,Galleta Soda Field,Snacks,25,1.0
2025-05-20,SNK-002,Chocolate Sublime,Snacks,18,2.0
2025-05-21,ABA-001,Arroz Costeño 1kg,Abarrotes,11,4.5
2025-05-21,ABA-002,Aceite Primor 1L,Abarrotes,12,9.9
2025-05-21,ABA-003,Atún Florida lata,Abarrotes,9,5.5
2025-05-21,ABA-004,Fideos Don Vittorio 500g,Abarrotes,19,3.2
2025-05-21,BEB-001,Agua Cielo 625ml,Bebidas,15,1.5
2025-05-21,BEB-002,Gaseosa Inca Kola 500ml,Bebidas,18,2.5
2025-05-21,BEB-003,Cerveza Pilsen 355ml,Bebidas,16,4.0
2025-05-21,CUI-001,Jabón Bolívar barra,Cuidado,6,1.8
2025-05-21,LAC-001,Leche Gloria tarro,Lácteos,18,4.2
2025-05-21,LAC-002,Yogurt Gloria 1L,Lácteos,7,6.5
2025-05-21,LIM-001,Detergente Bolívar 520g,Limpieza,2,5.0
2025-05-21,LIM-002,Papel higiénico Suave x4,Limpieza,7,6.0
2025-05-21,SNK-001,Galleta Soda Field,Snacks,28,1.0
2025-05-21,SNK-002,Chocolate Sublime,Snacks,25,2.0
2025-05-22,ABA-001,Arroz Costeño 1kg,Abarrotes,11,4.5
2025-05-22,ABA-002,Aceite Primor 1L,Abarrotes,6,9.9
2025-05-22,ABA-003,Atún Florida lata,Abarrotes,8,5.5
2025-05-22,ABA-004,Fideos Don Vittorio 500g,Abarrotes,21,3.2
2025-05-22,BEB-001,Agua Cielo 625ml,Bebidas,25,1.5
2025-05-22,BEB-002,Gaseosa Inca Kola 500ml,Bebidas,13,2.5
2025-05-22,BEB-003,Cerveza Pilsen 355ml,Bebidas,8,4.0
2025-05-22,CUI-001,Jabón Bolívar barra,Cuidado,9,1.8
2025-05-22,LAC-001,Leche Gloria tarro,Lácteos,13,4.2
2025-05-22,LAC-002,Yogurt Gloria 1L,Lácteos,7,6.5
2025-05-22,LIM-001,Detergente Bolívar 520g,Limpieza,5,5.0
2025-05-22,LIM-002,Papel higiénico Suave x4,Limpieza,6,6.0
2025-05-22,SNK-001,Galleta Soda Field,Snacks,23,1.0
2025-05-22,SNK-002,Chocolate Sublime,Snacks,12,2.0
2025-05-23,ABA-001,Arroz Costeño 1kg,Abarrotes,16,4.5
2025-05-23,ABA-002,Aceite Primor 1L,Abarrotes,6,9.9
2025-05-23,ABA-003,Atún Florida lata,Abarrotes,10,5.5
2025-05-23,ABA-004,Fideos Don Vittorio 500g,Abarrotes,12,3.2
2025-05-23,BEB-001,Agua Cielo 625ml,Bebidas,15,1.5
2025-05-23,BEB-002,Gaseosa Inca Kola 500ml,Bebidas,7,2.5
2025-05-23,BEB-003,Cerveza Pilsen 355ml,Bebidas,9,4.0
2025-05-23,CUI-001,Jabón Bolívar barra,Cuidado,10,1.8
2025-05-23,LAC-001,Leche Gloria tarro,Lácteos,16,4.2
2025-05-23,LAC-002,Yogurt Gloria 1L,Lácteos,3,6.5
2025-05-23,LIM-001,Detergente Bolívar 520g,Limpieza,7,5.0
2025-05-23,LIM-002,Papel higiénico Suave x4,Limpieza,11,6.0
2025-05-23,SNK-001,Galleta Soda Field,Snacks,22,1.0
2025-05-23,SNK-002,Chocolate Sublime,Snacks,19,2.0
2025-05-24,ABA-001,Arroz Costeño 1kg,Abarrotes,22,4.5
2025-05-24,ABA-002,Aceite Primor 1L,Abarrotes,6,9.9
2025-05-24,ABA-003,Atún Florida lata,Abarrotes,11,5.5
2025-05-24,ABA-004,Fideos Don Vittorio 500g,Abarrotes,11,3.2
2025-05-24,BEB-001,Agua Cielo 625ml,Bebidas,15,1.5
2025-05-24,BEB-002,Gaseosa Inca Kola 500ml,Bebidas,22,2.5
2025-05-24,BEB-003,Cerveza Pilsen 355ml,Bebidas,14,4.0
2025-05-24,CUI-001,Jabón Bolívar barra,Cuidado,9,1.8
2025-05-24,LAC-001,Leche Gloria tarro,Lácteos,27,4.2
2025-05-24,LAC-002,Yogurt Gloria 1L,Lácteos,7,6.5
2025-05-24,LIM-001,Detergente Bolívar 520g,Limpieza,4,5.0
2025-05-24,LIM-002,Papel higiénico Suave x4,Limpieza,11,6.0
2025-05-24,SNK-001,Galleta Soda Field,Snacks,29,1.0
2025-05-24,SNK-002,Chocolate Sublime,Snacks,24,2.0
2025-05-25,ABA-001,Arroz Costeño 1kg,Abarrotes,14,4.5
2025-05-25,ABA-002,Aceite Primor 1L,Abarrotes,17,9.9
2025-05-25,ABA-003,Atún Florida lata,Abarrotes,10,5.5
2025-05-25,ABA-004,Fideos Don Vittorio 500g,Abarrotes,18,3.2
2025-05-25,BEB-001,Agua Cielo 625ml,Bebidas,19,1.5
2025-05-25,BEB-002,Gaseosa Inca Kola 500ml,Bebidas,25,2.5
2025-05-25,BEB-003,Cerveza Pilsen 355ml,Bebidas,11,4.0
2025-05-25,CUI-001,Jabón Bolívar barra,Cuidado,7,1.8
2025-05-25,LAC-001,Leche Gloria tarro,Lácteos,22,4.2
2025-05-25,LAC-002,Yogurt Gloria 1L,Lácteos,7,6.5
2025-05-25,LIM-001,Detergente Bolívar 520g,Limpieza,5,5.0
2025-05-25,LIM-002,Papel higiénico Suave x4,Limpieza,7,6.0
2025-05-25,SNK-001,Galleta Soda Field,Snacks,27,1.0
2025-05-25,SNK-002,Chocolate Sublime,Snacks,26,2.0
2025-05-26,ABA-001,Arroz Costeño 1kg,Abarrotes,24,4.5
2025-05-26,ABA-002,Aceite Primor 1L,Abarrotes,12,9.9
2025-05-26,ABA-003,Atún Florida lata,Abarrotes,13,5.5
2025-05-26,ABA-004,Fideos Don Vittorio 500g,Abarrotes,10,3.2
2025-05-26,BEB-001,Agua Cielo 625ml,Bebidas,6,1.5
2025-05-26,BEB-002,Gaseosa Inca Kola 500ml,Bebidas,25,2.5
2025-05-26,BEB-003,Cerveza Pilsen 355ml,Bebidas,10,4.0
2025-05-26,CUI-001,Jabón Bolívar barra,Cuidado,9,1.8
2025-05-26,LAC-001,Leche Gloria tarro,Lácteos,14,4.2
2025-05-26,LAC-002,Yogurt Gloria 1L,Lácteos,4,6.5
2025-05-26,LIM-001,Detergente Bolívar 520g,Limpieza,3,5.0
2025-05-26,LIM-002,Papel higiénico Suave x4,Limpieza,10,6.0
2025-05-26,SNK-001,Galleta Soda Field,Snacks,16,1.0
2025-05-26,SNK-002,Chocolate Sublime,Snacks,24,2.0
2025-05-27,ABA-001,Arroz Costeño 1kg,Abarrotes,17,4.5
2025-05-27,ABA-002,Aceite Primor 1L,Abarrotes,3,9.9
2025-05-27,ABA-003,Atún Florida lata,Abarrotes,12,5.5
2025-05-27,ABA-004,Fideos Don Vittorio 500g,Abarrotes,22,3.2
2025-05-27,BEB-001,Agua Cielo 625ml,Bebidas,21,1.5
2025-05-27,BEB-002,Gaseosa Inca Kola 500ml,Bebidas,15,2.5
2025-05-27,BEB-003,Cerveza Pilsen 355ml,Bebidas,15,4.0
2025-05-27,CUI-001,Jabón Bolívar barra,Cuidado,5,1.8
2025-05-27,LAC-001,Leche Gloria tarro,Lácteos,14,4.2
2025-05-27,LAC-002,Yogurt Gloria 1L,Lácteos,9,6.5
2025-05-27,LIM-001,Detergente Bolívar 520g,Limpieza,10,5.0
2025-05-27,LIM-002,Papel higiénico Suave x4,Limpieza,9,6.0
2025-05-27,SNK-001,Galleta Soda Field,Snacks,32,1.0
2025-05-27,SNK-002,Chocolate Sublime,Snacks,28,2.0
2025-05-28,ABA-001,Arroz Costeño 1kg,Abarrotes,12,4.5
2025-05-28,ABA-002,Aceite Primor 1L,Abarrotes,8,9.9
2025-05-28,ABA-003,Atún Florida lata,Abarrotes,9,5.5
2025-05-28,ABA-004,Fideos Don Vittorio 500g,Abarrotes,12,3.2
2025-05-28,BEB-001,Agua Cielo 625ml,Bebidas,10,1.5
2025-05-28,BEB-002,Gaseosa Inca Kola 500ml,Bebidas,22,2.5
2025-05-28,BEB-003,Cerveza Pilsen 355ml,Bebidas,6,4.0
2025-05-28,CUI-001,Jabón Bolívar barra,Cuidado,7,1.8
2025-05-28,LAC-001,Leche Gloria tarro,Lácteos,12,4.2
2025-05-28,LAC-002,Yogurt Gloria 1L,Lácteos,4,6.5
2025-05-28,LIM-001,Detergente Bolívar 520g,Limpieza,4,5.0
2025-05-28,LIM-002,Papel higiénico Suave x4,Limpieza,10,6.0
2025-05-28,SNK-001,Galleta Soda Field,Snacks,27,1.0
2025-05-28,SNK-002,Chocolate Sublime,Snacks,19,2.0
2025-05-29,ABA-001,Arroz Costeño 1kg,Abarrotes,8,4.5
2025-05-29,ABA-002,Aceite Primor 1L,Abarrotes,5,9.9
2025-05-29,ABA-003,Atún Florida lata,Abarrotes,6,5.5
2025-05-29,ABA-004,Fideos Don Vittorio 500g,Abarrotes,8,3.2
2025-05-29,BEB-001,Agua Cielo 625ml,Bebidas,17,1.5
2025-05-29,BEB-002,Gaseosa Inca Kola 500ml,Bebidas,23,2.5
2025-05-29,BEB-003,Cerveza Pilsen 355ml,Bebidas,12,4.0
2025-05-29,CUI-001,Jabón Bolívar barra,Cuidado,5,1.8
2025-05-29,LAC-001,Leche Gloria tarro,Lácteos,18,4.2
2025-05-29,LAC-002,Yogurt Gloria 1L,Lácteos,8,6.5
2025-05-29,LIM-001,Detergente Bolívar 520g,Limpieza,1,5.0
2025-05-29,LIM-002,Papel higiénico Suave x4,Limpieza,12,6.0
2025-05-29,SNK-001,Galleta Soda Field,Snacks,20,1.0
2025-05-29,SNK-002,Chocolate Sublime,Snacks,15,2.0
2025-05-30,ABA-001,Arroz Costeño 1kg,Abarrotes,11,4.5
2025-05-30,ABA-002,Aceite Primor 1L,Abarrotes,8,9.9
2025-05-30,ABA-003,Atún Florida lata,Abarrotes,8,5.5
2025-05-30,ABA-004,Fideos Don Vittorio 500g,Abarrotes,18,3.2
2025-05-30,BEB-001,Agua Cielo 625ml,Bebidas,12,1.5
2025-05-30,BEB-002,Gaseosa Inca Kola 500ml,Bebidas,18,2.5
2025-05-30,BEB-003,Cerveza Pilsen 355ml,Bebidas,9,4.0
2025-05-30,CUI-001,Jabón Bolívar barra,Cuidado,7,1.8
2025-05-30,LAC-001,Leche Gloria tarro,Lácteos,18,4.2
2025-05-30,LAC-002,Yogurt Gloria 1L,Lácteos,6,6.5
2025-05-30,LIM-001,Detergente Bolívar 520g,Limpieza,5,5.0
2025-05-30,LIM-002,Papel higiénico Suave x4,Limpieza,11,6.0
2025-05-30,SNK-001,Galleta Soda Field,Snacks,25,1.0
2025-05-30,SNK-002,Chocolate Sublime,Snacks,21,2.0
2025-05-31,ABA-001,Arroz Costeño 1kg,Abarrotes,12,4.5
2025-05-31,ABA-002,Aceite Primor 1L,Abarrotes,12,9.9
2025-05-31,ABA-003,Atún Florida lata,Abarrotes,10,5.5
2025-05-31,ABA-004,Fideos Don Vittorio 500g,Abarrotes,24,3.2
2025-05-31,BEB-001,Agua Cielo 625ml,Bebidas,16,1.5
2025-05-31,BEB-002,Gaseosa Inca Kola 500ml,Bebidas,25,2.5
2025-05-31,BEB-003,Cerveza Pilsen 355ml,Bebidas,11,4.0
2025-05-31,CUI-001,Jabón Bolívar barra,Cuidado,12,1.8
2025-05-31,LAC-001,Leche Gloria tarro,Lácteos,25,4.2
2025-05-31,LAC-002,Yogurt Gloria 1L,Lácteos,5,6.5
2025-05-31,LIM-001,Detergente Bolívar 520g,Limpieza,8,5.0
2025-05-31,LIM-002,Papel higiénico Suave x4,Limpieza,12,6.0
2025-05-31,SNK-001,Galleta Soda Field,Snacks,33,1.0
2025-05-31,SNK-002,Chocolate Sublime,Snacks,24,2.0
2025-06-01,ABA-001,Arroz Costeño 1kg,Abarrotes,26,4.5
2025-06-01,ABA-002,Aceite Primor 1L,Abarrotes,16,9.9
2025-06-01,ABA-003,Atún Florida lata,Abarrotes,8,5.5
2025-06-01,ABA-004,Fideos Don Vittorio 500g,Abarrotes,23,3.2
2025-06-01,BEB-001,Agua Cielo 625ml,Bebidas,16,1.5
2025-06-01,BEB-002,Gaseosa Inca Kola 500ml,Bebidas,20,2.5
2025-06-01,BEB-003,Cerveza Pilsen 355ml,Bebidas,13,4.0
2025-06-01,CUI-001,Jabón Bolívar barra,Cuidado,10,1.8
2025-06-01,LAC-001,Leche Gloria tarro,Lácteos,32,4.2
2025-06-01,LAC-002,Yogurt Gloria 1L,Lácteos,9,6.5
2025-06-01,LIM-001,Detergente Bolívar 520g,Limpieza,5,5.0
2025-06-01,LIM-002,Papel higiénico Suave x4,Limpieza,6,6.0
2025-06-01,SNK-001,Galleta Soda Field,Snacks,37,1.0
2025-06-01,SNK-002,Chocolate Sublime,Snacks,30,2.0
2025-06-02,ABA-001,Arroz Costeño 1kg,Abarrotes,9,4.5
2025-06-02,ABA-002,Aceite Primor 1L,Abarrotes,6,9.9
2025-06-02,ABA-003,Atún Florida lata,Abarrotes,7,5.5
2025-06-02,ABA-004,Fideos Don Vittorio 500g,Abarrotes,13,3.2
2025-06-02,BEB-001,Agua Cielo 625ml,Bebidas,7,1.5
2025-06-02,BEB-002,Gaseosa Inca Kola 500ml,Bebidas,17,2.5
2025-06-02,BEB-003,Cerveza Pilsen 355ml,Bebidas,7,4.0
2025-06-02,CUI-001,Jabón Bolívar barra,Cuidado,8,1.8
2025-06-02,LAC-001,Leche Gloria tarro,Lácteos,27,4.2
2025-06-02,LAC-002,Yogurt Gloria 1L,Lácteos,6,6.5
2025-06-02,LIM-001,Detergente Bolívar 520g,Limpieza,2,5.0
2025-06-02,LIM-002,Papel higiénico Suave x4,Limpieza,7,6.0
2025-06-02,SNK-001,Galleta Soda Field,Snacks,26,1.0
2025-06-02,SNK-002,Chocolate Sublime,Snacks,20,2.0
2025-06-03,ABA-001,Arroz Costeño 1kg,Abarrotes,17,4.5
2025-06-03,ABA-002,Aceite Primor 1L,Abarrotes,12,9.9
2025-06-03,ABA-003,Atún Florida lata,Abarrotes,10,5.5
2025-06-03,ABA-004,Fideos Don Vittorio 500g,Abarrotes,19,3.2
2025-06-03,BEB-001,Agua Cielo 625ml,Bebidas,10,1.5
2025-06-03,BEB-002,Gaseosa Inca Kola 500ml,Bebidas,10,2.5
2025-06-03,BEB-003,Cerveza Pilsen 355ml,Bebidas,6,4.0
2025-06-03,CUI-001,Jabón Bolívar barra,Cuidado,6,1.8
2025-06-03,LAC-001,Leche Gloria tarro,Lácteos,35,4.2
2025-06-03,LAC-002,Yogurt Gloria 1L,Lácteos,1,6.5
2025-06-03,LIM-001,Detergente Bolívar 520g,Limpieza,1,5.0
2025-06-03,LIM-002,Papel higiénico Suave x4,Limpieza,14,6.0
2025-06-03,SNK-001,Galleta Soda Field,Snacks,32,1.0
2025-06-03,SNK-002,Chocolate Sublime,Snacks,18,2.0
2025-06-04,ABA-001,Arroz Costeño 1kg,Abarrotes,27,4.5
2025-06-04,ABA-002,Aceite Primor 1L,Abarrotes,12,9.9
2025-06-04,ABA-003,Atún Florida lata,Abarrotes,7,5.5
2025-06-04,ABA-004,Fideos Don Vittorio 500g,Abarrotes,16,3.2
2025-06-04,BEB-001,Agua Cielo 625ml,Bebidas,14,1.5
2025-06-04,BEB-002,Gaseosa Inca Kola 500ml,Bebidas,14,2.5
2025-06-04,BEB-003,Cerveza Pilsen 355ml,Bebidas,9,4.0
2025-06-04,CUI-001,Jabón Bolívar barra,Cuidado,7,1.8
2025-06-04,LAC-001,Leche Gloria tarro,Lácteos,22,4.2
2025-06-04,LAC-002,Yogurt Gloria 1L,Lácteos,3,6.5
2025-06-04,LIM-001,Detergente Bolívar 520g,Limpieza,4,5.0
2025-06-04,LIM-002,Papel higiénico Suave x4,Limpieza,5,6.0
2025-06-04,SNK-001,Galleta Soda Field,Snacks,22,1.0
2025-06-04,SNK-002,Chocolate Sublime,Snacks,20,2.0
2025-06-05,ABA-001,Arroz Costeño 1kg,Abarrotes,16,4.5
2025-06-05,ABA-002,Aceite Primor 1L,Abarrotes,8,9.9
2025-06-05,ABA-003,Atún Florida lata,Abarrotes,7,5.5
2025-06-05,ABA-004,Fideos Don Vittorio 500g,Abarrotes,19,3.2
2025-06-05,BEB-001,Agua Cielo 625ml,Bebidas,13,1.5
2025-06-05,BEB-002,Gaseosa Inca Kola 500ml,Bebidas,23,2.5
2025-06-05,BEB-003,Cerveza Pilsen 355ml,Bebidas,14,4.0
2025-06-05,CUI-001,Jabón Bolívar barra,Cuidado,7,1.8
2025-06-05,LAC-001,Leche Gloria tarro,Lácteos,20,4.2
2025-06-05,LAC-002,Yogurt Gloria 1L,Lácteos,7,6.5
2025-06-05,LIM-001,Detergente Bolívar 520g,Limpieza,6,5.0
2025-06-05,LIM-002,Papel higiénico Suave x4,Limpieza,13,6.0
2025-06-05,SNK-001,Galleta Soda Field,Snacks,20,1.0
2025-06-05,SNK-002,Chocolate Sublime,Snacks,29,2.0
2025-06-06,ABA-001,Arroz Costeño 1kg,Abarrotes,15,4.5
2025-06-06,ABA-002,Aceite Primor 1L,Abarrotes,7,9.9
2025-06-06,ABA-003,Atún Florida lata,Abarrotes,7,5.5
2025-06-06,ABA-004,Fideos Don Vittorio 500g,Abarrotes,8,3.2
2025-06-06,BEB-001,Agua Cielo 625ml,Bebidas,14,1.5
2025-06-06,BEB-002,Gaseosa Inca Kola 500ml,Bebidas,13,2.5
2025-06-06,BEB-003,Cerveza Pilsen 355ml,Bebidas,7,4.0
2025-06-06,CUI-001,Jabón Bolívar barra,Cuidado,2,1.8
2025-06-06,LAC-001,Leche Gloria tarro,Lácteos,18,4.2
2025-06-06,LAC-002,Yogurt Gloria 1L,Lácteos,4,6.5
2025-06-06,LIM-001,Detergente Bolívar 520g,Limpieza,1,5.0
2025-06-06,LIM-002,Papel higiénico Suave x4,Limpieza,12,6.0
2025-06-06,SNK-001,Galleta Soda Field,Snacks,23,1.0
2025-06-06,SNK-002,Chocolate Sublime,Snacks,19,2.0
2025-06-07,ABA-001,Arroz Costeño 1kg,Abarrotes,22,4.5
2025-06-07,ABA-002,Aceite Primor 1L,Abarrotes,14,9.9
2025-06-07,ABA-003,Atún Florida lata,Abarrotes,11,5.5
2025-06-07,ABA-004,Fideos Don Vittorio 500g,Abarrotes,18,3.2
2025-06-07,BEB-001,Agua Cielo 625ml,Bebidas,17,1.5
2025-06-07,BEB-002,Gaseosa Inca Kola 500ml,Bebidas,23,2.5
2025-06-07,BEB-003,Cerveza Pilsen 355ml,Bebidas,12,4.0
2025-06-07,CUI-001,Jabón Bolívar barra,Cuidado,3,1.8
2025-06-07,LAC-001,Leche Gloria tarro,Lácteos,21,4.2
2025-06-07,LAC-002,Yogurt Gloria 1L,Lácteos,7,6.5
2025-06-07,LIM-001,Detergente Bolívar 520g,Limpieza,4,5.0
2025-06-07,LIM-002,Papel higiénico Suave x4,Limpieza,6,6.0
2025-06-07,SNK-001,Galleta Soda Field,Snacks,36,1.0
2025-06-07,SNK-002,Chocolate Sublime,Snacks,20,2.0
2025-06-08,ABA-001,Arroz Costeño 1kg,Abarrotes,19,4.5
2025-06-08,ABA-002,Aceite Primor 1L,Abarrotes,18,9.9
2025-06-08,ABA-003,Atún Florida lata,Abarrotes,9,5.5
2025-06-08,ABA-004,Fideos Don Vittorio 500g,Abarrotes,18,3.2
2025-06-08,BEB-001,Agua Cielo 625ml,Bebidas,22,1.5
2025-06-08,BEB-002,Gaseosa Inca Kola 500ml,Bebidas,21,2.5
2025-06-08,BEB-003,Cerveza Pilsen 355ml,Bebidas,11,4.0
2025-06-08,CUI-001,Jabón Bolívar barra,Cuidado,3,1.8
2025-06-08,LAC-001,Leche Gloria tarro,Lácteos,36,4.2
2025-06-08,LAC-002,Yogurt Gloria 1L,Lácteos,5,6.5
2025-06-08,LIM-001,Detergente Bolívar 520g,Limpieza,2,5.0
2025-06-08,LIM-002,Papel higiénico Suave x4,Limpieza,5,6.0
2025-06-08,SNK-001,Galleta Soda Field,Snacks,37,1.0
2025-06-08,SNK-002,Chocolate Sublime,Snacks,33,2.0
2025-06-09,ABA-001,Arroz Costeño 1kg,Abarrotes,7,4.5
2025-06-09,ABA-002,Aceite Primor 1L,Abarrotes,8,9.9
2025-06-09,ABA-003,Atún Florida lata,Abarrotes,7,5.5
2025-06-09,ABA-004,Fideos Don Vittorio 500g,Abarrotes,12,3.2
2025-06-09,BEB-001,Agua Cielo 625ml,Bebidas,11,1.5
2025-06-09,BEB-002,Gaseosa Inca Kola 500ml,Bebidas,13,2.5
2025-06-09,BEB-003,Cerveza Pilsen 355ml,Bebidas,10,4.0
2025-06-09,CUI-001,Jabón Bolívar barra,Cuidado,8,1.8
2025-06-09,LAC-001,Leche Gloria tarro,Lácteos,24,4.2
2025-06-09,LAC-002,Yogurt Gloria 1L,Lácteos,3,6.5
2025-06-09,LIM-001,Detergente Bolívar 520g,Limpieza,5,5.0
2025-06-09,LIM-002,Papel higiénico Suave x4,Limpieza,5,6.0
2025-06-09,SNK-001,Galleta Soda Field,Snacks,24,1.0
2025-06-09,SNK-002,Chocolate Sublime,Snacks,25,2.0
2025-06-10,ABA-001,Arroz Costeño 1kg,Abarrotes,12,4.5
2025-06-10,ABA-002,Aceite Primor 1L,Abarrotes,9,9.9
2025-06-10,ABA-003,Atún Florida lata,Abarrotes,8,5.5
2025-06-10,ABA-004,Fideos Don Vittorio 500g,Abarrotes,13,3.2
2025-06-10,BEB-001,Agua Cielo 625ml,Bebidas,10,1.5
2025-06-10,BEB-002,Gaseosa Inca Kola 500ml,Bebidas,10,2.5
2025-06-10,BEB-003,Cerveza Pilsen 355ml,Bebidas,14,4.0
2025-06-10,CUI-001,Jabón Bolívar barra,Cuidado,8,1.8
2025-06-10,LAC-001,Leche Gloria tarro,Lácteos,16,4.2
2025-06-10,LAC-002,Yogurt Gloria 1L,Lácteos,1,6.5
2025-06-10,LIM-001,Detergente Bolívar 520g,Limpieza,10,5.0
2025-06-10,LIM-002,Papel higiénico Suave x4,Limpieza,5,6.0
2025-06-10,SNK-001,Galleta Soda Field,Snacks,19,1.0
2025-06-10,SNK-002,Chocolate Sublime,Snacks,17,2.0
2025-06-11,ABA-001,Arroz Costeño 1kg,Abarrotes,15,4.5
2025-06-11,ABA-002,Aceite Primor 1L,Abarrotes,10,9.9
2025-06-11,ABA-003,Atún Florida lata,Abarrotes,6,5.5
2025-06-11,ABA-004,Fideos Don Vittorio 500g,Abarrotes,15,3.2
2025-06-11,BEB-001,Agua Cielo 625ml,Bebidas,16,1.5
2025-06-11,BEB-002,Gaseosa Inca Kola 500ml,Bebidas,14,2.5
2025-06-11,BEB-003,Cerveza Pilsen 355ml,Bebidas,15,4.0
2025-06-11,CUI-001,Jabón Bolívar barra,Cuidado,11,1.8
2025-06-11,LAC-001,Leche Gloria tarro,Lácteos,23,4.2
2025-06-11,LAC-002,Yogurt Gloria 1L,Lácteos,9,6.5
2025-06-11,LIM-001,Detergente Bolívar 520g,Limpieza,1,5.0
2025-06-11,LIM-002,Papel higiénico Suave x4,Limpieza,4,6.0
2025-06-11,SNK-001,Galleta Soda Field,Snacks,25,1.0
2025-06-11,SNK-002,Chocolate Sublime,Snacks,20,2.0
2025-06-12,ABA-001,Arroz Costeño 1kg,Abarrotes,22,4.5
2025-06-12,ABA-002,Aceite Primor 1L,Abarrotes,9,9.9
2025-06-12,ABA-003,Atún Florida lata,Abarrotes,7,5.5
2025-06-12,ABA-004,Fideos Don Vittorio 500g,Abarrotes,15,3.2
2025-06-12,BEB-001,Agua Cielo 625ml,Bebidas,13,1.5
2025-06-12,BEB-002,Gaseosa Inca Kola 500ml,Bebidas,23,2.5
2025-06-12,BEB-003,Cerveza Pilsen 355ml,Bebidas,12,4.0
2025-06-12,CUI-001,Jabón Bolívar barra,Cuidado,6,1.8
2025-06-12,LAC-001,Leche Gloria tarro,Lácteos,18,4.2
2025-06-12,LAC-002,Yogurt Gloria 1L,Lácteos,4,6.5
2025-06-12,LIM-001,Detergente Bolívar 520g,Limpieza,5,5.0
2025-06-12,LIM-002,Papel higiénico Suave x4,Limpieza,9,6.0
2025-06-12,SNK-001,Galleta Soda Field,Snacks,21,1.0
2025-06-12,SNK-002,Chocolate Sublime,Snacks,23,2.0
2025-06-13,ABA-001,Arroz Costeño 1kg,Abarrotes,18,4.5
2025-06-13,ABA-002,Aceite Primor 1L,Abarrotes,6,9.9
2025-06-13,ABA-003,Atún Florida lata,Abarrotes,8,5.5
2025-06-13,ABA-004,Fideos Don Vittorio 500g,Abarrotes,20,3.2
2025-06-13,BEB-001,Agua Cielo 625ml,Bebidas,18,1.5
2025-06-13,BEB-002,Gaseosa Inca Kola 500ml,Bebidas,21,2.5
2025-06-13,BEB-003,Cerveza Pilsen 355ml,Bebidas,9,4.0
2025-06-13,CUI-001,Jabón Bolívar barra,Cuidado,7,1.8
2025-06-13,LAC-001,Leche Gloria tarro,Lácteos,22,4.2
2025-06-13,LAC-002,Yogurt Gloria 1L,Lácteos,5,6.5
2025-06-13,LIM-001,Detergente Bolívar 520g,Limpieza,2,5.0
2025-06-13,LIM-002,Papel higiénico Suave x4,Limpieza,12,6.0
2025-06-13,SNK-001,Galleta Soda Field,Snacks,29,1.0
2025-06-13,SNK-002,Chocolate Sublime,Snacks,15,2.0
2025-06-14,ABA-001,Arroz Costeño 1kg,Abarrotes,14,4.5
2025-06-14,ABA-002,Aceite Primor 1L,Abarrotes,11,9.9
2025-06-14,ABA-003,Atún Florida lata,Abarrotes,8,5.5
2025-06-14,ABA-004,Fideos Don Vittorio 500g,Abarrotes,13,3.2
2025-06-14,BEB-001,Agua Cielo 625ml,Bebidas,13,1.5
2025-06-14,BEB-002,Gaseosa Inca Kola 500ml,Bebidas,19,2.5
2025-06-14,BEB-003,Cerveza Pilsen 355ml,Bebidas,10,4.0
2025-06-14,CUI-001,Jabón Bolívar barra,Cuidado,10,1.8
2025-06-14,LAC-001,Leche Gloria tarro,Lácteos,23,4.2
2025-06-14,LAC-002,Yogurt Gloria 1L,Lácteos,9,6.5
2025-06-14,LIM-001,Detergente Bolívar 520g,Limpieza,4,5.0
2025-06-14,LIM-002,Papel higiénico Suave x4,Limpieza,9,6.0
2025-06-14,SNK-001,Galleta Soda Field,Snacks,25,1.0
2025-06-14,SNK-002,Chocolate Sublime,Snacks,22,2.0
2025-06-15,ABA-001,Arroz Costeño 1kg,Abarrotes,16,4.5
2025-06-15,ABA-002,Aceite Primor 1L,Abarrotes,9,9.9
2025-06-15,ABA-003,Atún Florida lata,Abarrotes,11,5.5
2025-06-15,ABA-004,Fideos Don Vittorio 500g,Abarrotes,16,3.2
2025-06-15,BEB-001,Agua Cielo 625ml,Bebidas,20,1.5
2025-06-15,BEB-002,Gaseosa Inca Kola 500ml,Bebidas,27,2.5
2025-06-15,BEB-003,Cerveza Pilsen 355ml,Bebidas,9,4.0
2025-06-15,CUI-001,Jabón Bolívar barra,Cuidado,7,1.8
2025-06-15,LAC-001,Leche Gloria tarro,Lácteos,25,4.2
2025-06-15,LAC-002,Yogurt Gloria 1L,Lácteos,3,6.5
2025-06-15,LIM-001,Detergente Bolívar 520g,Limpieza,5,5.0
2025-06-15,LIM-002,Papel higiénico Suave x4,Limpieza,6,6.0
2025-06-15,SNK-001,Galleta Soda Field,Snacks,33,1.0
2025-06-15,SNK-002,Chocolate Sublime,Snacks,14,2.0
2025-06-16,ABA-001,Arroz Costeño 1kg,Abarrotes,20,4.5
2025-06-16,ABA-002,Aceite Primor 1L,Abarrotes,6,9.9
2025-06-16,ABA-003,Atún Florida lata,Abarrotes,9,5.5
2025-06-16,ABA-004,Fideos Don Vittorio 500g,Abarrotes,14,3.2
2025-06-16,BEB-001,Agua Cielo 625ml,Bebidas,14,1.5
2025-06-16,BEB-002,Gaseosa Inca Kola 500ml,Bebidas,17,2.5
2025-06-16,BEB-003,Cerveza Pilsen 355ml,Bebidas,6,4.0
2025-06-16,CUI-001,Jabón Bolívar barra,Cuidado,9,1.8
2025-06-16,LAC-001,Leche Gloria tarro,Lácteos,26,4.2
2025-06-16,LAC-002,Yogurt Gloria 1L,Lácteos,4,6.5
2025-06-16,LIM-001,Detergente Bolívar 520g,Limpieza,2,5.0
2025-06-16,LIM-002,Papel higiénico Suave x4,Limpieza,10,6.0
2025-06-16,SNK-001,Galleta Soda Field,Snacks,19,1.0
2025-06-16,SNK-002,Chocolate Sublime,Snacks,17,2.0
2025-06-17,ABA-001,Arroz Costeño 1kg,Abarrotes,19,4.5
2025-06-17,ABA-002,Aceite Primor 1L,Abarrotes,13,9.9
2025-06-17,ABA-003,Atún Florida lata,Abarrotes,13,5.5
2025-06-17,ABA-004,Fideos Don Vittorio 500g,Abarrotes,9,3.2
2025-06-17,BEB-001,Agua Cielo 625ml,Bebidas,14,1.5
2025-06-17,BEB-002,Gaseosa Inca Kola 500ml,Bebidas,17,2.5
2025-06-17,BEB-003,Cerveza Pilsen 355ml,Bebidas,12,4.0
2025-06-17,CUI-001,Jabón Bolívar barra,Cuidado,6,1.8
2025-06-17,LAC-001,Leche Gloria tarro,Lácteos,29,4.2
2025-06-17,LAC-002,Yogurt Gloria 1L,Lácteos,2,6.5
2025-06-17,LIM-001,Detergente Bolívar 520g,Limpieza,3,5.0
2025-06-17,LIM-002,Papel higiénico Suave x4,Limpieza,10,6.0
2025-06-17,SNK-001,Galleta Soda Field,Snacks,30,1.0
2025-06-17,SNK-002,Chocolate Sublime,Snacks,24,2.0
2025-06-18,ABA-001,Arroz Costeño 1kg,Abarrotes,13,4.5
2025-06-18,ABA-002,Aceite Primor 1L,Abarrotes,11,9.9
2025-06-18,ABA-003,Atún Florida lata,Abarrotes,8,5.5
2025-06-18,ABA-004,Fideos Don Vittorio 500g,Abarrotes,10,3.2
2025-06-18,BEB-001,Agua Cielo 625ml,Bebidas,7,1.5
2025-06-18,BEB-002,Gaseosa Inca Kola 500ml,Bebidas,24,2.5
2025-06-18,BEB-003,Cerveza Pilsen 355ml,Bebidas,7,4.0
2025-06-18,CUI-001,Jabón Bolívar barra,Cuidado,6,1.8
2025-06-18,LAC-001,Leche Gloria tarro,Lácteos,26,4.2
2025-06-18,LAC-002,Yogurt Gloria 1L,Lácteos,7,6.5
2025-06-18,LIM-001,Detergente Bolívar 520g,Limpieza,4,5.0
2025-06-18,LIM-002,Papel higiénico Suave x4,Limpieza,7,6.0
2025-06-18,SNK-001,Galleta Soda Field,Snacks,26,1.0
2025-06-18,SNK-002,Chocolate Sublime,Snacks,18,2.0
2025-06-19,ABA-001,Arroz Costeño 1kg,Abarrotes,13,4.5
2025-06-19,ABA-002,Aceite Primor 1L,Abarrotes,9,9.9
2025-06-19,ABA-003,Atún Florida lata,Abarrotes,8,5.5
2025-06-19,ABA-004,Fideos Don Vittorio 500g,Abarrotes,13,3.2
2025-06-19,BEB-001,Agua Cielo 625ml,Bebidas,13,1.5
2025-06-19,BEB-002,Gaseosa Inca Kola 500ml,Bebidas,15,2.5
2025-06-19,BEB-003,Cerveza Pilsen 355ml,Bebidas,8,4.0
2025-06-19,CUI-001,Jabón Bolívar barra,Cuidado,4,1.8
2025-06-19,LAC-001,Leche Gloria tarro,Lácteos,20,4.2
2025-06-19,LAC-002,Yogurt Gloria 1L,Lácteos,7,6.5
2025-06-19,LIM-001,Detergente Bolívar 520g,Limpieza,5,5.0
2025-06-19,LIM-002,Papel higiénico Suave x4,Limpieza,7,6.0
2025-06-19,SNK-001,Galleta Soda Field,Snacks,27,1.0
2025-06-19,SNK-002,Chocolate Sublime,Snacks,22,2.0
2025-06-20,ABA-001,Arroz Costeño 1kg,Abarrotes,15,4.5
2025-06-20,ABA-002,Aceite Primor 1L,Abarrotes,12,9.9
2025-06-20,ABA-003,Atún Florida lata,Abarrotes,13,5.5
2025-06-20,ABA-004,Fideos Don Vittorio 500g,Abarrotes,18,3.2
2025-06-20,BEB-001,Agua Cielo 625ml,Bebidas,14,1.5
2025-06-20,BEB-002,Gaseosa Inca Kola 500ml,Bebidas,25,2.5
2025-06-20,BEB-003,Cerveza Pilsen 355ml,Bebidas,11,4.0
2025-06-20,CUI-001,Jabón Bolívar barra,Cuidado,10,1.8
2025-06-20,LAC-001,Leche Gloria tarro,Lácteos,19,4.2
2025-06-20,LAC-002,Yogurt Gloria 1L,Lácteos,7,6.5
2025-06-20,LIM-001,Detergente Bolívar 520g,Limpieza,6,5.0
2025-06-20,LIM-002,Papel higiénico Suave x4,Limpieza,7,6.0
2025-06-20,SNK-001,Galleta Soda Field,Snacks,29,1.0
2025-06-20,SNK-002,Chocolate Sublime,Snacks,23,2.0
2025-06-21,ABA-001,Arroz Costeño 1kg,Abarrotes,12,4.5
2025-06-21,ABA-002,Aceite Primor 1L,Abarrotes,18,9.9
2025-06-21,ABA-003,Atún Florida lata,Abarrotes,9,5.5
2025-06-21,ABA-004,Fideos Don Vittorio 500g,Abarrotes,18,3.2
2025-06-21,BEB-001,Agua Cielo 625ml,Bebidas,17,1.5
2025-06-21,BEB-002,Gaseosa Inca Kola 500ml,Bebidas,23,2.5
2025-06-21,BEB-003,Cerveza Pilsen 355ml,Bebidas,10,4.0
2025-06-21,CUI-001,Jabón Bolívar barra,Cuidado,6,1.8
2025-06-21,LAC-001,Leche Gloria tarro,Lácteos,22,4.2
2025-06-21,LAC-002,Yogurt Gloria 1L,Lácteos,9,6.5
2025-06-21,LIM-001,Detergente Bolívar 520g,Limpieza,3,5.0
2025-06-21,LIM-002,Papel higiénico Suave x4,Limpieza,5,6.0
2025-06-21,SNK-001,Galleta Soda Field,Snacks,30,1.0
2025-06-21,SNK-002,Chocolate Sublime,Snacks,22,2.0
2025-06-22,ABA-001,Arroz Costeño 1kg,Abarrotes,25,4.5
2025-06-22,ABA-002,Aceite Primor 1L,Abarrotes,13,9.9
2025-06-22,ABA-003,Atún Florida lata,Abarrotes,8,5.5
2025-06-22,ABA-004,Fideos Don Vittorio 500g,Abarrotes,17,3.2
2025-06-22,BEB-001,Agua Cielo 625ml,Bebidas,13,1.5
2025-06-22,BEB-002,Gaseosa Inca Kola 500ml,Bebidas,24,2.5
2025-06-22,BEB-003,Cerveza Pilsen 355ml,Bebidas,12,4.0
2025-06-22,CUI-001,Jabón Bolívar barra,Cuidado,7,1.8
2025-06-22,LAC-001,Leche Gloria tarro,Lácteos,28,4.2
2025-06-22,LAC-002,Yogurt Gloria 1L,Lácteos,5,6.5
2025-06-22,LIM-001,Detergente Bolívar 520g,Limpieza,4,5.0
2025-06-22,LIM-002,Papel higiénico Suave x4,Limpieza,8,6.0
2025-06-22,SNK-001,Galleta Soda Field,Snacks,38,1.0
2025-06-22,SNK-002,Chocolate Sublime,Snacks,20,2.0
2025-06-23,ABA-001,Arroz Costeño 1kg,Abarrotes,18,4.5
2025-06-23,ABA-002,Aceite Primor 1L,Abarrotes,13,9.9
2025-06-23,ABA-003,Atún Florida lata,Abarrotes,6,5.5
2025-06-23,ABA-004,Fideos Don Vittorio 500g,Abarrotes,18,3.2
2025-06-23,BEB-001,Agua Cielo 625ml,Bebidas,14,1.5
2025-06-23,BEB-002,Gaseosa Inca Kola 500ml,Bebidas,13,2.5
2025-06-23,BEB-003,Cerveza Pilsen 355ml,Bebidas,12,4.0
2025-06-23,CUI-001,Jabón Bolívar barra,Cuidado,3,1.8
2025-06-23,LAC-001,Leche Gloria tarro,Lácteos,23,4.2
2025-06-23,LAC-002,Yogurt Gloria 1L,Lácteos,6,6.5
2025-06-23,LIM-001,Detergente Bolívar 520g,Limpieza,5,5.0
2025-06-23,LIM-002,Papel higiénico Suave x4,Limpieza,10,6.0
2025-06-23,SNK-001,Galleta Soda Field,Snacks,22,1.0
2025-06-23,SNK-002,Chocolate Sublime,Snacks,15,2.0
2025-06-24,ABA-001,Arroz Costeño 1kg,Abarrotes,16,4.5
2025-06-24,ABA-002,Aceite Primor 1L,Abarrotes,7,9.9
2025-06-24,ABA-003,Atún Florida lata,Abarrotes,8,5.5
2025-06-24,ABA-004,Fideos Don Vittorio 500g,Abarrotes,14,3.2
2025-06-24,BEB-001,Agua Cielo 625ml,Bebidas,14,1.5
2025-06-24,BEB-002,Gaseosa Inca Kola 500ml,Bebidas,31,2.5
2025-06-24,BEB-003,Cerveza Pilsen 355ml,Bebidas,7,4.0
2025-06-24,CUI-001,Jabón Bolívar barra,Cuidado,9,1.8
2025-06-24,LAC-001,Leche Gloria tarro,Lácteos,20,4.2
2025-06-24,LAC-002,Yogurt Gloria 1L,Lácteos,5,6.5
2025-06-24,LIM-001,Detergente Bolívar 520g,Limpieza,4,5.0
2025-06-24,LIM-002,Papel higiénico Suave x4,Limpieza,8,6.0
2025-06-24,SNK-001,Galleta Soda Field,Snacks,24,1.0
2025-06-24,SNK-002,Chocolate Sublime,Snacks,20,2.0
2025-06-25,ABA-001,Arroz Costeño 1kg,Abarrotes,22,4.5
2025-06-25,ABA-002,Aceite Primor 1L,Abarrotes,13,9.9
2025-06-25,ABA-003,Atún Florida lata,Abarrotes,9,5.5
2025-06-25,ABA-004,Fideos Don Vittorio 500g,Abarrotes,13,3.2
2025-06-25,BEB-001,Agua Cielo 625ml,Bebidas,7,1.5
2025-06-25,BEB-002,Gaseosa Inca Kola 500ml,Bebidas,23,2.5
2025-06-25,BEB-003,Cerveza Pilsen 355ml,Bebidas,6,4.0
2025-06-25,CUI-001,Jabón Bolívar barra,Cuidado,5,1.8
2025-06-25,LAC-001,Leche Gloria tarro,Lácteos,21,4.2
2025-06-25,LAC-002,Yogurt Gloria 1L,Lácteos,1,6.5
2025-06-25,LIM-001,Detergente Bolívar 520g,Limpieza,4,5.0
2025-06-25,LIM-002,Papel higiénico Suave x4,Limpieza,7,6.0
2025-06-25,SNK-001,Galleta Soda Field,Snacks,23,1.0
2025-06-25,SNK-002,Chocolate Sublime,Snacks,30,2.0
2025-06-26,ABA-001,Arroz Costeño 1kg,Abarrotes,13,4.5
2025-06-26,ABA-002,Aceite Primor 1L,Abarrotes,10,9.9
2025-06-26,ABA-003,Atún Florida lata,Abarrotes,10,5.5
2025-06-26,ABA-004,Fideos Don Vittorio 500g,Abarrotes,14,3.2
2025-06-26,BEB-001,Agua Cielo 625ml,Bebidas,10,1.5
2025-06-26,BEB-002,Gaseosa Inca Kola 500ml,Bebidas,17,2.5
2025-06-26,BEB-003,Cerveza Pilsen 355ml,Bebidas,10,4.0
2025-06-26,CUI-001,Jabón Bolívar barra,Cuidado,5,1.8
2025-06-26,LAC-001,Leche Gloria tarro,Lácteos,20,4.2
2025-06-26,LAC-002,Yogurt Gloria 1L,Lácteos,6,6.5
2025-06-26,LIM-001,Detergente Bolívar 520g,Limpieza,5,5.0
2025-06-26,LIM-002,Papel higiénico Suave x4,Limpieza,11,6.0
2025-06-26,SNK-001,Galleta Soda Field,Snacks,14,1.0
2025-06-26,SNK-002,Chocolate Sublime,Snacks,24,2.0
2025-06-27,ABA-001,Arroz Costeño 1kg,Abarrotes,10,4.5
2025-06-27,ABA-002,Aceite Primor 1L,Abarrotes,9,9.9
2025-06-27,ABA-003,Atún Florida lata,Abarrotes,6,5.5
2025-06-27,ABA-004,Fideos Don Vittorio 500g,Abarrotes,24,3.2
2025-06-27,BEB-001,Agua Cielo 625ml,Bebidas,18,1.5
2025-06-27,BEB-002,Gaseosa Inca Kola 500ml,Bebidas,16,2.5
2025-06-27,BEB-003,Cerveza Pilsen 355ml,Bebidas,9,4.0
2025-06-27,CUI-001,Jabón Bolívar barra,Cuidado,7,1.8
2025-06-27,LAC-001,Leche Gloria tarro,Lácteos,26,4.2
2025-06-27,LAC-002,Yogurt Gloria 1L,Lácteos,3,6.5
2025-06-27,LIM-001,Detergente Bolívar 520g,Limpieza,2,5.0
2025-06-27,LIM-002,Papel higiénico Suave x4,Limpieza,13,6.0
2025-06-27,SNK-001,Galleta Soda Field,Snacks,24,1.0
2025-06-27,SNK-002,Chocolate Sublime,Snacks,22,2.0
2025-06-28,ABA-001,Arroz Costeño 1kg,Abarrotes,18,4.5
2025-06-28,ABA-002,Aceite Primor 1L,Abarrotes,11,9.9
2025-06-28,ABA-003,Atún Florida lata,Abarrotes,4,5.5
2025-06-28,ABA-004,Fideos Don Vittorio 500g,Abarrotes,23,3.2
2025-06-28,BEB-001,Agua Cielo 625ml,Bebidas,18,1.5
2025-06-28,BEB-002,Gaseosa Inca Kola 500ml,Bebidas,16,2.5
2025-06-28,BEB-003,Cerveza Pilsen 355ml,Bebidas,8,4.0
2025-06-28,CUI-001,Jabón Bolívar barra,Cuidado,5,1.8
2025-06-28,LAC-001,Leche Gloria tarro,Lácteos,19,4.2
2025-06-28,LAC-002,Yogurt Gloria 1L,Lácteos,5,6.5
2025-06-28,LIM-001,Detergente Bolívar 520g,Limpieza,9,5.0
2025-06-28,LIM-002,Papel higiénico Suave x4,Limpieza,6,6.0
2025-06-28,SNK-001,Galleta Soda Field,Snacks,37,1.0
2025-06-28,SNK-002,Chocolate Sublime,Snacks,25,2.0
2025-06-29,ABA-001,Arroz Costeño 1kg,Abarrotes,10,4.5
2025-06-29,ABA-002,Aceite Primor 1L,Abarrotes,14,9.9
2025-06-29,ABA-003,Atún Florida lata,Abarrotes,11,5.5
2025-06-29,ABA-004,Fideos Don Vittorio 500g,Abarrotes,18,3.2
2025-06-29,BEB-001,Agua Cielo 625ml,Bebidas,16,1.5
2025-06-29,BEB-002,Gaseosa Inca Kola 500ml,Bebidas,35,2.5
2025-06-29,BEB-003,Cerveza Pilsen 355ml,Bebidas,14,4.0
2025-06-29,CUI-001,Jabón Bolívar barra,Cuidado,10,1.8
2025-06-29,LAC-001,Leche Gloria tarro,Lácteos,23,4.2
2025-06-29,LAC-002,Yogurt Gloria 1L,Lácteos,6,6.5
2025-06-29,LIM-001,Detergente Bolívar 520g,Limpieza,4,5.0
2025-06-29,LIM-002,Papel higiénico Suave x4,Limpieza,8,6.0
2025-06-29,SNK-001,Galleta Soda Field,Snacks,21,1.0
2025-06-29,SNK-002,Chocolate Sublime,Snacks,18,2.0
2025-06-30,ABA-001,Arroz Costeño 1kg,Abarrotes,19,4.5
2025-06-30,ABA-002,Aceite Primor 1L,Abarrotes,14,9.9
2025-06-30,ABA-003,Atún Florida lata,Abarrotes,9,5.5
2025-06-30,ABA-004,Fideos Don Vittorio 500g,Abarrotes,18,3.2
2025-06-30,BEB-001,Agua Cielo 625ml,Bebidas,9,1.5
2025-06-30,BEB-002,Gaseosa Inca Kola 500ml,Bebidas,20,2.5
2025-06-30,BEB-003,Cerveza Pilsen 355ml,Bebidas,9,4.0
2025-06-30,CUI-001,Jabón Bolívar barra,Cuidado,7,1.8
2025-06-30,LAC-001,Leche Gloria tarro,Lácteos,21,4.2
2025-06-30,LAC-002,Yogurt Gloria 1L,Lácteos,5,6.5
2025-06-30,LIM-001,Detergente Bolívar 520g,Limpieza,8,5.0
2025-06-30,LIM-002,Papel higiénico Suave x4,Limpieza,6,6.0
2025-06-30,SNK-001,Galleta Soda Field,Snacks,27,1.0
2025-06-30,SNK-002,Chocolate Sublime,Snacks,23,2.0
2025-07-01,ABA-001,Arroz Costeño 1kg,Abarrotes,18,4.5
2025-07-01,ABA-002,Aceite Primor 1L,Abarrotes,15,9.9
2025-07-01,ABA-003,Atún Florida lata,Abarrotes,4,5.5
2025-07-01,ABA-004,Fideos Don Vittorio 500g,Abarrotes,16,3.2
2025-07-01,BEB-001,Agua Cielo 625ml,Bebidas,9,1.5
2025-07-01,BEB-002,Gaseosa Inca Kola 500ml,Bebidas,20,2.5
2025-07-01,BEB-003,Cerveza Pilsen 355ml,Bebidas,9,4.0
2025-07-01,CUI-001,Jabón Bolívar barra,Cuidado,3,1.8
2025-07-01,LAC-001,Leche Gloria tarro,Lácteos,23,4.2
2025-07-01,LIM-001,Detergente Bolívar 520g,Limpieza,5,5.0
2025-07-01,LIM-002,Papel higiénico Suave x4,Limpieza,5,6.0
2025-07-01,SNK-001,Galleta Soda Field,Snacks,36,1.0
2025-07-01,SNK-002,Chocolate Sublime,Snacks,14,2.0
2025-07-02,ABA-001,Arroz Costeño 1kg,Abarrotes,10,4.5
2025-07-02,ABA-002,Aceite Primor 1L,Abarrotes,9,9.9
2025-07-02,ABA-003,Atún Florida lata,Abarrotes,7,5.5
2025-07-02,ABA-004,Fideos Don Vittorio 500g,Abarrotes,11,3.2
2025-07-02,BEB-001,Agua Cielo 625ml,Bebidas,13,1.5
2025-07-02,BEB-002,Gaseosa Inca Kola 500ml,Bebidas,13,2.5
2025-07-02,BEB-003,Cerveza Pilsen 355ml,Bebidas,10,4.0
2025-07-02,CUI-001,Jabón Bolívar barra,Cuidado,7,1.8
2025-07-02,LAC-001,Leche Gloria tarro,Lácteos,21,4.2
2025-07-02,LAC-002,Yogurt Gloria 1L,Lácteos,6,6.5
2025-07-02,LIM-001,Detergente Bolívar 520g,Limpieza,2,5.0
2025-07-02,LIM-002,Papel higiénico Suave x4,Limpieza,7,6.0
2025-07-02,SNK-001,Galleta Soda Field,Snacks,22,1.0
2025-07-02,SNK-002,Chocolate Sublime,Snacks,17,2.0
2025-07-03,ABA-001,Arroz Costeño 1kg,Abarrotes,17,4.5
2025-07-03,ABA-002,Aceite Primor 1L,Abarrotes,12,9.9
2025-07-03,ABA-003,Atún Florida lata,Abarrotes,9,5.5
2025-07-03,ABA-004,Fideos Don Vittorio 500g,Abarrotes,12,3.2
2025-07-03,BEB-001,Agua Cielo 625ml,Bebidas,18,1.5
2025-07-03,BEB-002,Gaseosa Inca Kola 500ml,Bebidas,12,2.5
2025-07-03,BEB-003,Cerveza Pilsen 355ml,Bebidas,15,4.0
2025-07-03,CUI-001,Jabón Bolívar barra,Cuidado,3,1.8
2025-07-03,LAC-001,Leche Gloria tarro,Lácteos,14,4.2
2025-07-03,LAC-002,Yogurt Gloria 1L,Lácteos,3,6.5
2025-07-03,LIM-001,Detergente Bolívar 520g,Limpieza,8,5.0
2025-07-03,LIM-002,Papel higiénico Suave x4,Limpieza,6,6.0
2025-07-03,SNK-001,Galleta Soda Field,Snacks,27,1.0
2025-07-03,SNK-002,Chocolate Sublime,Snacks,28,2.0
2025-07-04,ABA-001,Arroz Costeño 1kg,Abarrotes,24,4.5
2025-07-04,ABA-002,Aceite Primor 1L,Abarrotes,8,9.9
2025-07-04,ABA-003,Atún Florida lata,Abarrotes,4,5.5
2025-07-04,ABA-004,Fideos Don Vittorio 500g,Abarrotes,15,3.2
2025-07-04,BEB-001,Agua Cielo 625ml,Bebidas,17,1.5
2025-07-04,BEB-002,Gaseosa Inca Kola 500ml,Bebidas,15,2.5
2025-07-04,BEB-003,Cerveza Pilsen 355ml,Bebidas,12,4.0
2025-07-04,CUI-001,Jabón Bolívar barra,Cuidado,5,1.8
2025-07-04,LAC-001,Leche Gloria tarro,Lácteos,25,4.2
2025-07-04,LAC-002,Yogurt Gloria 1L,Lácteos,6,6.5
2025-07-04,LIM-001,Detergente Bolívar 520g,Limpieza,4,5.0
2025-07-04,LIM-002,Papel higiénico Suave x4,Limpieza,7,6.0
2025-07-04,SNK-001,Galleta Soda Field,Snacks,26,1.0
2025-07-04,SNK-002,Chocolate Sublime,Snacks,16,2.0
2025-07-05,ABA-001,Arroz Costeño 1kg,Abarrotes,17,4.5
2025-07-05,ABA-002,Aceite Primor 1L,Abarrotes,17,9.9
2025-07-05,ABA-003,Atún Florida lata,Abarrotes,11,5.5
2025-07-05,ABA-004,Fideos Don Vittorio 500g,Abarrotes,17,3.2
2025-07-05,BEB-001,Agua Cielo 625ml,Bebidas,11,1.5
2025-07-05,BEB-002,Gaseosa Inca Kola 500ml,Bebidas,19,2.5
2025-07-05,BEB-003,Cerveza Pilsen 355ml,Bebidas,17,4.0
2025-07-05,CUI-001,Jabón Bolívar barra,Cuidado,12,1.8
2025-07-05,LAC-001,Leche Gloria tarro,Lácteos,31,4.2
2025-07-05,LAC-002,Yogurt Gloria 1L,Lácteos,2,6.5
2025-07-05,LIM-001,Detergente Bolívar 520g,Limpieza,3,5.0
2025-07-05,LIM-002,Papel higiénico Suave x4,Limpieza,8,6.0
2025-07-05,SNK-001,Galleta Soda Field,Snacks,41,1.0
2025-07-05,SNK-002,Chocolate Sublime,Snacks,17,2.0
2025-07-06,ABA-001,Arroz Costeño 1kg,Abarrotes,10,4.5
2025-07-06,ABA-002,Aceite Primor 1L,Abarrotes,17,9.9
2025-07-06,ABA-003,Atún Florida lata,Abarrotes,8,5.5
2025-07-06,ABA-004,Fideos Don Vittorio 500g,Abarrotes,13,3.2
2025-07-06,BEB-001,Agua Cielo 625ml,Bebidas,18,1.5
2025-07-06,BEB-002,Gaseosa Inca Kola 500ml,Bebidas,22,2.5
2025-07-06,BEB-003,Cerveza Pilsen 355ml,Bebidas,15,4.0
2025-07-06,CUI-001,Jabón Bolívar barra,Cuidado,7,1.8
2025-07-06,LAC-001,Leche Gloria tarro,Lácteos,27,4.2
2025-07-06,LAC-002,Yogurt Gloria 1L,Lácteos,3,6.5
2025-07-06,LIM-001,Detergente Bolívar 520g,Limpieza,5,5.0
2025-07-06,LIM-002,Papel higiénico Suave x4,Limpieza,11,6.0
2025-07-06,SNK-001,Galleta Soda Field,Snacks,32,1.0
2025-07-06,SNK-002,Chocolate Sublime,Snacks,16,2.0
2025-07-07,ABA-001,Arroz Costeño 1kg,Abarrotes,16,4.5
2025-07-07,ABA-002,Aceite Primor 1L,Abarrotes,8,9.9
2025-07-07,ABA-003,Atún Florida lata,Abarrotes,7,5.5
2025-07-07,ABA-004,Fideos Don Vittorio 500g,Abarrotes,19,3.2
2025-07-07,BEB-001,Agua Cielo 625ml,Bebidas,8,1.5
2025-07-07,BEB-002,Gaseosa Inca Kola 500ml,Bebidas,12,2.5
2025-07-07,BEB-003,Cerveza Pilsen 355ml,Bebidas,9,4.0
2025-07-07,CUI-001,Jabón Bolívar barra,Cuidado,5,1.8
2025-07-07,LAC-001,Leche Gloria tarro,Lácteos,26,4.2
2025-07-07,LAC-002,Yogurt Gloria 1L,Lácteos,4,6.5
2025-07-07,LIM-001,Detergente Bolívar 520g,Limpieza,5,5.0
2025-07-07,LIM-002,Papel higiénico Suave x4,Limpieza,8,6.0
2025-07-07,SNK-001,Galleta Soda Field,Snacks,21,1.0
2025-07-07,SNK-002,Chocolate Sublime,Snacks,18,2.0
2025-07-08,ABA-001,Arroz Costeño 1kg,Abarrotes,18,4.5
2025-07-08,ABA-002,Aceite Primor 1L,Abarrotes,15,9.9
2025-07-08,ABA-003,Atún Florida lata,Abarrotes,8,5.5
2025-07-08,ABA-004,Fideos Don Vittorio 500g,Abarrotes,10,3.2
2025-07-08,BEB-001,Agua Cielo 625ml,Bebidas,18,1.5
2025-07-08,BEB-002,Gaseosa Inca Kola 500ml,Bebidas,19,2.5
2025-07-08,BEB-003,Cerveza Pilsen 355ml,Bebidas,12,4.0
2025-07-08,CUI-001,Jabón Bolívar barra,Cuidado,2,1.8
2025-07-08,LAC-001,Leche Gloria tarro,Lácteos,20,4.2
2025-07-08,LAC-002,Yogurt Gloria 1L,Lácteos,1,6.5
2025-07-08,LIM-001,Detergente Bolívar 520g,Limpieza,2,5.0
2025-07-08,LIM-002,Papel higiénico Suave x4,Limpieza,15,6.0
2025-07-08,SNK-001,Galleta Soda Field,Snacks,24,1.0
2025-07-08,SNK-002,Chocolate Sublime,Snacks,26,2.0
2025-07-09,ABA-001,Arroz Costeño 1kg,Abarrotes,17,4.5
2025-07-09,ABA-002,Aceite Primor 1L,Abarrotes,20,9.9
2025-07-09,ABA-003,Atún Florida lata,Abarrotes,12,5.5
2025-07-09,ABA-004,Fideos Don Vittorio 500g,Abarrotes,19,3.2
2025-07-09,BEB-001,Agua Cielo 625ml,Bebidas,12,1.5
2025-07-09,BEB-002,Gaseosa Inca Kola 500ml,Bebidas,18,2.5
2025-07-09,BEB-003,Cerveza Pilsen 355ml,Bebidas,9,4.0
2025-07-09,CUI-001,Jabón Bolívar barra,Cuidado,7,1.8
2025-07-09,LAC-001,Leche Gloria tarro,Lácteos,18,4.2
2025-07-09,LAC-002,Yogurt Gloria 1L,Lácteos,3,6.5
2025-07-09,LIM-001,Detergente Bolívar 520g,Limpieza,6,5.0
2025-07-09,LIM-002,Papel higiénico Suave x4,Limpieza,4,6.0
2025-07-09,SNK-001,Galleta Soda Field,Snacks,31,1.0
2025-07-09,SNK-002,Chocolate Sublime,Snacks,21,2.0
2025-07-10,ABA-001,Arroz Costeño 1kg,Abarrotes,16,4.5
2025-07-10,ABA-002,Aceite Primor 1L,Abarrotes,7,9.9
2025-07-10,ABA-003,Atún Florida lata,Abarrotes,13,5.5
2025-07-10,ABA-004,Fideos Don Vittorio 500g,Abarrotes,16,3.2
2025-07-10,BEB-001,Agua Cielo 625ml,Bebidas,7,1.5
2025-07-10,BEB-002,Gaseosa Inca Kola 500ml,Bebidas,13,2.5
2025-07-10,BEB-003,Cerveza Pilsen 355ml,Bebidas,10,4.0
2025-07-10,CUI-001,Jabón Bolívar barra,Cuidado,4,1.8
2025-07-10,LAC-001,Leche Gloria tarro,Lácteos,30,4.2
2025-07-10,LAC-002,Yogurt Gloria 1L,Lácteos,4,6.5
2025-07-10,LIM-001,Detergente Bolívar 520g,Limpieza,3,5.0
2025-07-10,LIM-002,Papel higiénico Suave x4,Limpieza,4,6.0
2025-07-10,SNK-001,Galleta Soda Field,Snacks,22,1.0
2025-07-10,SNK-002,Chocolate Sublime,Snacks,23,2.0
2025-07-11,ABA-001,Arroz Costeño 1kg,Abarrotes,14,4.5
2025-07-11,ABA-002,Aceite Primor 1L,Abarrotes,18,9.9
2025-07-11,ABA-003,Atún Florida lata,Abarrotes,9,5.5
2025-07-11,ABA-004,Fideos Don Vittorio 500g,Abarrotes,18,3.2
2025-07-11,BEB-001,Agua Cielo 625ml,Bebidas,16,1.5
2025-07-11,BEB-002,Gaseosa Inca Kola 500ml,Bebidas,14,2.5
2025-07-11,BEB-003,Cerveza Pilsen 355ml,Bebidas,8,4.0
2025-07-11,CUI-001,Jabón Bolívar barra,Cuidado,2,1.8
2025-07-11,LAC-001,Leche Gloria tarro,Lácteos,18,4.2
2025-07-11,LAC-002,Yogurt Gloria 1L,Lácteos,4,6.5
2025-07-11,LIM-001,Detergente Bolívar 520g,Limpieza,2,5.0
2025-07-11,LIM-002,Papel higiénico Suave x4,Limpieza,7,6.0
2025-07-11,SNK-001,Galleta Soda Field,Snacks,28,1.0
2025-07-11,SNK-002,Chocolate Sublime,Snacks,13,2.0
2025-07-12,ABA-001,Arroz Costeño 1kg,Abarrotes,17,4.5
2025-07-12,ABA-002,Aceite Primor 1L,Abarrotes,11,9.9
2025-07-12,ABA-003,Atún Florida lata,Abarrotes,8,5.5
2025-07-12,ABA-004,Fideos Don Vittorio 500g,Abarrotes,14,3.2
2025-07-12,BEB-001,Agua Cielo 625ml,Bebidas,16,1.5
2025-07-12,BEB-002,Gaseosa Inca Kola 500ml,Bebidas,9,2.5
2025-07-12,BEB-003,Cerveza Pilsen 355ml,Bebidas,5,4.0
2025-07-12,CUI-001,Jabón Bolívar barra,Cuidado,8,1.8
2025-07-12,LAC-001,Leche Gloria tarro,Lácteos,30,4.2
2025-07-12,LAC-002,Yogurt Gloria 1L,Lácteos,7,6.5
2025-07-12,LIM-001,Detergente Bolívar 520g,Limpieza,3,5.0
2025-07-12,LIM-002,Papel higiénico Suave x4,Limpieza,5,6.0
2025-07-12,SNK-001,Galleta Soda Field,Snacks,31,1.0
2025-07-12,SNK-002,Chocolate Sublime,Snacks,22,2.0
2025-07-13,ABA-001,Arroz Costeño 1kg,Abarrotes,12,4.5
2025-07-13,ABA-002,Aceite Primor 1L,Abarrotes,15,9.9
2025-07-13,ABA-003,Atún Florida lata,Abarrotes,10,5.5
2025-07-13,ABA-004,Fideos Don Vittorio 500g,Abarrotes,13,3.2
2025-07-13,BEB-001,Agua Cielo 625ml,Bebidas,12,1.5
2025-07-13,BEB-002,Gaseosa Inca Kola 500ml,Bebidas,20,2.5
2025-07-13,BEB-003,Cerveza Pilsen 355ml,Bebidas,13,4.0
2025-07-13,CUI-001,Jabón Bolívar barra,Cuidado,8,1.8
2025-07-13,LAC-001,Leche Gloria tarro,Lácteos,20,4.2
2025-07-13,LAC-002,Yogurt Gloria 1L,Lácteos,9,6.5
2025-07-13,LIM-001,Detergente Bolívar 520g,Limpieza,5,5.0
2025-07-13,LIM-002,Papel higiénico Suave x4,Limpieza,10,6.0
2025-07-13,SNK-001,Galleta Soda Field,Snacks,34,1.0
2025-07-13,SNK-002,Chocolate Sublime,Snacks,22,2.0
2025-07-14,ABA-001,Arroz Costeño 1kg,Abarrotes,16,4.5
2025-07-14,ABA-002,Aceite Primor 1L,Abarrotes,14,9.9
2025-07-14,ABA-003,Atún Florida lata,Abarrotes,8,5.5
2025-07-14,ABA-004,Fideos Don Vittorio 500g,Abarrotes,17,3.2
2025-07-14,BEB-001,Agua Cielo 625ml,Bebidas,12,1.5
2025-07-14,BEB-002,Gaseosa Inca Kola 500ml,Bebidas,15,2.5
2025-07-14,BEB-003,Cerveza Pilsen 355ml,Bebidas,14,4.0
2025-07-14,CUI-001,Jabón Bolívar barra,Cuidado,9,1.8
2025-07-14,LAC-001,Leche Gloria tarro,Lácteos,15,4.2
2025-07-14,LAC-002,Yogurt Gloria 1L,Lácteos,1,6.5
2025-07-14,LIM-001,Detergente Bolívar 520g,Limpieza,5,5.0
2025-07-14,LIM-002,Papel higiénico Suave x4,Limpieza,9,6.0
2025-07-14,SNK-001,Galleta Soda Field,Snacks,30,1.0
2025-07-14,SNK-002,Chocolate Sublime,Snacks,21,2.0
2025-07-15,ABA-001,Arroz Costeño 1kg,Abarrotes,12,4.5
2025-07-15,ABA-002,Aceite Primor 1L,Abarrotes,11,9.9
2025-07-15,ABA-003,Atún Florida lata,Abarrotes,3,5.5
2025-07-15,ABA-004,Fideos Don Vittorio 500g,Abarrotes,8,3.2
2025-07-15,BEB-001,Agua Cielo 625ml,Bebidas,15,1.5
2025-07-15,BEB-002,Gaseosa Inca Kola 500ml,Bebidas,7,2.5
2025-07-15,BEB-003,Cerveza Pilsen 355ml,Bebidas,9,4.0
2025-07-15,CUI-001,Jabón Bolívar barra,Cuidado,3,1.8
2025-07-15,LAC-001,Leche Gloria tarro,Lácteos,23,4.2
2025-07-15,LAC-002,Yogurt Gloria 1L,Lácteos,3,6.5
2025-07-15,LIM-001,Detergente Bolívar 520g,Limpieza,7,5.0
2025-07-15,LIM-002,Papel higiénico Suave x4,Limpieza,5,6.0
2025-07-15,SNK-001,Galleta Soda Field,Snacks,28,1.0
2025-07-15,SNK-002,Chocolate Sublime,Snacks,12,2.0
2025-07-16,ABA-001,Arroz Costeño 1kg,Abarrotes,15,4.5
2025-07-16,ABA-002,Aceite Primor 1L,Abarrotes,10,9.9
2025-07-16,ABA-003,Atún Florida lata,Abarrotes,3,5.5
2025-07-16,ABA-004,Fideos Don Vittorio 500g,Abarrotes,17,3.2
2025-07-16,BEB-001,Agua Cielo 625ml,Bebidas,17,1.5
2025-07-16,BEB-002,Gaseosa Inca Kola 500ml,Bebidas,19,2.5
2025-07-16,BEB-003,Cerveza Pilsen 355ml,Bebidas,10,4.0
2025-07-16,CUI-001,Jabón Bolívar barra,Cuidado,4,1.8
2025-07-16,LAC-001,Leche Gloria tarro,Lácteos,30,4.2
2025-07-16,LAC-002,Yogurt Gloria 1L,Lácteos,5,6.5
2025-07-16,LIM-001,Detergente Bolívar 520g,Limpieza,2,5.0
2025-07-16,LIM-002,Papel higiénico Suave x4,Limpieza,8,6.0
2025-07-16,SNK-001,Galleta Soda Field,Snacks,31,1.0
2025-07-16,SNK-002,Chocolate Sublime,Snacks,31,2.0
2025-07-17,ABA-001,Arroz Costeño 1kg,Abarrotes,14,4.5
2025-07-17,ABA-002,Aceite Primor 1L,Abarrotes,9,9.9
2025-07-17,ABA-003,Atún Florida lata,Abarrotes,6,5.5
2025-07-17,ABA-004,Fideos Don Vittorio 500g,Abarrotes,14,3.2
2025-07-17,BEB-001,Agua Cielo 625ml,Bebidas,10,1.5
2025-07-17,BEB-002,Gaseosa Inca Kola 500ml,Bebidas,17,2.5
2025-07-17,BEB-003,Cerveza Pilsen 355ml,Bebidas,10,4.0
2025-07-17,CUI-001,Jabón Bolívar barra,Cuidado,7,1.8
2025-07-17,LAC-001,Leche Gloria tarro,Lácteos,22,4.2
2025-07-17,LAC-002,Yogurt Gloria 1L,Lácteos,1,6.5
2025-07-17,LIM-001,Detergente Bolívar 520g,Limpieza,1,5.0
2025-07-17,LIM-002,Papel higiénico Suave x4,Limpieza,6,6.0
2025-07-17,SNK-001,Galleta Soda Field,Snacks,24,1.0
2025-07-17,SNK-002,Chocolate Sublime,Snacks,17,2.0
2025-07-18,ABA-001,Arroz Costeño 1kg,Abarrotes,18,4.5
2025-07-18,ABA-002,Aceite Primor 1L,Abarrotes,11,9.9
2025-07-18,ABA-003,Atún Florida lata,Abarrotes,7,5.5
2025-07-18,ABA-004,Fideos Don Vittorio 500g,Abarrotes,21,3.2
2025-07-18,BEB-001,Agua Cielo 625ml,Bebidas,12,1.5
2025-07-18,BEB-002,Gaseosa Inca Kola 500ml,Bebidas,17,2.5
2025-07-18,BEB-003,Cerveza Pilsen 355ml,Bebidas,12,4.0
2025-07-18,CUI-001,Jabón Bolívar barra,Cuidado,5,1.8
2025-07-18,LAC-001,Leche Gloria tarro,Lácteos,31,4.2
2025-07-18,LAC-002,Yogurt Gloria 1L,Lácteos,2,6.5
2025-07-18,LIM-001,Detergente Bolívar 520g,Limpieza,4,5.0
2025-07-18,LIM-002,Papel higiénico Suave x4,Limpieza,9,6.0
2025-07-18,SNK-001,Galleta Soda Field,Snacks,22,1.0
2025-07-18,SNK-002,Chocolate Sublime,Snacks,17,2.0
2025-07-19,ABA-001,Arroz Costeño 1kg,Abarrotes,18,4.5
2025-07-19,ABA-002,Aceite Primor 1L,Abarrotes,11,9.9
2025-07-19,ABA-003,Atún Florida lata,Abarrotes,13,5.5
2025-07-19,ABA-004,Fideos Don Vittorio 500g,Abarrotes,16,3.2
2025-07-19,BEB-001,Agua Cielo 625ml,Bebidas,13,1.5
2025-07-19,BEB-002,Gaseosa Inca Kola 500ml,Bebidas,15,2.5
2025-07-19,BEB-003,Cerveza Pilsen 355ml,Bebidas,13,4.0
2025-07-19,CUI-001,Jabón Bolívar barra,Cuidado,9,1.8
2025-07-19,LAC-001,Leche Gloria tarro,Lácteos,30,4.2
2025-07-19,LAC-002,Yogurt Gloria 1L,Lácteos,5,6.5
2025-07-19,LIM-001,Detergente Bolívar 520g,Limpieza,5,5.0
2025-07-19,LIM-002,Papel higiénico Suave x4,Limpieza,13,6.0
2025-07-19,SNK-001,Galleta Soda Field,Snacks,37,1.0
2025-07-19,SNK-002,Chocolate Sublime,Snacks,29,2.0
2025-07-20,ABA-001,Arroz Costeño 1kg,Abarrotes,20,4.5
2025-07-20,ABA-002,Aceite Primor 1L,Abarrotes,15,9.9
2025-07-20,ABA-003,Atún Florida lata,Abarrotes,5,5.5
2025-07-20,ABA-004,Fideos Don Vittorio 500g,Abarrotes,14,3.2
2025-07-20,BEB-001,Agua Cielo 625ml,Bebidas,11,1.5
2025-07-20,BEB-002,Gaseosa Inca Kola 500ml,Bebidas,18,2.5
2025-07-20,BEB-003,Cerveza Pilsen 355ml,Bebidas,11,4.0
2025-07-20,CUI-001,Jabón Bolívar barra,Cuidado,10,1.8
2025-07-20,LAC-001,Leche Gloria tarro,Lácteos,24,4.2
2025-07-20,LAC-002,Yogurt Gloria 1L,Lácteos,5,6.5
2025-07-20,LIM-001,Detergente Bolívar 520g,Limpieza,7,5.0
2025-07-20,LIM-002,Papel higiénico Suave x4,Limpieza,10,6.0
2025-07-20,SNK-001,Galleta Soda Field,Snacks,31,1.0
2025-07-20,SNK-002,Chocolate Sublime,Snacks,22,2.0
2025-07-21,ABA-001,Arroz Costeño 1kg,Abarrotes,9,4.5
2025-07-21,ABA-002,Aceite Primor 1L,Abarrotes,13,9.9
2025-07-21,ABA-003,Atún Florida lata,Abarrotes,7,5.5
2025-07-21,ABA-004,Fideos Don Vittorio 500g,Abarrotes,9,3.2
2025-07-21,BEB-001,Agua Cielo 625ml,Bebidas,2,1.5
2025-07-21,BEB-002,Gaseosa Inca Kola 500ml,Bebidas,13,2.5
2025-07-21,BEB-003,Cerveza Pilsen 355ml,Bebidas,14,4.0
2025-07-21,CUI-001,Jabón Bolívar barra,Cuidado,4,1.8
2025-07-21,LAC-001,Leche Gloria tarro,Lácteos,21,4.2
2025-07-21,LAC-002,Yogurt Gloria 1L,Lácteos,4,6.5
2025-07-21,LIM-001,Detergente Bolívar 520g,Limpieza,4,5.0
2025-07-21,LIM-002,Papel higiénico Suave x4,Limpieza,8,6.0
2025-07-21,SNK-001,Galleta Soda Field,Snacks,19,1.0
2025-07-21,SNK-002,Chocolate Sublime,Snacks,13,2.0
2025-07-22,ABA-001,Arroz Costeño 1kg,Abarrotes,10,4.5
2025-07-22,ABA-002,Aceite Primor 1L,Abarrotes,12,9.9
2025-07-22,ABA-003,Atún Florida lata,Abarrotes,11,5.5
2025-07-22,ABA-004,Fideos Don Vittorio 500g,Abarrotes,12,3.2
2025-07-22,BEB-001,Agua Cielo 625ml,Bebidas,15,1.5
2025-07-22,BEB-002,Gaseosa Inca Kola 500ml,Bebidas,30,2.5
2025-07-22,BEB-003,Cerveza Pilsen 355ml,Bebidas,22,4.0
2025-07-22,CUI-001,Jabón Bolívar barra,Cuidado,6,1.8
2025-07-22,LAC-001,Leche Gloria tarro,Lácteos,22,4.2
2025-07-22,LAC-002,Yogurt Gloria 1L,Lácteos,5,6.5
2025-07-22,LIM-001,Detergente Bolívar 520g,Limpieza,3,5.0
2025-07-22,LIM-002,Papel higiénico Suave x4,Limpieza,6,6.0
2025-07-22,SNK-001,Galleta Soda Field,Snacks,34,1.0
2025-07-22,SNK-002,Chocolate Sublime,Snacks,20,2.0
2025-07-23,ABA-001,Arroz Costeño 1kg,Abarrotes,24,4.5
2025-07-23,ABA-002,Aceite Primor 1L,Abarrotes,12,9.9
2025-07-23,ABA-003,Atún Florida lata,Abarrotes,2,5.5
2025-07-23,ABA-004,Fideos Don Vittorio 500g,Abarrotes,16,3.2
2025-07-23,BEB-001,Agua Cielo 625ml,Bebidas,7,1.5
2025-07-23,BEB-002,Gaseosa Inca Kola 500ml,Bebidas,20,2.5
2025-07-23,BEB-003,Cerveza Pilsen 355ml,Bebidas,14,4.0
2025-07-23,CUI-001,Jabón Bolívar barra,Cuidado,6,1.8
2025-07-23,LAC-001,Leche Gloria tarro,Lácteos,23,4.2
2025-07-23,LAC-002,Yogurt Gloria 1L,Lácteos,5,6.5
2025-07-23,LIM-001,Detergente Bolívar 520g,Limpieza,4,5.0
2025-07-23,LIM-002,Papel higiénico Suave x4,Limpieza,6,6.0
2025-07-23,SNK-001,Galleta Soda Field,Snacks,28,1.0
2025-07-23,SNK-002,Chocolate Sublime,Snacks,18,2.0
2025-07-24,ABA-001,Arroz Costeño 1kg,Abarrotes,9,4.5
2025-07-24,ABA-002,Aceite Primor 1L,Abarrotes,11,9.9
2025-07-24,ABA-003,Atún Florida lata,Abarrotes,10,5.5
2025-07-24,ABA-004,Fideos Don Vittorio 500g,Abarrotes,19,3.2
2025-07-24,BEB-001,Agua Cielo 625ml,Bebidas,15,1.5
2025-07-24,BEB-002,Gaseosa Inca Kola 500ml,Bebidas,23,2.5
2025-07-24,BEB-003,Cerveza Pilsen 355ml,Bebidas,8,4.0
2025-07-24,CUI-001,Jabón Bolívar barra,Cuidado,5,1.8
2025-07-24,LAC-001,Leche Gloria tarro,Lácteos,39,4.2
2025-07-24,LAC-002,Yogurt Gloria 1L,Lácteos,3,6.5
2025-07-24,LIM-001,Detergente Bolívar 520g,Limpieza,5,5.0
2025-07-24,LIM-002,Papel higiénico Suave x4,Limpieza,7,6.0
2025-07-24,SNK-001,Galleta Soda Field,Snacks,20,1.0
2025-07-24,SNK-002,Chocolate Sublime,Snacks,20,2.0
2025-07-25,ABA-001,Arroz Costeño 1kg,Abarrotes,17,4.5
2025-07-25,ABA-002,Aceite Primor 1L,Abarrotes,5,9.9
2025-07-25,ABA-003,Atún Florida lata,Abarrotes,5,5.5
2025-07-25,ABA-004,Fideos Don Vittorio 500g,Abarrotes,10,3.2
2025-07-25,BEB-001,Agua Cielo 625ml,Bebidas,13,1.5
2025-07-25,BEB-002,Gaseosa Inca Kola 500ml,Bebidas,26,2.5
2025-07-25,BEB-003,Cerveza Pilsen 355ml,Bebidas,9,4.0
2025-07-25,CUI-001,Jabón Bolívar barra,Cuidado,5,1.8
2025-07-25,LAC-001,Leche Gloria tarro,Lácteos,26,4.2
2025-07-25,LAC-002,Yogurt Gloria 1L,Lácteos,3,6.5
2025-07-25,LIM-001,Detergente Bolívar 520g,Limpieza,5,5.0
2025-07-25,LIM-002,Papel higiénico Suave x4,Limpieza,3,6.0
2025-07-25,SNK-001,Galleta Soda Field,Snacks,27,1.0
2025-07-25,SNK-002,Chocolate Sublime,Snacks,22,2.0
2025-07-26,ABA-001,Arroz Costeño 1kg,Abarrotes,21,4.5
2025-07-26,ABA-002,Aceite Primor 1L,Abarrotes,21,9.9
2025-07-26,ABA-003,Atún Florida lata,Abarrotes,7,5.5
2025-07-26,ABA-004,Fideos Don Vittorio 500g,Abarrotes,19,3.2
2025-07-26,BEB-001,Agua Cielo 625ml,Bebidas,6,1.5
2025-07-26,BEB-002,Gaseosa Inca Kola 500ml,Bebidas,21,2.5
2025-07-26,BEB-003,Cerveza Pilsen 355ml,Bebidas,13,4.0
2025-07-26,CUI-001,Jabón Bolívar barra,Cuidado,5,1.8
2025-07-26,LAC-001,Leche Gloria tarro,Lácteos,18,4.2
2025-07-26,LAC-002,Yogurt Gloria 1L,Lácteos,4,6.5
2025-07-26,LIM-001,Detergente Bolívar 520g,Limpieza,4,5.0
2025-07-26,LIM-002,Papel higiénico Suave x4,Limpieza,10,6.0
2025-07-26,SNK-001,Galleta Soda Field,Snacks,31,1.0
2025-07-26,SNK-002,Chocolate Sublime,Snacks,23,2.0
2025-07-27,ABA-001,Arroz Costeño 1kg,Abarrotes,16,4.5
2025-07-27,ABA-002,Aceite Primor 1L,Abarrotes,12,9.9
2025-07-27,ABA-003,Atún Florida lata,Abarrotes,5,5.5
2025-07-27,ABA-004,Fideos Don Vittorio 500g,Abarrotes,14,3.2
2025-07-27,BEB-001,Agua Cielo 625ml,Bebidas,14,1.5
2025-07-27,BEB-002,Gaseosa Inca Kola 500ml,Bebidas,27,2.5
2025-07-27,BEB-003,Cerveza Pilsen 355ml,Bebidas,11,4.0
2025-07-27,CUI-001,Jabón Bolívar barra,Cuidado,9,1.8
2025-07-27,LAC-001,Leche Gloria tarro,Lácteos,34,4.2
2025-07-27,LAC-002,Yogurt Gloria 1L,Lácteos,4,6.5
2025-07-27,LIM-001,Detergente Bolívar 520g,Limpieza,3,5.0
2025-07-27,LIM-002,Papel higiénico Suave x4,Limpieza,10,6.0
2025-07-27,SNK-001,Galleta Soda Field,Snacks,27,1.0
2025-07-27,SNK-002,Chocolate Sublime,Snacks,25,2.0
2025-07-28,ABA-001,Arroz Costeño 1kg,Abarrotes,14,4.5
2025-07-28,ABA-002,Aceite Primor 1L,Abarrotes,11,9.9
2025-07-28,ABA-003,Atún Florida lata,Abarrotes,8,5.5
2025-07-28,ABA-004,Fideos Don Vittorio 500g,Abarrotes,14,3.2
2025-07-28,BEB-001,Agua Cielo 625ml,Bebidas,12,1.5
2025-07-28,BEB-002,Gaseosa Inca Kola 500ml,Bebidas,20,2.5
2025-07-28,BEB-003,Cerveza Pilsen 355ml,Bebidas,9,4.0
2025-07-28,CUI-001,Jabón Bolívar barra,Cuidado,7,1.8
2025-07-28,LAC-001,Leche Gloria tarro,Lácteos,15,4.2
2025-07-28,LAC-002,Yogurt Gloria 1L,Lácteos,3,6.5
2025-07-28,LIM-001,Detergente Bolívar 520g,Limpieza,4,5.0
2025-07-28,LIM-002,Papel higiénico Suave x4,Limpieza,4,6.0
2025-07-28,SNK-001,Galleta Soda Field,Snacks,23,1.0
2025-07-28,SNK-002,Chocolate Sublime,Snacks,16,2.0
2025-07-29,ABA-001,Arroz Costeño 1kg,Abarrotes,18,4.5
2025-07-29,ABA-002,Aceite Primor 1L,Abarrotes,8,9.9
2025-07-29,ABA-003,Atún Florida lata,Abarrotes,6,5.5
2025-07-29,ABA-004,Fideos Don Vittorio 500g,Abarrotes,16,3.2
2025-07-29,BEB-001,Agua Cielo 625ml,Bebidas,15,1.5
2025-07-29,BEB-002,Gaseosa Inca Kola 500ml,Bebidas,14,2.5
2025-07-29,BEB-003,Cerveza Pilsen 355ml,Bebidas,10,4.0
2025-07-29,CUI-001,Jabón Bolívar barra,Cuidado,6,1.8
2025-07-29,LAC-001,Leche Gloria tarro,Lácteos,28,4.2
2025-07-29,LAC-002,Yogurt Gloria 1L,Lácteos,4,6.5
2025-07-29,LIM-001,Detergente Bolívar 520g,Limpieza,2,5.0
2025-07-29,LIM-002,Papel higiénico Suave x4,Limpieza,3,6.0
2025-07-29,SNK-001,Galleta Soda Field,Snacks,27,1.0
2025-07-29,SNK-002,Chocolate Sublime,Snacks,24,2.0
2025-07-30,ABA-001,Arroz Costeño 1kg,Abarrotes,9,4.5
2025-07-30,ABA-002,Aceite Primor 1L,Abarrotes,7,9.9
2025-07-30,ABA-003,Atún Florida lata,Abarrotes,13,5.5
2025-07-30,ABA-004,Fideos Don Vittorio 500g,Abarrotes,12,3.2
2025-07-30,BEB-001,Agua Cielo 625ml,Bebidas,11,1.5
2025-07-30,BEB-002,Gaseosa Inca Kola 500ml,Bebidas,16,2.5
2025-07-30,BEB-003,Cerveza Pilsen 355ml,Bebidas,9,4.0
2025-07-30,CUI-001,Jabón Bolívar barra,Cuidado,8,1.8
2025-07-30,LAC-001,Leche Gloria tarro,Lácteos,25,4.2
2025-07-30,LAC-002,Yogurt Gloria 1L,Lácteos,4,6.5
2025-07-30,LIM-001,Detergente Bolívar 520g,Limpieza,3,5.0
2025-07-30,LIM-002,Papel higiénico Suave x4,Limpieza,5,6.0
2025-07-30,SNK-001,Galleta Soda Field,Snacks,23,1.0
2025-07-30,SNK-002,Chocolate Sublime,Snacks,23,2.0
2025-07-31,ABA-001,Arroz Costeño 1kg,Abarrotes,12,4.5
2025-07-31,ABA-002,Aceite Primor 1L,Abarrotes,10,9.9
2025-07-31,ABA-003,Atún Florida lata,Abarrotes,7,5.5
2025-07-31,ABA-004,Fideos Don Vittorio 500g,Abarrotes,8,3.2
2025-07-31,BEB-001,Agua Cielo 625ml,Bebidas,11,1.5
2025-07-31,BEB-002,Gaseosa Inca Kola 500ml,Bebidas,11,2.5
2025-07-31,BEB-003,Cerveza Pilsen 355ml,Bebidas,8,4.0
2025-07-31,CUI-001,Jabón Bolívar barra,Cuidado,6,1.8
2025-07-31,LAC-001,Leche Gloria tarro,Lácteos,31,4.2
2025-07-31,LAC-002,Yogurt Gloria 1L,Lácteos,4,6.5
2025-07-31,LIM-001,Detergente Bolívar 520g,Limpieza,4,5.0
2025-07-31,LIM-002,Papel higiénico Suave x4,Limpieza,5,6.0
2025-07-31,SNK-001,Galleta Soda Field,Snacks,22,1.0
2025-07-31,SNK-002,Chocolate Sublime,Snacks,18,2.0
2025-08-01,ABA-001,Arroz Costeño 1kg,Abarrotes,20,4.5
2025-08-01,ABA-002,Aceite Primor 1L,Abarrotes,8,9.9
2025-08-01,ABA-003,Atún Florida lata,Abarrotes,4,5.5
2025-08-01,ABA-004,Fideos Don Vittorio 500g,Abarrotes,9,3.2
2025-08-01,BEB-001,Agua Cielo 625ml,Bebidas,8,1.5
2025-08-01,BEB-002,Gaseosa Inca Kola 500ml,Bebidas,20,2.5
2025-08-01,BEB-003,Cerveza Pilsen 355ml,Bebidas,13,4.0
2025-08-01,CUI-001,Jabón Bolívar barra,Cuidado,12,1.8
2025-08-01,LAC-001,Leche Gloria tarro,Lácteos,28,4.2
2025-08-01,LAC-002,Yogurt Gloria 1L,Lácteos,5,6.5
2025-08-01,LIM-001,Detergente Bolívar 520g,Limpieza,7,5.0
2025-08-01,LIM-002,Papel higiénico Suave x4,Limpieza,6,6.0
2025-08-01,SNK-001,Galleta Soda Field,Snacks,38,1.0
2025-08-01,SNK-002,Chocolate Sublime,Snacks,20,2.0
2025-08-02,ABA-001,Arroz Costeño 1kg,Abarrotes,17,4.5
2025-08-02,ABA-002,Aceite Primor 1L,Abarrotes,11,9.9
2025-08-02,ABA-003,Atún Florida lata,Abarrotes,7,5.5
2025-08-02,ABA-004,Fideos Don Vittorio 500g,Abarrotes,17,3.2
2025-08-02,BEB-001,Agua Cielo 625ml,Bebidas,15,1.5
2025-08-02,BEB-002,Gaseosa Inca Kola 500ml,Bebidas,29,2.5
2025-08-02,BEB-003,Cerveza Pilsen 355ml,Bebidas,15,4.0
2025-08-02,CUI-001,Jabón Bolívar barra,Cuidado,11,1.8
2025-08-02,LAC-001,Leche Gloria tarro,Lácteos,30,4.2
2025-08-02,LAC-002,Yogurt Gloria 1L,Lácteos,8,6.5
2025-08-02,LIM-001,Detergente Bolívar 520g,Limpieza,5,5.0
2025-08-02,LIM-002,Papel higiénico Suave x4,Limpieza,8,6.0
2025-08-02,SNK-001,Galleta Soda Field,Snacks,30,1.0
2025-08-02,SNK-002,Chocolate Sublime,Snacks,15,2.0
2025-08-03,ABA-001,Arroz Costeño 1kg,Abarrotes,24,4.5
2025-08-03,ABA-002,Aceite Primor 1L,Abarrotes,13,9.9
2025-08-03,ABA-003,Atún Florida lata,Abarrotes,9,5.5
2025-08-03,ABA-004,Fideos Don Vittorio 500g,Abarrotes,12,3.2
2025-08-03,BEB-001,Agua Cielo 625ml,Bebidas,17,1.5
2025-08-03,BEB-002,Gaseosa Inca Kola 500ml,Bebidas,20,2.5
2025-08-03,BEB-003,Cerveza Pilsen 355ml,Bebidas,8,4.0
2025-08-03,CUI-001,Jabón Bolívar barra,Cuidado,13,1.8
2025-08-03,LAC-001,Leche Gloria tarro,Lácteos,41,4.2
2025-08-03,LAC-002,Yogurt Gloria 1L,Lácteos,6,6.5
2025-08-03,LIM-001,Detergente Bolívar 520g,Limpieza,1,5.0
2025-08-03,LIM-002,Papel higiénico Suave x4,Limpieza,5,6.0
2025-08-03,SNK-001,Galleta Soda Field,Snacks,34,1.0
2025-08-03,SNK-002,Chocolate Sublime,Snacks,29,2.0
2025-08-04,ABA-001,Arroz Costeño 1kg,Abarrotes,12,4.5
2025-08-04,ABA-002,Aceite Primor 1L,Abarrotes,11,9.9
2025-08-04,ABA-003,Atún Florida lata,Abarrotes,7,5.5
2025-08-04,ABA-004,Fideos Don Vittorio 500g,Abarrotes,14,3.2
2025-08-04,BEB-001,Agua Cielo 625ml,Bebidas,13,1.5
2025-08-04,BEB-002,Gaseosa Inca Kola 500ml,Bebidas,23,2.5
2025-08-04,BEB-003,Cerveza Pilsen 355ml,Bebidas,10,4.0
2025-08-04,CUI-001,Jabón Bolívar barra,Cuidado,9,1.8
2025-08-04,LAC-001,Leche Gloria tarro,Lácteos,30,4.2
2025-08-04,LAC-002,Yogurt Gloria 1L,Lácteos,5,6.5
2025-08-04,LIM-001,Detergente Bolívar 520g,Limpieza,6,5.0
2025-08-04,LIM-002,Papel higiénico Suave x4,Limpieza,10,6.0
2025-08-04,SNK-001,Galleta Soda Field,Snacks,29,1.0
2025-08-04,SNK-002,Chocolate Sublime,Snacks,24,2.0
2025-08-05,ABA-001,Arroz Costeño 1kg,Abarrotes,17,4.5
2025-08-05,ABA-002,Aceite Primor 1L,Abarrotes,17,9.9
2025-08-05,ABA-003,Atún Florida lata,Abarrotes,8,5.5
2025-08-05,ABA-004,Fideos Don Vittorio 500g,Abarrotes,16,3.2
2025-08-05,BEB-001,Agua Cielo 625ml,Bebidas,12,1.5
2025-08-05,BEB-002,Gaseosa Inca Kola 500ml,Bebidas,24,2.5
2025-08-05,BEB-003,Cerveza Pilsen 355ml,Bebidas,8,4.0
2025-08-05,CUI-001,Jabón Bolívar barra,Cuidado,4,1.8
2025-08-05,LAC-001,Leche Gloria tarro,Lácteos,17,4.2
2025-08-05,LAC-002,Yogurt Gloria 1L,Lácteos,2,6.5
2025-08-05,LIM-001,Detergente Bolívar 520g,Limpieza,5,5.0
2025-08-05,LIM-002,Papel higiénico Suave x4,Limpieza,9,6.0
2025-08-05,SNK-001,Galleta Soda Field,Snacks,33,1.0
2025-08-05,SNK-002,Chocolate Sublime,Snacks,17,2.0
2025-08-06,ABA-001,Arroz Costeño 1kg,Abarrotes,14,4.5
2025-08-06,ABA-002,Aceite Primor 1L,Abarrotes,4,9.9
2025-08-06,ABA-003,Atún Florida lata,Abarrotes,5,5.5
2025-08-06,ABA-004,Fideos Don Vittorio 500g,Abarrotes,11,3.2
2025-08-06,BEB-001,Agua Cielo 625ml,Bebidas,11,1.5
2025-08-06,BEB-002,Gaseosa Inca Kola 500ml,Bebidas,20,2.5
2025-08-06,BEB-003,Cerveza Pilsen 355ml,Bebidas,16,4.0
2025-08-06,CUI-001,Jabón Bolívar barra,Cuidado,8,1.8
2025-08-06,LAC-001,Leche Gloria tarro,Lácteos,18,4.2
2025-08-06,LAC-002,Yogurt Gloria 1L,Lácteos,4,6.5
2025-08-06,LIM-001,Detergente Bolívar 520g,Limpieza,2,5.0
2025-08-06,LIM-002,Papel higiénico Suave x4,Limpieza,6,6.0
2025-08-06,SNK-001,Galleta Soda Field,Snacks,33,1.0
2025-08-06,SNK-002,Chocolate Sublime,Snacks,18,2.0
2025-08-07,ABA-001,Arroz Costeño 1kg,Abarrotes,16,4.5
2025-08-07,ABA-002,Aceite Primor 1L,Abarrotes,8,9.9
2025-08-07,ABA-003,Atún Florida lata,Abarrotes,6,5.5
2025-08-07,ABA-004,Fideos Don Vittorio 500g,Abarrotes,18,3.2
2025-08-07,BEB-001,Agua Cielo 625ml,Bebidas,4,1.5
2025-08-07,BEB-002,Gaseosa Inca Kola 500ml,Bebidas,17,2.5
2025-08-07,BEB-003,Cerveza Pilsen 355ml,Bebidas,14,4.0
2025-08-07,CUI-001,Jabón Bolívar barra,Cuidado,11,1.8
2025-08-07,LAC-001,Leche Gloria tarro,Lácteos,23,4.2
2025-08-07,LAC-002,Yogurt Gloria 1L,Lácteos,5,6.5
2025-08-07,LIM-001,Detergente Bolívar 520g,Limpieza,2,5.0
2025-08-07,LIM-002,Papel higiénico Suave x4,Limpieza,8,6.0
2025-08-07,SNK-001,Galleta Soda Field,Snacks,27,1.0
2025-08-07,SNK-002,Chocolate Sublime,Snacks,20,2.0
2025-08-08,ABA-001,Arroz Costeño 1kg,Abarrotes,15,4.5
2025-08-08,ABA-002,Aceite Primor 1L,Abarrotes,10,9.9
2025-08-08,ABA-003,Atún Florida lata,Abarrotes,6,5.5
2025-08-08,ABA-004,Fideos Don Vittorio 500g,Abarrotes,15,3.2
2025-08-08,BEB-001,Agua Cielo 625ml,Bebidas,12,1.5
2025-08-08,BEB-002,Gaseosa Inca Kola 500ml,Bebidas,18,2.5
2025-08-08,BEB-003,Cerveza Pilsen 355ml,Bebidas,15,4.0
2025-08-08,CUI-001,Jabón Bolívar barra,Cuidado,6,1.8
2025-08-08,LAC-001,Leche Gloria tarro,Lácteos,24,4.2
2025-08-08,LAC-002,Yogurt Gloria 1L,Lácteos,5,6.5
2025-08-08,LIM-001,Detergente Bolívar 520g,Limpieza,2,5.0
2025-08-08,LIM-002,Papel higiénico Suave x4,Limpieza,9,6.0
2025-08-08,SNK-001,Galleta Soda Field,Snacks,37,1.0
2025-08-08,SNK-002,Chocolate Sublime,Snacks,12,2.0
2025-08-09,ABA-001,Arroz Costeño 1kg,Abarrotes,23,4.5
2025-08-09,ABA-002,Aceite Primor 1L,Abarrotes,11,9.9
2025-08-09,ABA-003,Atún Florida lata,Abarrotes,6,5.5
2025-08-09,ABA-004,Fideos Don Vittorio 500g,Abarrotes,16,3.2
2025-08-09,BEB-001,Agua Cielo 625ml,Bebidas,15,1.5
2025-08-09,BEB-002,Gaseosa Inca Kola 500ml,Bebidas,21,2.5
2025-08-09,BEB-003,Cerveza Pilsen 355ml,Bebidas,13,4.0
2025-08-09,CUI-001,Jabón Bolívar barra,Cuidado,8,1.8
2025-08-09,LAC-001,Leche Gloria tarro,Lácteos,28,4.2
2025-08-09,LAC-002,Yogurt Gloria 1L,Lácteos,2,6.5
2025-08-09,LIM-001,Detergente Bolívar 520g,Limpieza,5,5.0
2025-08-09,LIM-002,Papel higiénico Suave x4,Limpieza,10,6.0
2025-08-09,SNK-001,Galleta Soda Field,Snacks,38,1.0
2025-08-09,SNK-002,Chocolate Sublime,Snacks,12,2.0
2025-08-10,ABA-001,Arroz Costeño 1kg,Abarrotes,23,4.5
2025-08-10,ABA-002,Aceite Primor 1L,Abarrotes,12,9.9
2025-08-10,ABA-003,Atún Florida lata,Abarrotes,5,5.5
2025-08-10,ABA-004,Fideos Don Vittorio 500g,Abarrotes,9,3.2
2025-08-10,BEB-001,Agua Cielo 625ml,Bebidas,10,1.5
2025-08-10,BEB-002,Gaseosa Inca Kola 500ml,Bebidas,19,2.5
2025-08-10,BEB-003,Cerveza Pilsen 355ml,Bebidas,21,4.0
2025-08-10,CUI-001,Jabón Bolívar barra,Cuidado,8,1.8
2025-08-10,LAC-001,Leche Gloria tarro,Lácteos,20,4.2
2025-08-10,LAC-002,Yogurt Gloria 1L,Lácteos,5,6.5
2025-08-10,LIM-001,Detergente Bolívar 520g,Limpieza,5,5.0
2025-08-10,LIM-002,Papel higiénico Suave x4,Limpieza,7,6.0
2025-08-10,SNK-001,Galleta Soda Field,Snacks,33,1.0
2025-08-10,SNK-002,Chocolate Sublime,Snacks,22,2.0
2025-08-11,ABA-001,Arroz Costeño 1kg,Abarrotes,20,4.5
2025-08-11,ABA-002,Aceite Primor 1L,Abarrotes,12,9.9
2025-08-11,ABA-003,Atún Florida lata,Abarrotes,7,5.5
2025-08-11,ABA-004,Fideos Don Vittorio 500g,Abarrotes,18,3.2
2025-08-11,BEB-001,Agua Cielo 625ml,Bebidas,11,1.5
2025-08-11,BEB-002,Gaseosa Inca Kola 500ml,Bebidas,15,2.5
2025-08-11,BEB-003,Cerveza Pilsen 355ml,Bebidas,6,4.0
2025-08-11,CUI-001,Jabón Bolívar barra,Cuidado,3,1.8
2025-08-11,LAC-001,Leche Gloria tarro,Lácteos,27,4.2
2025-08-11,LAC-002,Yogurt Gloria 1L,Lácteos,3,6.5
2025-08-11,LIM-001,Detergente Bolívar 520g,Limpieza,5,5.0
2025-08-11,LIM-002,Papel higiénico Suave x4,Limpieza,12,6.0
2025-08-11,SNK-001,Galleta Soda Field,Snacks,31,1.0
2025-08-11,SNK-002,Chocolate Sublime,Snacks,22,2.0
2025-08-12,ABA-001,Arroz Costeño 1kg,Abarrotes,14,4.5
2025-08-12,ABA-002,Aceite Primor 1L,Abarrotes,7,9.9
2025-08-12,ABA-003,Atún Florida lata,Abarrotes,6,5.5
2025-08-12,ABA-004,Fideos Don Vittorio 500g,Abarrotes,12,3.2
2025-08-12,BEB-001,Agua Cielo 625ml,Bebidas,14,1.5
2025-08-12,BEB-002,Gaseosa Inca Kola 500ml,Bebidas,21,2.5
2025-08-12,BEB-003,Cerveza Pilsen 355ml,Bebidas,12,4.0
2025-08-12,CUI-001,Jabón Bolívar barra,Cuidado,6,1.8
2025-08-12,LAC-001,Leche Gloria tarro,Lácteos,20,4.2
2025-08-12,LAC-002,Yogurt Gloria 1L,Lácteos,7,6.5
2025-08-12,LIM-001,Detergente Bolívar 520g,Limpieza,9,5.0
2025-08-12,LIM-002,Papel higiénico Suave x4,Limpieza,7,6.0
2025-08-12,SNK-001,Galleta Soda Field,Snacks,44,1.0
2025-08-12,SNK-002,Chocolate Sublime,Snacks,17,2.0
2025-08-13,ABA-001,Arroz Costeño 1kg,Abarrotes,15,4.5
2025-08-13,ABA-002,Aceite Primor 1L,Abarrotes,11,9.9
2025-08-13,ABA-003,Atún Florida lata,Abarrotes,1,5.5
2025-08-13,ABA-004,Fideos Don Vittorio 500g,Abarrotes,15,3.2
2025-08-13,BEB-001,Agua Cielo 625ml,Bebidas,11,1.5
2025-08-13,BEB-002,Gaseosa Inca Kola 500ml,Bebidas,21,2.5
2025-08-13,BEB-003,Cerveza Pilsen 355ml,Bebidas,22,4.0
2025-08-13,CUI-001,Jabón Bolívar barra,Cuidado,8,1.8
2025-08-13,LAC-001,Leche Gloria tarro,Lácteos,23,4.2
2025-08-13,LAC-002,Yogurt Gloria 1L,Lácteos,2,6.5
2025-08-13,LIM-001,Detergente Bolívar 520g,Limpieza,2,5.0
2025-08-13,LIM-002,Papel higiénico Suave x4,Limpieza,5,6.0
2025-08-13,SNK-001,Galleta Soda Field,Snacks,20,1.0
2025-08-13,SNK-002,Chocolate Sublime,Snacks,19,2.0
2025-08-14,ABA-001,Arroz Costeño 1kg,Abarrotes,13,4.5
2025-08-14,ABA-002,Aceite Primor 1L,Abarrotes,10,9.9
2025-08-14,ABA-003,Atún Florida lata,Abarrotes,3,5.5
2025-08-14,ABA-004,Fideos Don Vittorio 500g,Abarrotes,14,3.2
2025-08-14,BEB-001,Agua Cielo 625ml,Bebidas,13,1.5
2025-08-14,BEB-002,Gaseosa Inca Kola 500ml,Bebidas,18,2.5
2025-08-14,BEB-003,Cerveza Pilsen 355ml,Bebidas,10,4.0
2025-08-14,CUI-001,Jabón Bolívar barra,Cuidado,3,1.8
2025-08-14,LAC-001,Leche Gloria tarro,Lácteos,16,4.2
2025-08-14,LAC-002,Yogurt Gloria 1L,Lácteos,3,6.5
2025-08-14,LIM-001,Detergente Bolívar 520g,Limpieza,4,5.0
2025-08-14,LIM-002,Papel higiénico Suave x4,Limpieza,6,6.0
2025-08-14,SNK-001,Galleta Soda Field,Snacks,24,1.0
2025-08-14,SNK-002,Chocolate Sublime,Snacks,31,2.0
2025-08-15,ABA-001,Arroz Costeño 1kg,Abarrotes,13,4.5
2025-08-15,ABA-002,Aceite Primor 1L,Abarrotes,11,9.9
2025-08-15,ABA-003,Atún Florida lata,Abarrotes,4,5.5
2025-08-15,ABA-004,Fideos Don Vittorio 500g,Abarrotes,12,3.2
2025-08-15,BEB-001,Agua Cielo 625ml,Bebidas,14,1.5
2025-08-15,BEB-002,Gaseosa Inca Kola 500ml,Bebidas,20,2.5
2025-08-15,BEB-003,Cerveza Pilsen 355ml,Bebidas,15,4.0
2025-08-15,CUI-001,Jabón Bolívar barra,Cuidado,2,1.8
2025-08-15,LAC-001,Leche Gloria tarro,Lácteos,28,4.2
2025-08-15,LAC-002,Yogurt Gloria 1L,Lácteos,3,6.5
2025-08-15,LIM-001,Detergente Bolívar 520g,Limpieza,2,5.0
2025-08-15,LIM-002,Papel higiénico Suave x4,Limpieza,7,6.0
2025-08-15,SNK-001,Galleta Soda Field,Snacks,23,1.0
2025-08-15,SNK-002,Chocolate Sublime,Snacks,22,2.0
2025-08-16,ABA-001,Arroz Costeño 1kg,Abarrotes,15,4.5
2025-08-16,ABA-002,Aceite Primor 1L,Abarrotes,10,9.9
2025-08-16,ABA-003,Atún Florida lata,Abarrotes,6,5.5
2025-08-16,ABA-004,Fideos Don Vittorio 500g,Abarrotes,16,3.2
2025-08-16,BEB-001,Agua Cielo 625ml,Bebidas,8,1.5
2025-08-16,BEB-002,Gaseosa Inca Kola 500ml,Bebidas,21,2.5
2025-08-16,BEB-003,Cerveza Pilsen 355ml,Bebidas,13,4.0
2025-08-16,CUI-001,Jabón Bolívar barra,Cuidado,4,1.8
2025-08-16,LAC-001,Leche Gloria tarro,Lácteos,34,4.2
2025-08-16,LAC-002,Yogurt Gloria 1L,Lácteos,7,6.5
2025-08-16,LIM-001,Detergente Bolívar 520g,Limpieza,5,5.0
2025-08-16,LIM-002,Papel higiénico Suave x4,Limpieza,12,6.0
2025-08-16,SNK-001,Galleta Soda Field,Snacks,27,1.0
2025-08-16,SNK-002,Chocolate Sublime,Snacks,22,2.0
2025-08-17,ABA-001,Arroz Costeño 1kg,Abarrotes,17,4.5
2025-08-17,ABA-002,Aceite Primor 1L,Abarrotes,6,9.9
2025-08-17,ABA-003,Atún Florida lata,Abarrotes,5,5.5
2025-08-17,ABA-004,Fideos Don Vittorio 500g,Abarrotes,15,3.2
2025-08-17,BEB-001,Agua Cielo 625ml,Bebidas,22,1.5
2025-08-17,BEB-002,Gaseosa Inca Kola 500ml,Bebidas,24,2.5
2025-08-17,BEB-003,Cerveza Pilsen 355ml,Bebidas,15,4.0
2025-08-17,CUI-001,Jabón Bolívar barra,Cuidado,7,1.8
2025-08-17,LAC-001,Leche Gloria tarro,Lácteos,37,4.2
2025-08-17,LAC-002,Yogurt Gloria 1L,Lácteos,6,6.5
2025-08-17,LIM-001,Detergente Bolívar 520g,Limpieza,2,5.0
2025-08-17,LIM-002,Papel higiénico Suave x4,Limpieza,9,6.0
2025-08-17,SNK-001,Galleta Soda Field,Snacks,19,1.0
2025-08-17,SNK-002,Chocolate Sublime,Snacks,17,2.0
2025-08-18,ABA-001,Arroz Costeño 1kg,Abarrotes,14,4.5
2025-08-18,ABA-002,Aceite Primor 1L,Abarrotes,13,9.9
2025-08-18,ABA-003,Atún Florida lata,Abarrotes,11,5.5
2025-08-18,ABA-004,Fideos Don Vittorio 500g,Abarrotes,9,3.2
2025-08-18,BEB-001,Agua Cielo 625ml,Bebidas,11,1.5
2025-08-18,BEB-002,Gaseosa Inca Kola 500ml,Bebidas,21,2.5
2025-08-18,BEB-003,Cerveza Pilsen 355ml,Bebidas,12,4.0
2025-08-18,CUI-001,Jabón Bolívar barra,Cuidado,6,1.8
2025-08-18,LAC-001,Leche Gloria tarro,Lácteos,34,4.2
2025-08-18,LAC-002,Yogurt Gloria 1L,Lácteos,5,6.5
2025-08-18,LIM-001,Detergente Bolívar 520g,Limpieza,5,5.0
2025-08-18,LIM-002,Papel higiénico Suave x4,Limpieza,6,6.0
2025-08-18,SNK-001,Galleta Soda Field,Snacks,30,1.0
2025-08-18,SNK-002,Chocolate Sublime,Snacks,17,2.0
2025-08-19,ABA-001,Arroz Costeño 1kg,Abarrotes,14,4.5
2025-08-19,ABA-002,Aceite Primor 1L,Abarrotes,10,9.9
2025-08-19,ABA-003,Atún Florida lata,Abarrotes,5,5.5
2025-08-19,ABA-004,Fideos Don Vittorio 500g,Abarrotes,15,3.2
2025-08-19,BEB-001,Agua Cielo 625ml,Bebidas,12,1.5
2025-08-19,BEB-002,Gaseosa Inca Kola 500ml,Bebidas,24,2.5
2025-08-19,BEB-003,Cerveza Pilsen 355ml,Bebidas,9,4.0
2025-08-19,CUI-001,Jabón Bolívar barra,Cuidado,4,1.8
2025-08-19,LAC-001,Leche Gloria tarro,Lácteos,15,4.2
2025-08-19,LAC-002,Yogurt Gloria 1L,Lácteos,2,6.5
2025-08-19,LIM-001,Detergente Bolívar 520g,Limpieza,4,5.0
2025-08-19,LIM-002,Papel higiénico Suave x4,Limpieza,7,6.0
2025-08-19,SNK-001,Galleta Soda Field,Snacks,22,1.0
2025-08-19,SNK-002,Chocolate Sublime,Snacks,21,2.0
2025-08-20,ABA-001,Arroz Costeño 1kg,Abarrotes,18,4.5
2025-08-20,ABA-002,Aceite Primor 1L,Abarrotes,10,9.9
2025-08-20,ABA-004,Fideos Don Vittorio 500g,Abarrotes,16,3.2
2025-08-20,BEB-001,Agua Cielo 625ml,Bebidas,20,1.5
2025-08-20,BEB-002,Gaseosa Inca Kola 500ml,Bebidas,30,2.5
2025-08-20,BEB-003,Cerveza Pilsen 355ml,Bebidas,10,4.0
2025-08-20,CUI-001,Jabón Bolívar barra,Cuidado,4,1.8
2025-08-20,LAC-001,Leche Gloria tarro,Lácteos,29,4.2
2025-08-20,LAC-002,Yogurt Gloria 1L,Lácteos,2,6.5
2025-08-20,LIM-001,Detergente Bolívar 520g,Limpieza,1,5.0
2025-08-20,LIM-002,Papel higiénico Suave x4,Limpieza,7,6.0
2025-08-20,SNK-001,Galleta Soda Field,Snacks,18,1.0
2025-08-20,SNK-002,Chocolate Sublime,Snacks,17,2.0
2025-08-21,ABA-001,Arroz Costeño 1kg,Abarrotes,11,4.5
2025-08-21,ABA-002,Aceite Primor 1L,Abarrotes,9,9.9
2025-08-21,ABA-003,Atún Florida lata,Abarrotes,3,5.5
2025-08-21,ABA-004,Fideos Don Vittorio 500g,Abarrotes,16,3.2
2025-08-21,BEB-001,Agua Cielo 625ml,Bebidas,9,1.5
2025-08-21,BEB-002,Gaseosa Inca Kola 500ml,Bebidas,15,2.5
2025-08-21,BEB-003,Cerveza Pilsen 355ml,Bebidas,10,4.0
2025-08-21,CUI-001,Jabón Bolívar barra,Cuidado,6,1.8
2025-08-21,LAC-001,Leche Gloria tarro,Lácteos,29,4.2
2025-08-21,LAC-002,Yogurt Gloria 1L,Lácteos,4,6.5
2025-08-21,LIM-001,Detergente Bolívar 520g,Limpieza,4,5.0
2025-08-21,LIM-002,Papel higiénico Suave x4,Limpieza,10,6.0
2025-08-21,SNK-001,Galleta Soda Field,Snacks,29,1.0
2025-08-21,SNK-002,Chocolate Sublime,Snacks,17,2.0
2025-08-22,ABA-001,Arroz Costeño 1kg,Abarrotes,12,4.5
2025-08-22,ABA-002,Aceite Primor 1L,Abarrotes,14,9.9
2025-08-22,ABA-003,Atún Florida lata,Abarrotes,5,5.5
2025-08-22,ABA-004,Fideos Don Vittorio 500g,Abarrotes,14,3.2
2025-08-22,BEB-001,Agua Cielo 625ml,Bebidas,7,1.5
2025-08-22,BEB-002,Gaseosa Inca Kola 500ml,Bebidas,18,2.5
2025-08-22,BEB-003,Cerveza Pilsen 355ml,Bebidas,14,4.0
2025-08-22,CUI-001,Jabón Bolívar barra,Cuidado,4,1.8
2025-08-22,LAC-001,Leche Gloria tarro,Lácteos,21,4.2
2025-08-22,LAC-002,Yogurt Gloria 1L,Lácteos,4,6.5
2025-08-22,LIM-001,Detergente Bolívar 520g,Limpieza,11,5.0
2025-08-22,LIM-002,Papel higiénico Suave x4,Limpieza,15,6.0
2025-08-22,SNK-001,Galleta Soda Field,Snacks,23,1.0
2025-08-22,SNK-002,Chocolate Sublime,Snacks,20,2.0
2025-08-23,ABA-001,Arroz Costeño 1kg,Abarrotes,19,4.5
2025-08-23,ABA-002,Aceite Primor 1L,Abarrotes,9,9.9
2025-08-23,ABA-003,Atún Florida lata,Abarrotes,6,5.5
2025-08-23,ABA-004,Fideos Don Vittorio 500g,Abarrotes,12,3.2
2025-08-23,BEB-001,Agua Cielo 625ml,Bebidas,9,1.5
2025-08-23,BEB-002,Gaseosa Inca Kola 500ml,Bebidas,23,2.5
2025-08-23,BEB-003,Cerveza Pilsen 355ml,Bebidas,25,4.0
2025-08-23,CUI-001,Jabón Bolívar barra,Cuidado,4,1.8
2025-08-23,LAC-001,Leche Gloria tarro,Lácteos,27,4.2
2025-08-23,LAC-002,Yogurt Gloria 1L,Lácteos,6,6.5
2025-08-23,LIM-001,Detergente Bolívar 520g,Limpieza,4,5.0
2025-08-23,LIM-002,Papel higiénico Suave x4,Limpieza,11,6.0
2025-08-23,SNK-001,Galleta Soda Field,Snacks,33,1.0
2025-08-23,SNK-002,Chocolate Sublime,Snacks,17,2.0
2025-08-24,ABA-001,Arroz Costeño 1kg,Abarrotes,13,4.5
2025-08-24,ABA-002,Aceite Primor 1L,Abarrotes,11,9.9
2025-08-24,ABA-003,Atún Florida lata,Abarrotes,5,5.5
2025-08-24,ABA-004,Fideos Don Vittorio 500g,Abarrotes,15,3.2
2025-08-24,BEB-001,Agua Cielo 625ml,Bebidas,8,1.5
2025-08-24,BEB-002,Gaseosa Inca Kola 500ml,Bebidas,20,2.5
2025-08-24,BEB-003,Cerveza Pilsen 355ml,Bebidas,11,4.0
2025-08-24,CUI-001,Jabón Bolívar barra,Cuidado,4,1.8
2025-08-24,LAC-001,Leche Gloria tarro,Lácteos,26,4.2
2025-08-24,LAC-002,Yogurt Gloria 1L,Lácteos,5,6.5
2025-08-24,LIM-001,Detergente Bolívar 520g,Limpieza,6,5.0
2025-08-24,LIM-002,Papel higiénico Suave x4,Limpieza,7,6.0
2025-08-24,SNK-001,Galleta Soda Field,Snacks,37,1.0
2025-08-24,SNK-002,Chocolate Sublime,Snacks,19,2.0
2025-08-25,ABA-001,Arroz Costeño 1kg,Abarrotes,15,4.5
2025-08-25,ABA-002,Aceite Primor 1L,Abarrotes,13,9.9
2025-08-25,ABA-003,Atún Florida lata,Abarrotes,11,5.5
2025-08-25,ABA-004,Fideos Don Vittorio 500g,Abarrotes,15,3.2
2025-08-25,BEB-001,Agua Cielo 625ml,Bebidas,17,1.5
2025-08-25,BEB-002,Gaseosa Inca Kola 500ml,Bebidas,24,2.5
2025-08-25,BEB-003,Cerveza Pilsen 355ml,Bebidas,16,4.0
2025-08-25,CUI-001,Jabón Bolívar barra,Cuidado,6,1.8
2025-08-25,LAC-001,Leche Gloria tarro,Lácteos,19,4.2
2025-08-25,LAC-002,Yogurt Gloria 1L,Lácteos,7,6.5
2025-08-25,LIM-001,Detergente Bolívar 520g,Limpieza,2,5.0
2025-08-25,LIM-002,Papel higiénico Suave x4,Limpieza,4,6.0
2025-08-25,SNK-001,Galleta Soda Field,Snacks,24,1.0
2025-08-25,SNK-002,Chocolate Sublime,Snacks,24,2.0
2025-08-26,ABA-001,Arroz Costeño 1kg,Abarrotes,22,4.5
2025-08-26,ABA-002,Aceite Primor 1L,Abarrotes,4,9.9
2025-08-26,ABA-003,Atún Florida lata,Abarrotes,6,5.5
2025-08-26,ABA-004,Fideos Don Vittorio 500g,Abarrotes,11,3.2
2025-08-26,BEB-001,Agua Cielo 625ml,Bebidas,16,1.5
2025-08-26,BEB-002,Gaseosa Inca Kola 500ml,Bebidas,17,2.5
2025-08-26,BEB-003,Cerveza Pilsen 355ml,Bebidas,15,4.0
2025-08-26,CUI-001,Jabón Bolívar barra,Cuidado,9,1.8
2025-08-26,LAC-001,Leche Gloria tarro,Lácteos,24,4.2
2025-08-26,LAC-002,Yogurt Gloria 1L,Lácteos,3,6.5
2025-08-26,LIM-001,Detergente Bolívar 520g,Limpieza,2,5.0
2025-08-26,LIM-002,Papel higiénico Suave x4,Limpieza,12,6.0
2025-08-26,SNK-001,Galleta Soda Field,Snacks,36,1.0
2025-08-26,SNK-002,Chocolate Sublime,Snacks,23,2.0
2025-08-27,ABA-001,Arroz Costeño 1kg,Abarrotes,14,4.5
2025-08-27,ABA-002,Aceite Primor 1L,Abarrotes,10,9.9
2025-08-27,ABA-003,Atún Florida lata,Abarrotes,5,5.5
2025-08-27,ABA-004,Fideos Don Vittorio 500g,Abarrotes,6,3.2
2025-08-27,BEB-001,Agua Cielo 625ml,Bebidas,10,1.5
2025-08-27,BEB-002,Gaseosa Inca Kola 500ml,Bebidas,23,2.5
2025-08-27,BEB-003,Cerveza Pilsen 355ml,Bebidas,9,4.0
2025-08-27,CUI-001,Jabón Bolívar barra,Cuidado,6,1.8
2025-08-27,LAC-001,Leche Gloria tarro,Lácteos,25,4.2
2025-08-27,LAC-002,Yogurt Gloria 1L,Lácteos,7,6.5
2025-08-27,LIM-001,Detergente Bolívar 520g,Limpieza,9,5.0
2025-08-27,LIM-002,Papel higiénico Suave x4,Limpieza,7,6.0
2025-08-27,SNK-001,Galleta Soda Field,Snacks,23,1.0
2025-08-27,SNK-002,Chocolate Sublime,Snacks,12,2.0
2025-08-28,ABA-001,Arroz Costeño 1kg,Abarrotes,17,4.5
2025-08-28,ABA-002,Aceite Primor 1L,Abarrotes,17,9.9
2025-08-28,ABA-003,Atún Florida lata,Abarrotes,3,5.5
2025-08-28,ABA-004,Fideos Don Vittorio 500g,Abarrotes,13,3.2
2025-08-28,BEB-001,Agua Cielo 625ml,Bebidas,15,1.5
2025-08-28,BEB-002,Gaseosa Inca Kola 500ml,Bebidas,19,2.5
2025-08-28,BEB-003,Cerveza Pilsen 355ml,Bebidas,16,4.0
2025-08-28,CUI-001,Jabón Bolívar barra,Cuidado,8,1.8
2025-08-28,LAC-001,Leche Gloria tarro,Lácteos,26,4.2
2025-08-28,LAC-002,Yogurt Gloria 1L,Lácteos,9,6.5
2025-08-28,LIM-001,Detergente Bolívar 520g,Limpieza,3,5.0
2025-08-28,LIM-002,Papel higiénico Suave x4,Limpieza,4,6.0
2025-08-28,SNK-001,Galleta Soda Field,Snacks,26,1.0
2025-08-28,SNK-002,Chocolate Sublime,Snacks,21,2.0
2025-08-29,ABA-001,Arroz Costeño 1kg,Abarrotes,12,4.5
2025-08-29,ABA-002,Aceite Primor 1L,Abarrotes,8,9.9
2025-08-29,ABA-003,Atún Florida lata,Abarrotes,2,5.5
2025-08-29,ABA-004,Fideos Don Vittorio 500g,Abarrotes,13,3.2
2025-08-29,BEB-001,Agua Cielo 625ml,Bebidas,11,1.5
2025-08-29,BEB-002,Gaseosa Inca Kola 500ml,Bebidas,15,2.5
2025-08-29,BEB-003,Cerveza Pilsen 355ml,Bebidas,12,4.0
2025-08-29,CUI-001,Jabón Bolívar barra,Cuidado,2,1.8
2025-08-29,LAC-001,Leche Gloria tarro,Lácteos,26,4.2
2025-08-29,LAC-002,Yogurt Gloria 1L,Lácteos,5,6.5
2025-08-29,LIM-002,Papel higiénico Suave x4,Limpieza,6,6.0
2025-08-29,SNK-001,Galleta Soda Field,Snacks,23,1.0
2025-08-29,SNK-002,Chocolate Sublime,Snacks,26,2.0
2025-08-30,ABA-001,Arroz Costeño 1kg,Abarrotes,13,4.5
2025-08-30,ABA-002,Aceite Primor 1L,Abarrotes,17,9.9
2025-08-30,ABA-003,Atún Florida lata,Abarrotes,10,5.5
2025-08-30,ABA-004,Fideos Don Vittorio 500g,Abarrotes,9,3.2
2025-08-30,BEB-001,Agua Cielo 625ml,Bebidas,13,1.5
2025-08-30,BEB-002,Gaseosa Inca Kola 500ml,Bebidas,18,2.5
2025-08-30,BEB-003,Cerveza Pilsen 355ml,Bebidas,12,4.0
2025-08-30,CUI-001,Jabón Bolívar barra,Cuidado,10,1.8
2025-08-30,LAC-001,Leche Gloria tarro,Lácteos,31,4.2
2025-08-30,LAC-002,Yogurt Gloria 1L,Lácteos,4,6.5
2025-08-30,LIM-001,Detergente Bolívar 520g,Limpieza,5,5.0
2025-08-30,LIM-002,Papel higiénico Suave x4,Limpieza,14,6.0
2025-08-30,SNK-001,Galleta Soda Field,Snacks,33,1.0
2025-08-30,SNK-002,Chocolate Sublime,Snacks,19,2.0
2025-08-31,ABA-001,Arroz Costeño 1kg,Abarrotes,17,4.5
2025-08-31,ABA-002,Aceite Primor 1L,Abarrotes,15,9.9
2025-08-31,ABA-003,Atún Florida lata,Abarrotes,4,5.5
2025-08-31,ABA-004,Fideos Don Vittorio 500g,Abarrotes,12,3.2
2025-08-31,BEB-001,Agua Cielo 625ml,Bebidas,20,1.5
2025-08-31,BEB-002,Gaseosa Inca Kola 500ml,Bebidas,27,2.5
2025-08-31,BEB-003,Cerveza Pilsen 355ml,Bebidas,12,4.0
2025-08-31,CUI-001,Jabón Bolívar barra,Cuidado,8,1.8
2025-08-31,LAC-001,Leche Gloria tarro,Lácteos,35,4.2
2025-08-31,LIM-001,Detergente Bolívar 520g,Limpieza,4,5.0
2025-08-31,LIM-002,Papel higiénico Suave x4,Limpieza,5,6.0
2025-08-31,SNK-001,Galleta Soda Field,Snacks,23,1.0
2025-08-31,SNK-002,Chocolate Sublime,Snacks,27,2.0
2025-09-01,ABA-001,Arroz Costeño 1kg,Abarrotes,13,4.5
2025-09-01,ABA-002,Aceite Primor 1L,Abarrotes,5,9.9
2025-09-01,ABA-003,Atún Florida lata,Abarrotes,5,5.5
2025-09-01,ABA-004,Fideos Don Vittorio 500g,Abarrotes,23,3.2
2025-09-01,BEB-001,Agua Cielo 625ml,Bebidas,15,1.5
2025-09-01,BEB-002,Gaseosa Inca Kola 500ml,Bebidas,25,2.5
2025-09-01,BEB-003,Cerveza Pilsen 355ml,Bebidas,10,4.0
2025-09-01,CUI-001,Jabón Bolívar barra,Cuidado,7,1.8
2025-09-01,LAC-001,Leche Gloria tarro,Lácteos,18,4.2
2025-09-01,LAC-002,Yogurt Gloria 1L,Lácteos,3,6.5
2025-09-01,LIM-001,Detergente Bolívar 520g,Limpieza,5,5.0
2025-09-01,LIM-002,Papel higiénico Suave x4,Limpieza,19,6.0
2025-09-01,SNK-001,Galleta Soda Field,Snacks,21,1.0
2025-09-01,SNK-002,Chocolate Sublime,Snacks,15,2.0
2025-09-02,ABA-001,Arroz Costeño 1kg,Abarrotes,15,4.5
2025-09-02,ABA-002,Aceite Primor 1L,Abarrotes,10,9.9
2025-09-02,ABA-003,Atún Florida lata,Abarrotes,8,5.5
2025-09-02,ABA-004,Fideos Don Vittorio 500g,Abarrotes,8,3.2
2025-09-02,BEB-001,Agua Cielo 625ml,Bebidas,13,1.5
2025-09-02,BEB-002,Gaseosa Inca Kola 500ml,Bebidas,29,2.5
2025-09-02,BEB-003,Cerveza Pilsen 355ml,Bebidas,18,4.0
2025-09-02,CUI-001,Jabón Bolívar barra,Cuidado,7,1.8
2025-09-02,LAC-001,Leche Gloria tarro,Lácteos,13,4.2
2025-09-02,LAC-002,Yogurt Gloria 1L,Lácteos,4,6.5
2025-09-02,LIM-001,Detergente Bolívar 520g,Limpieza,3,5.0
2025-09-02,LIM-002,Papel higiénico Suave x4,Limpieza,9,6.0
2025-09-02,SNK-001,Galleta Soda Field,Snacks,32,1.0
2025-09-02,SNK-002,Chocolate Sublime,Snacks,17,2.0
2025-09-03,ABA-001,Arroz Costeño 1kg,Abarrotes,18,4.5
2025-09-03,ABA-002,Aceite Primor 1L,Abarrotes,7,9.9
2025-09-03,ABA-003,Atún Florida lata,Abarrotes,5,5.5
2025-09-03,ABA-004,Fideos Don Vittorio 500g,Abarrotes,16,3.2
2025-09-03,BEB-001,Agua Cielo 625ml,Bebidas,13,1.5
2025-09-03,BEB-002,Gaseosa Inca Kola 500ml,Bebidas,35,2.5
2025-09-03,BEB-003,Cerveza Pilsen 355ml,Bebidas,13,4.0
2025-09-03,CUI-001,Jabón Bolívar barra,Cuidado,5,1.8
2025-09-03,LAC-001,Leche Gloria tarro,Lácteos,25,4.2
2025-09-03,LAC-002,Yogurt Gloria 1L,Lácteos,11,6.5
2025-09-03,LIM-001,Detergente Bolívar 520g,Limpieza,4,5.0
2025-09-03,LIM-002,Papel higiénico Suave x4,Limpieza,7,6.0
2025-09-03,SNK-001,Galleta Soda Field,Snacks,24,1.0
2025-09-03,SNK-002,Chocolate Sublime,Snacks,18,2.0
2025-09-04,ABA-001,Arroz Costeño 1kg,Abarrotes,15,4.5
2025-09-04,ABA-002,Aceite Primor 1L,Abarrotes,11,9.9
2025-09-04,ABA-003,Atún Florida lata,Abarrotes,7,5.5
2025-09-04,ABA-004,Fideos Don Vittorio 500g,Abarrotes,17,3.2
2025-09-04,BEB-001,Agua Cielo 625ml,Bebidas,21,1.5
2025-09-04,BEB-002,Gaseosa Inca Kola 500ml,Bebidas,19,2.5
2025-09-04,BEB-003,Cerveza Pilsen 355ml,Bebidas,15,4.0
2025-09-04,CUI-001,Jabón Bolívar barra,Cuidado,4,1.8
2025-09-04,LAC-001,Leche Gloria tarro,Lácteos,25,4.2
2025-09-04,LAC-002,Yogurt Gloria 1L,Lácteos,8,6.5
2025-09-04,LIM-001,Detergente Bolívar 520g,Limpieza,5,5.0
2025-09-04,LIM-002,Papel higiénico Suave x4,Limpieza,10,6.0
2025-09-04,SNK-001,Galleta Soda Field,Snacks,23,1.0
2025-09-04,SNK-002,Chocolate Sublime,Snacks,13,2.0
2025-09-05,ABA-001,Arroz Costeño 1kg,Abarrotes,17,4.5
2025-09-05,ABA-002,Aceite Primor 1L,Abarrotes,10,9.9
2025-09-05,ABA-003,Atún Florida lata,Abarrotes,4,5.5
2025-09-05,ABA-004,Fideos Don Vittorio 500g,Abarrotes,6,3.2
2025-09-05,BEB-001,Agua Cielo 625ml,Bebidas,13,1.5
2025-09-05,BEB-002,Gaseosa Inca Kola 500ml,Bebidas,25,2.5
2025-09-05,BEB-003,Cerveza Pilsen 355ml,Bebidas,25,4.0
2025-09-05,CUI-001,Jabón Bolívar barra,Cuidado,9,1.8
2025-09-05,LAC-001,Leche Gloria tarro,Lácteos,24,4.2
2025-09-05,LAC-002,Yogurt Gloria 1L,Lácteos,8,6.5
2025-09-05,LIM-001,Detergente Bolívar 520g,Limpieza,7,5.0
2025-09-05,LIM-002,Papel higiénico Suave x4,Limpieza,15,6.0
2025-09-05,SNK-001,Galleta Soda Field,Snacks,26,1.0
2025-09-05,SNK-002,Chocolate Sublime,Snacks,24,2.0
2025-09-06,ABA-001,Arroz Costeño 1kg,Abarrotes,23,4.5
2025-09-06,ABA-002,Aceite Primor 1L,Abarrotes,8,9.9
2025-09-06,ABA-003,Atún Florida lata,Abarrotes,3,5.5
2025-09-06,ABA-004,Fideos Don Vittorio 500g,Abarrotes,7,3.2
2025-09-06,BEB-001,Agua Cielo 625ml,Bebidas,27,1.5
2025-09-06,BEB-002,Gaseosa Inca Kola 500ml,Bebidas,26,2.5
2025-09-06,BEB-003,Cerveza Pilsen 355ml,Bebidas,17,4.0
2025-09-06,CUI-001,Jabón Bolívar barra,Cuidado,4,1.8
2025-09-06,LAC-001,Leche Gloria tarro,Lácteos,20,4.2
2025-09-06,LAC-002,Yogurt Gloria 1L,Lácteos,6,6.5
2025-09-06,LIM-001,Detergente Bolívar 520g,Limpieza,6,5.0
2025-09-06,LIM-002,Papel higiénico Suave x4,Limpieza,10,6.0
2025-09-06,SNK-001,Galleta Soda Field,Snacks,25,1.0
2025-09-06,SNK-002,Chocolate Sublime,Snacks,19,2.0
2025-09-07,ABA-001,Arroz Costeño 1kg,Abarrotes,17,4.5
2025-09-07,ABA-002,Aceite Primor 1L,Abarrotes,18,9.9
2025-09-07,ABA-003,Atún Florida lata,Abarrotes,8,5.5
2025-09-07,ABA-004,Fideos Don Vittorio 500g,Abarrotes,13,3.2
2025-09-07,BEB-001,Agua Cielo 625ml,Bebidas,19,1.5
2025-09-07,BEB-002,Gaseosa Inca Kola 500ml,Bebidas,33,2.5
2025-09-07,BEB-003,Cerveza Pilsen 355ml,Bebidas,16,4.0
2025-09-07,CUI-001,Jabón Bolívar barra,Cuidado,11,1.8
2025-09-07,LAC-001,Leche Gloria tarro,Lácteos,28,4.2
2025-09-07,LAC-002,Yogurt Gloria 1L,Lácteos,11,6.5
2025-09-07,LIM-001,Detergente Bolívar 520g,Limpieza,5,5.0
2025-09-07,LIM-002,Papel higiénico Suave x4,Limpieza,22,6.0
2025-09-07,SNK-001,Galleta Soda Field,Snacks,27,1.0
2025-09-07,SNK-002,Chocolate Sublime,Snacks,28,2.0
2025-09-08,ABA-001,Arroz Costeño 1kg,Abarrotes,13,4.5
2025-09-08,ABA-002,Aceite Primor 1L,Abarrotes,9,9.9
2025-09-08,ABA-003,Atún Florida lata,Abarrotes,6,5.5
2025-09-08,ABA-004,Fideos Don Vittorio 500g,Abarrotes,12,3.2
2025-09-08,BEB-001,Agua Cielo 625ml,Bebidas,12,1.5
2025-09-08,BEB-002,Gaseosa Inca Kola 500ml,Bebidas,29,2.5
2025-09-08,BEB-003,Cerveza Pilsen 355ml,Bebidas,14,4.0
2025-09-08,CUI-001,Jabón Bolívar barra,Cuidado,8,1.8
2025-09-08,LAC-001,Leche Gloria tarro,Lácteos,17,4.2
2025-09-08,LAC-002,Yogurt Gloria 1L,Lácteos,3,6.5
2025-09-08,LIM-001,Detergente Bolívar 520g,Limpieza,7,5.0
2025-09-08,LIM-002,Papel higiénico Suave x4,Limpieza,9,6.0
2025-09-08,SNK-001,Galleta Soda Field,Snacks,26,1.0
2025-09-08,SNK-002,Chocolate Sublime,Snacks,14,2.0
2025-09-09,ABA-001,Arroz Costeño 1kg,Abarrotes,18,4.5
2025-09-09,ABA-002,Aceite Primor 1L,Abarrotes,5,9.9
2025-09-09,ABA-003,Atún Florida lata,Abarrotes,7,5.5
2025-09-09,ABA-004,Fideos Don Vittorio 500g,Abarrotes,12,3.2
2025-09-09,BEB-001,Agua Cielo 625ml,Bebidas,17,1.5
2025-09-09,BEB-002,Gaseosa Inca Kola 500ml,Bebidas,26,2.5
2025-09-09,BEB-003,Cerveza Pilsen 355ml,Bebidas,13,4.0
2025-09-09,CUI-001,Jabón Bolívar barra,Cuidado,9,1.8
2025-09-09,LAC-001,Leche Gloria tarro,Lácteos,18,4.2
2025-09-09,LAC-002,Yogurt Gloria 1L,Lácteos,2,6.5
2025-09-09,LIM-001,Detergente Bolívar 520g,Limpieza,5,5.0
2025-09-09,LIM-002,Papel higiénico Suave x4,Limpieza,10,6.0
2025-09-09,SNK-001,Galleta Soda Field,Snacks,20,1.0
2025-09-09,SNK-002,Chocolate Sublime,Snacks,16,2.0
2025-09-10,ABA-001,Arroz Costeño 1kg,Abarrotes,11,4.5
2025-09-10,ABA-002,Aceite Primor 1L,Abarrotes,12,9.9
2025-09-10,ABA-003,Atún Florida lata,Abarrotes,1,5.5
2025-09-10,ABA-004,Fideos Don Vittorio 500g,Abarrotes,10,3.2
2025-09-10,BEB-001,Agua Cielo 625ml,Bebidas,18,1.5
2025-09-10,BEB-002,Gaseosa Inca Kola 500ml,Bebidas,26,2.5
2025-09-10,BEB-003,Cerveza Pilsen 355ml,Bebidas,23,4.0
2025-09-10,CUI-001,Jabón Bolívar barra,Cuidado,6,1.8
2025-09-10,LAC-001,Leche Gloria tarro,Lácteos,20,4.2
2025-09-10,LAC-002,Yogurt Gloria 1L,Lácteos,2,6.5
2025-09-10,LIM-001,Detergente Bolívar 520g,Limpieza,9,5.0
2025-09-10,LIM-002,Papel higiénico Suave x4,Limpieza,6,6.0
2025-09-10,SNK-001,Galleta Soda Field,Snacks,27,1.0
2025-09-10,SNK-002,Chocolate Sublime,Snacks,16,2.0
2025-09-11,ABA-001,Arroz Costeño 1kg,Abarrotes,21,4.5
2025-09-11,ABA-002,Aceite Primor 1L,Abarrotes,7,9.9
2025-09-11,ABA-003,Atún Florida lata,Abarrotes,4,5.5
2025-09-11,ABA-004,Fideos Don Vittorio 500g,Abarrotes,6,3.2
2025-09-11,BEB-001,Agua Cielo 625ml,Bebidas,9,1.5
2025-09-11,BEB-002,Gaseosa Inca Kola 500ml,Bebidas,25,2.5
2025-09-11,BEB-003,Cerveza Pilsen 355ml,Bebidas,16,4.0
2025-09-11,CUI-001,Jabón Bolívar barra,Cuidado,9,1.8
2025-09-11,LAC-001,Leche Gloria tarro,Lácteos,21,4.2
2025-09-11,LAC-002,Yogurt Gloria 1L,Lácteos,7,6.5
2025-09-11,LIM-001,Detergente Bolívar 520g,Limpieza,5,5.0
2025-09-11,LIM-002,Papel higiénico Suave x4,Limpieza,12,6.0
2025-09-11,SNK-001,Galleta Soda Field,Snacks,22,1.0
2025-09-11,SNK-002,Chocolate Sublime,Snacks,17,2.0
2025-09-12,ABA-001,Arroz Costeño 1kg,Abarrotes,13,4.5
2025-09-12,ABA-002,Aceite Primor 1L,Abarrotes,8,9.9
2025-09-12,ABA-003,Atún Florida lata,Abarrotes,3,5.5
2025-09-12,ABA-004,Fideos Don Vittorio 500g,Abarrotes,10,3.2
2025-09-12,BEB-001,Agua Cielo 625ml,Bebidas,7,1.5
2025-09-12,BEB-002,Gaseosa Inca Kola 500ml,Bebidas,20,2.5
2025-09-12,BEB-003,Cerveza Pilsen 355ml,Bebidas,6,4.0
2025-09-12,CUI-001,Jabón Bolívar barra,Cuidado,7,1.8
2025-09-12,LAC-001,Leche Gloria tarro,Lácteos,25,4.2
2025-09-12,LAC-002,Yogurt Gloria 1L,Lácteos,4,6.5
2025-09-12,LIM-001,Detergente Bolívar 520g,Limpieza,5,5.0
2025-09-12,LIM-002,Papel higiénico Suave x4,Limpieza,6,6.0
2025-09-12,SNK-001,Galleta Soda Field,Snacks,23,1.0
2025-09-12,SNK-002,Chocolate Sublime,Snacks,21,2.0
2025-09-13,ABA-001,Arroz Costeño 1kg,Abarrotes,22,4.5
2025-09-13,ABA-002,Aceite Primor 1L,Abarrotes,5,9.9
2025-09-13,ABA-003,Atún Florida lata,Abarrotes,5,5.5
2025-09-13,ABA-004,Fideos Don Vittorio 500g,Abarrotes,11,3.2
2025-09-13,BEB-001,Agua Cielo 625ml,Bebidas,17,1.5
2025-09-13,BEB-002,Gaseosa Inca Kola 500ml,Bebidas,30,2.5
2025-09-13,BEB-003,Cerveza Pilsen 355ml,Bebidas,20,4.0
2025-09-13,CUI-001,Jabón Bolívar barra,Cuidado,13,1.8
2025-09-13,LAC-001,Leche Gloria tarro,Lácteos,17,4.2
2025-09-13,LAC-002,Yogurt Gloria 1L,Lácteos,15,6.5
2025-09-13,LIM-001,Detergente Bolívar 520g,Limpieza,9,5.0
2025-09-13,LIM-002,Papel higiénico Suave x4,Limpieza,12,6.0
2025-09-13,SNK-001,Galleta Soda Field,Snacks,23,1.0
2025-09-13,SNK-002,Chocolate Sublime,Snacks,15,2.0
2025-09-14,ABA-001,Arroz Costeño 1kg,Abarrotes,13,4.5
2025-09-14,ABA-002,Aceite Primor 1L,Abarrotes,11,9.9
2025-09-14,ABA-003,Atún Florida lata,Abarrotes,6,5.5
2025-09-14,ABA-004,Fideos Don Vittorio 500g,Abarrotes,15,3.2
2025-09-14,BEB-001,Agua Cielo 625ml,Bebidas,16,1.5
2025-09-14,BEB-002,Gaseosa Inca Kola 500ml,Bebidas,24,2.5
2025-09-14,BEB-003,Cerveza Pilsen 355ml,Bebidas,20,4.0
2025-09-14,CUI-001,Jabón Bolívar barra,Cuidado,3,1.8
2025-09-14,LAC-001,Leche Gloria tarro,Lácteos,33,4.2
2025-09-14,LAC-002,Yogurt Gloria 1L,Lácteos,4,6.5
2025-09-14,LIM-001,Detergente Bolívar 520g,Limpieza,4,5.0
2025-09-14,LIM-002,Papel higiénico Suave x4,Limpieza,9,6.0
2025-09-14,SNK-001,Galleta Soda Field,Snacks,31,1.0
2025-09-14,SNK-002,Chocolate Sublime,Snacks,25,2.0
2025-09-15,ABA-001,Arroz Costeño 1kg,Abarrotes,6,4.5
2025-09-15,ABA-002,Aceite Primor 1L,Abarrotes,8,9.9
2025-09-15,ABA-003,Atún Florida lata,Abarrotes,4,5.5
2025-09-15,ABA-004,Fideos Don Vittorio 500g,Abarrotes,10,3.2
2025-09-15,BEB-001,Agua Cielo 625ml,Bebidas,10,1.5
2025-09-15,BEB-002,Gaseosa Inca Kola 500ml,Bebidas,26,2.5
2025-09-15,BEB-003,Cerveza Pilsen 355ml,Bebidas,20,4.0
2025-09-15,CUI-001,Jabón Bolívar barra,Cuidado,9,1.8
2025-09-15,LAC-001,Leche Gloria tarro,Lácteos,20,4.2
2025-09-15,LAC-002,Yogurt Gloria 1L,Lácteos,5,6.5
2025-09-15,LIM-001,Detergente Bolívar 520g,Limpieza,5,5.0
2025-09-15,LIM-002,Papel higiénico Suave x4,Limpieza,12,6.0
2025-09-15,SNK-001,Galleta Soda Field,Snacks,22,1.0
2025-09-15,SNK-002,Chocolate Sublime,Snacks,20,2.0
2025-09-16,ABA-001,Arroz Costeño 1kg,Abarrotes,13,4.5
2025-09-16,ABA-002,Aceite Primor 1L,Abarrotes,7,9.9
2025-09-16,ABA-003,Atún Florida lata,Abarrotes,2,5.5
2025-09-16,ABA-004,Fideos Don Vittorio 500g,Abarrotes,12,3.2
2025-09-16,BEB-001,Agua Cielo 625ml,Bebidas,16,1.5
2025-09-16,BEB-002,Gaseosa Inca Kola 500ml,Bebidas,27,2.5
2025-09-16,BEB-003,Cerveza Pilsen 355ml,Bebidas,14,4.0
2025-09-16,CUI-001,Jabón Bolívar barra,Cuidado,7,1.8
2025-09-16,LAC-001,Leche Gloria tarro,Lácteos,16,4.2
2025-09-16,LAC-002,Yogurt Gloria 1L,Lácteos,8,6.5
2025-09-16,LIM-001,Detergente Bolívar 520g,Limpieza,3,5.0
2025-09-16,LIM-002,Papel higiénico Suave x4,Limpieza,8,6.0
2025-09-16,SNK-001,Galleta Soda Field,Snacks,25,1.0
2025-09-16,SNK-002,Chocolate Sublime,Snacks,14,2.0
2025-09-17,ABA-001,Arroz Costeño 1kg,Abarrotes,13,4.5
2025-09-17,ABA-002,Aceite Primor 1L,Abarrotes,7,9.9
2025-09-17,ABA-003,Atún Florida lata,Abarrotes,7,5.5
2025-09-17,ABA-004,Fideos Don Vittorio 500g,Abarrotes,10,3.2
2025-09-17,BEB-001,Agua Cielo 625ml,Bebidas,17,1.5
2025-09-17,BEB-002,Gaseosa Inca Kola 500ml,Bebidas,23,2.5
2025-09-17,BEB-003,Cerveza Pilsen 355ml,Bebidas,15,4.0
2025-09-17,CUI-001,Jabón Bolívar barra,Cuidado,4,1.8
2025-09-17,LAC-001,Leche Gloria tarro,Lácteos,16,4.2
2025-09-17,LAC-002,Yogurt Gloria 1L,Lácteos,7,6.5
2025-09-17,LIM-001,Detergente Bolívar 520g,Limpieza,4,5.0
2025-09-17,LIM-002,Papel higiénico Suave x4,Limpieza,7,6.0
2025-09-17,SNK-001,Galleta Soda Field,Snacks,38,1.0
2025-09-17,SNK-002,Chocolate Sublime,Snacks,10,2.0
2025-09-18,ABA-001,Arroz Costeño 1kg,Abarrotes,10,4.5
2025-09-18,ABA-002,Aceite Primor 1L,Abarrotes,6,9.9
2025-09-18,ABA-003,Atún Florida lata,Abarrotes,7,5.5
2025-09-18,ABA-004,Fideos Don Vittorio 500g,Abarrotes,10,3.2
2025-09-18,BEB-001,Agua Cielo 625ml,Bebidas,13,1.5
2025-09-18,BEB-002,Gaseosa Inca Kola 500ml,Bebidas,18,2.5
2025-09-18,BEB-003,Cerveza Pilsen 355ml,Bebidas,16,4.0
2025-09-18,CUI-001,Jabón Bolívar barra,Cuidado,6,1.8
2025-09-18,LAC-001,Leche Gloria tarro,Lácteos,18,4.2
2025-09-18,LAC-002,Yogurt Gloria 1L,Lácteos,7,6.5
2025-09-18,LIM-001,Detergente Bolívar 520g,Limpieza,5,5.0
2025-09-18,LIM-002,Papel higiénico Suave x4,Limpieza,5,6.0
2025-09-18,SNK-001,Galleta Soda Field,Snacks,31,1.0
2025-09-18,SNK-002,Chocolate Sublime,Snacks,13,2.0
2025-09-19,ABA-001,Arroz Costeño 1kg,Abarrotes,10,4.5
2025-09-19,ABA-002,Aceite Primor 1L,Abarrotes,11,9.9
2025-09-19,ABA-003,Atún Florida lata,Abarrotes,4,5.5
2025-09-19,ABA-004,Fideos Don Vittorio 500g,Abarrotes,9,3.2
2025-09-19,BEB-001,Agua Cielo 625ml,Bebidas,13,1.5
2025-09-19,BEB-002,Gaseosa Inca Kola 500ml,Bebidas,28,2.5
2025-09-19,BEB-003,Cerveza Pilsen 355ml,Bebidas,12,4.0
2025-09-19,CUI-001,Jabón Bolívar barra,Cuidado,11,1.8
2025-09-19,LAC-001,Leche Gloria tarro,Lácteos,34,4.2
2025-09-19,LAC-002,Yogurt Gloria 1L,Lácteos,6,6.5
2025-09-19,LIM-001,Detergente Bolívar 520g,Limpieza,8,5.0
2025-09-19,LIM-002,Papel higiénico Suave x4,Limpieza,15,6.0
2025-09-19,SNK-001,Galleta Soda Field,Snacks,20,1.0
2025-09-19,SNK-002,Chocolate Sublime,Snacks,17,2.0
2025-09-20,ABA-001,Arroz Costeño 1kg,Abarrotes,14,4.5
2025-09-20,ABA-002,Aceite Primor 1L,Abarrotes,13,9.9
2025-09-20,ABA-003,Atún Florida lata,Abarrotes,4,5.5
2025-09-20,ABA-004,Fideos Don Vittorio 500g,Abarrotes,13,3.2
2025-09-20,BEB-001,Agua Cielo 625ml,Bebidas,21,1.5
2025-09-20,BEB-002,Gaseosa Inca Kola 500ml,Bebidas,25,2.5
2025-09-20,BEB-003,Cerveza Pilsen 355ml,Bebidas,15,4.0
2025-09-20,CUI-001,Jabón Bolívar barra,Cuidado,10,1.8
2025-09-20,LAC-001,Leche Gloria tarro,Lácteos,25,4.2
2025-09-20,LAC-002,Yogurt Gloria 1L,Lácteos,11,6.5
2025-09-20,LIM-001,Detergente Bolívar 520g,Limpieza,4,5.0
2025-09-20,LIM-002,Papel higiénico Suave x4,Limpieza,9,6.0
2025-09-20,SNK-001,Galleta Soda Field,Snacks,27,1.0
2025-09-20,SNK-002,Chocolate Sublime,Snacks,23,2.0
2025-09-21,ABA-001,Arroz Costeño 1kg,Abarrotes,15,4.5
2025-09-21,ABA-002,Aceite Primor 1L,Abarrotes,11,9.9
2025-09-21,ABA-003,Atún Florida lata,Abarrotes,4,5.5
2025-09-21,ABA-004,Fideos Don Vittorio 500g,Abarrotes,18,3.2
2025-09-21,BEB-001,Agua Cielo 625ml,Bebidas,16,1.5
2025-09-21,BEB-002,Gaseosa Inca Kola 500ml,Bebidas,23,2.5
2025-09-21,BEB-003,Cerveza Pilsen 355ml,Bebidas,25,4.0
2025-09-21,CUI-001,Jabón Bolívar barra,Cuidado,9,1.8
2025-09-21,LAC-001,Leche Gloria tarro,Lácteos,21,4.2
2025-09-21,LAC-002,Yogurt Gloria 1L,Lácteos,5,6.5
2025-09-21,LIM-001,Detergente Bolívar 520g,Limpieza,3,5.0
2025-09-21,LIM-002,Papel higiénico Suave x4,Limpieza,16,6.0
2025-09-21,SNK-001,Galleta Soda Field,Snacks,26,1.0
2025-09-21,SNK-002,Chocolate Sublime,Snacks,24,2.0
2025-09-22,ABA-001,Arroz Costeño 1kg,Abarrotes,6,4.5
2025-09-22,ABA-002,Aceite Primor 1L,Abarrotes,9,9.9
2025-09-22,ABA-003,Atún Florida lata,Abarrotes,2,5.5
2025-09-22,ABA-004,Fideos Don Vittorio 500g,Abarrotes,12,3.2
2025-09-22,BEB-001,Agua Cielo 625ml,Bebidas,9,1.5
2025-09-22,BEB-002,Gaseosa Inca Kola 500ml,Bebidas,20,2.5
2025-09-22,BEB-003,Cerveza Pilsen 355ml,Bebidas,9,4.0
2025-09-22,CUI-001,Jabón Bolívar barra,Cuidado,7,1.8
2025-09-22,LAC-001,Leche Gloria tarro,Lácteos,11,4.2
2025-09-22,LAC-002,Yogurt Gloria 1L,Lácteos,10,6.5
2025-09-22,LIM-001,Detergente Bolívar 520g,Limpieza,11,5.0
2025-09-22,LIM-002,Papel higiénico Suave x4,Limpieza,7,6.0
2025-09-22,SNK-001,Galleta Soda Field,Snacks,25,1.0
2025-09-22,SNK-002,Chocolate Sublime,Snacks,19,2.0
2025-09-23,ABA-001,Arroz Costeño 1kg,Abarrotes,13,4.5
2025-09-23,ABA-002,Aceite Primor 1L,Abarrotes,11,9.9
2025-09-23,ABA-003,Atún Florida lata,Abarrotes,2,5.5
2025-09-23,ABA-004,Fideos Don Vittorio 500g,Abarrotes,10,3.2
2025-09-23,BEB-001,Agua Cielo 625ml,Bebidas,7,1.5
2025-09-23,BEB-002,Gaseosa Inca Kola 500ml,Bebidas,15,2.5
2025-09-23,BEB-003,Cerveza Pilsen 355ml,Bebidas,25,4.0
2025-09-23,CUI-001,Jabón Bolívar barra,Cuidado,8,1.8
2025-09-23,LAC-001,Leche Gloria tarro,Lácteos,21,4.2
2025-09-23,LAC-002,Yogurt Gloria 1L,Lácteos,9,6.5
2025-09-23,LIM-001,Detergente Bolívar 520g,Limpieza,4,5.0
2025-09-23,LIM-002,Papel higiénico Suave x4,Limpieza,17,6.0
2025-09-23,SNK-001,Galleta Soda Field,Snacks,26,1.0
2025-09-23,SNK-002,Chocolate Sublime,Snacks,16,2.0
2025-09-24,ABA-001,Arroz Costeño 1kg,Abarrotes,10,4.5
2025-09-24,ABA-002,Aceite Primor 1L,Abarrotes,7,9.9
2025-09-24,ABA-003,Atún Florida lata,Abarrotes,3,5.5
2025-09-24,ABA-004,Fideos Don Vittorio 500g,Abarrotes,12,3.2
2025-09-24,BEB-001,Agua Cielo 625ml,Bebidas,9,1.5
2025-09-24,BEB-002,Gaseosa Inca Kola 500ml,Bebidas,20,2.5
2025-09-24,BEB-003,Cerveza Pilsen 355ml,Bebidas,15,4.0
2025-09-24,CUI-001,Jabón Bolívar barra,Cuidado,11,1.8
2025-09-24,LAC-001,Leche Gloria tarro,Lácteos,20,4.2
2025-09-24,LAC-002,Yogurt Gloria 1L,Lácteos,7,6.5
2025-09-24,LIM-001,Detergente Bolívar 520g,Limpieza,7,5.0
2025-09-24,LIM-002,Papel higiénico Suave x4,Limpieza,8,6.0
2025-09-24,SNK-001,Galleta Soda Field,Snacks,22,1.0
2025-09-24,SNK-002,Chocolate Sublime,Snacks,27,2.0
2025-09-25,ABA-001,Arroz Costeño 1kg,Abarrotes,20,4.5
2025-09-25,ABA-002,Aceite Primor 1L,Abarrotes,12,9.9
2025-09-25,ABA-003,Atún Florida lata,Abarrotes,6,5.5
2025-09-25,ABA-004,Fideos Don Vittorio 500g,Abarrotes,9,3.2
2025-09-25,BEB-001,Agua Cielo 625ml,Bebidas,18,1.5
2025-09-25,BEB-002,Gaseosa Inca Kola 500ml,Bebidas,31,2.5
2025-09-25,BEB-003,Cerveza Pilsen 355ml,Bebidas,21,4.0
2025-09-25,CUI-001,Jabón Bolívar barra,Cuidado,6,1.8
2025-09-25,LAC-001,Leche Gloria tarro,Lácteos,21,4.2
2025-09-25,LAC-002,Yogurt Gloria 1L,Lácteos,8,6.5
2025-09-25,LIM-001,Detergente Bolívar 520g,Limpieza,1,5.0
2025-09-25,LIM-002,Papel higiénico Suave x4,Limpieza,14,6.0
2025-09-25,SNK-001,Galleta Soda Field,Snacks,24,1.0
2025-09-25,SNK-002,Chocolate Sublime,Snacks,24,2.0
2025-09-26,ABA-001,Arroz Costeño 1kg,Abarrotes,11,4.5
2025-09-26,ABA-002,Aceite Primor 1L,Abarrotes,11,9.9
2025-09-26,ABA-003,Atún Florida lata,Abarrotes,5,5.5
2025-09-26,ABA-004,Fideos Don Vittorio 500g,Abarrotes,19,3.2
2025-09-26,BEB-001,Agua Cielo 625ml,Bebidas,25,1.5
2025-09-26,BEB-002,Gaseosa Inca Kola 500ml,Bebidas,25,2.5
2025-09-26,BEB-003,Cerveza Pilsen 355ml,Bebidas,19,4.0
2025-09-26,CUI-001,Jabón Bolívar barra,Cuidado,4,1.8
2025-09-26,LAC-001,Leche Gloria tarro,Lácteos,20,4.2
2025-09-26,LAC-002,Yogurt Gloria 1L,Lácteos,9,6.5
2025-09-26,LIM-001,Detergente Bolívar 520g,Limpieza,3,5.0
2025-09-26,LIM-002,Papel higiénico Suave x4,Limpieza,10,6.0
2025-09-26,SNK-001,Galleta Soda Field,Snacks,23,1.0
2025-09-26,SNK-002,Chocolate Sublime,Snacks,15,2.0
2025-09-27,ABA-001,Arroz Costeño 1kg,Abarrotes,13,4.5
2025-09-27,ABA-002,Aceite Primor 1L,Abarrotes,16,9.9
2025-09-27,ABA-003,Atún Florida lata,Abarrotes,5,5.5
2025-09-27,ABA-004,Fideos Don Vittorio 500g,Abarrotes,15,3.2
2025-09-27,BEB-001,Agua Cielo 625ml,Bebidas,15,1.5
2025-09-27,BEB-002,Gaseosa Inca Kola 500ml,Bebidas,26,2.5
2025-09-27,BEB-003,Cerveza Pilsen 355ml,Bebidas,21,4.0
2025-09-27,CUI-001,Jabón Bolívar barra,Cuidado,9,1.8
2025-09-27,LAC-001,Leche Gloria tarro,Lácteos,23,4.2
2025-09-27,LAC-002,Yogurt Gloria 1L,Lácteos,7,6.5
2025-09-27,LIM-001,Detergente Bolívar 520g,Limpieza,2,5.0
2025-09-27,LIM-002,Papel higiénico Suave x4,Limpieza,12,6.0
2025-09-27,SNK-001,Galleta Soda Field,Snacks,31,1.0
2025-09-27,SNK-002,Chocolate Sublime,Snacks,23,2.0
2025-09-28,ABA-001,Arroz Costeño 1kg,Abarrotes,21,4.5
2025-09-28,ABA-002,Aceite Primor 1L,Abarrotes,10,9.9
2025-09-28,ABA-003,Atún Florida lata,Abarrotes,3,5.5
2025-09-28,ABA-004,Fideos Don Vittorio 500g,Abarrotes,15,3.2
2025-09-28,BEB-001,Agua Cielo 625ml,Bebidas,10,1.5
2025-09-28,BEB-002,Gaseosa Inca Kola 500ml,Bebidas,30,2.5
2025-09-28,BEB-003,Cerveza Pilsen 355ml,Bebidas,25,4.0
2025-09-28,CUI-001,Jabón Bolívar barra,Cuidado,8,1.8
2025-09-28,LAC-001,Leche Gloria tarro,Lácteos,31,4.2
2025-09-28,LAC-002,Yogurt Gloria 1L,Lácteos,8,6.5
2025-09-28,LIM-001,Detergente Bolívar 520g,Limpieza,6,5.0
2025-09-28,LIM-002,Papel higiénico Suave x4,Limpieza,11,6.0
2025-09-28,SNK-001,Galleta Soda Field,Snacks,25,1.0
2025-09-28,SNK-002,Chocolate Sublime,Snacks,23,2.0
2025-09-29,ABA-001,Arroz Costeño 1kg,Abarrotes,18,4.5
2025-09-29,ABA-002,Aceite Primor 1L,Abarrotes,9,9.9
2025-09-29,ABA-003,Atún Florida lata,Abarrotes,6,5.5
2025-09-29,ABA-004,Fideos Don Vittorio 500g,Abarrotes,9,3.2
2025-09-29,BEB-001,Agua Cielo 625ml,Bebidas,16,1.5
2025-09-29,BEB-002,Gaseosa Inca Kola 500ml,Bebidas,24,2.5
2025-09-29,BEB-003,Cerveza Pilsen 355ml,Bebidas,14,4.0
2025-09-29,CUI-001,Jabón Bolívar barra,Cuidado,6,1.8
2025-09-29,LAC-001,Leche Gloria tarro,Lácteos,28,4.2
2025-09-29,LAC-002,Yogurt Gloria 1L,Lácteos,5,6.5
2025-09-29,LIM-001,Detergente Bolívar 520g,Limpieza,3,5.0
2025-09-29,LIM-002,Papel higiénico Suave x4,Limpieza,8,6.0
2025-09-29,SNK-001,Galleta Soda Field,Snacks,26,1.0
2025-09-29,SNK-002,Chocolate Sublime,Snacks,18,2.0
2025-09-30,ABA-001,Arroz Costeño 1kg,Abarrotes,10,4.5
2025-09-30,ABA-002,Aceite Primor 1L,Abarrotes,11,9.9
2025-09-30,ABA-003,Atún Florida lata,Abarrotes,4,5.5
2025-09-30,ABA-004,Fideos Don Vittorio 500g,Abarrotes,8,3.2
2025-09-30,BEB-001,Agua Cielo 625ml,Bebidas,14,1.5
2025-09-30,BEB-002,Gaseosa Inca Kola 500ml,Bebidas,19,2.5
2025-09-30,BEB-003,Cerveza Pilsen 355ml,Bebidas,6,4.0
2025-09-30,CUI-001,Jabón Bolívar barra,Cuidado,12,1.8
2025-09-30,LAC-001,Leche Gloria tarro,Lácteos,25,4.2
2025-09-30,LAC-002,Yogurt Gloria 1L,Lácteos,4,6.5
2025-09-30,LIM-001,Detergente Bolívar 520g,Limpieza,5,5.0
2025-09-30,LIM-002,Papel higiénico Suave x4,Limpieza,6,6.0
2025-09-30,SNK-001,Galleta Soda Field,Snacks,20,1.0
2025-09-30,SNK-002,Chocolate Sublime,Snacks,19,2.0
2025-10-01,ABA-001,Arroz Costeño 1kg,Abarrotes,10,4.5
2025-10-01,ABA-002,Aceite Primor 1L,Abarrotes,5,9.9
2025-10-01,ABA-003,Atún Florida lata,Abarrotes,2,5.5
2025-10-01,ABA-004,Fideos Don Vittorio 500g,Abarrotes,5,3.2
2025-10-01,BEB-001,Agua Cielo 625ml,Bebidas,19,1.5
2025-10-01,BEB-002,Gaseosa Inca Kola 500ml,Bebidas,25,2.5
2025-10-01,BEB-003,Cerveza Pilsen 355ml,Bebidas,23,4.0
2025-10-01,CUI-001,Jabón Bolívar barra,Cuidado,6,1.8
2025-10-01,LAC-001,Leche Gloria tarro,Lácteos,19,4.2
2025-10-01,LAC-002,Yogurt Gloria 1L,Lácteos,7,6.5
2025-10-01,LIM-001,Detergente Bolívar 520g,Limpieza,9,5.0
2025-10-01,LIM-002,Papel higiénico Suave x4,Limpieza,15,6.0
2025-10-01,SNK-001,Galleta Soda Field,Snacks,14,1.0
2025-10-01,SNK-002,Chocolate Sublime,Snacks,13,2.0
2025-10-02,ABA-001,Arroz Costeño 1kg,Abarrotes,9,4.5
2025-10-02,ABA-002,Aceite Primor 1L,Abarrotes,10,9.9
2025-10-02,ABA-003,Atún Florida lata,Abarrotes,6,5.5
2025-10-02,ABA-004,Fideos Don Vittorio 500g,Abarrotes,12,3.2
2025-10-02,BEB-001,Agua Cielo 625ml,Bebidas,8,1.5
2025-10-02,BEB-002,Gaseosa Inca Kola 500ml,Bebidas,21,2.5
2025-10-02,BEB-003,Cerveza Pilsen 355ml,Bebidas,18,4.0
2025-10-02,CUI-001,Jabón Bolívar barra,Cuidado,12,1.8
2025-10-02,LAC-001,Leche Gloria tarro,Lácteos,21,4.2
2025-10-02,LAC-002,Yogurt Gloria 1L,Lácteos,6,6.5
2025-10-02,LIM-001,Detergente Bolívar 520g,Limpieza,7,5.0
2025-10-02,LIM-002,Papel higiénico Suave x4,Limpieza,9,6.0
2025-10-02,SNK-001,Galleta Soda Field,Snacks,22,1.0
2025-10-02,SNK-002,Chocolate Sublime,Snacks,8,2.0
2025-10-03,ABA-001,Arroz Costeño 1kg,Abarrotes,15,4.5
2025-10-03,ABA-002,Aceite Primor 1L,Abarrotes,8,9.9
2025-10-03,ABA-003,Atún Florida lata,Abarrotes,7,5.5
2025-10-03,ABA-004,Fideos Don Vittorio 500g,Abarrotes,10,3.2
2025-10-03,BEB-001,Agua Cielo 625ml,Bebidas,27,1.5
2025-10-03,BEB-002,Gaseosa Inca Kola 500ml,Bebidas,35,2.5
2025-10-03,BEB-003,Cerveza Pilsen 355ml,Bebidas,16,4.0
2025-10-03,CUI-001,Jabón Bolívar barra,Cuidado,5,1.8
2025-10-03,LAC-001,Leche Gloria tarro,Lácteos,20,4.2
2025-10-03,LAC-002,Yogurt Gloria 1L,Lácteos,3,6.5
2025-10-03,LIM-001,Detergente Bolívar 520g,Limpieza,2,5.0
2025-10-03,LIM-002,Papel higiénico Suave x4,Limpieza,10,6.0
2025-10-03,SNK-001,Galleta Soda Field,Snacks,26,1.0
2025-10-03,SNK-002,Chocolate Sublime,Snacks,16,2.0
2025-10-04,ABA-001,Arroz Costeño 1kg,Abarrotes,15,4.5
2025-10-04,ABA-002,Aceite Primor 1L,Abarrotes,15,9.9
2025-10-04,ABA-003,Atún Florida lata,Abarrotes,8,5.5
2025-10-04,ABA-004,Fideos Don Vittorio 500g,Abarrotes,14,3.2
2025-10-04,BEB-001,Agua Cielo 625ml,Bebidas,21,1.5
2025-10-04,BEB-002,Gaseosa Inca Kola 500ml,Bebidas,39,2.5
2025-10-04,BEB-003,Cerveza Pilsen 355ml,Bebidas,20,4.0
2025-10-04,CUI-001,Jabón Bolívar barra,Cuidado,12,1.8
2025-10-04,LAC-001,Leche Gloria tarro,Lácteos,17,4.2
2025-10-04,LAC-002,Yogurt Gloria 1L,Lácteos,8,6.5
2025-10-04,LIM-001,Detergente Bolívar 520g,Limpieza,7,5.0
2025-10-04,LIM-002,Papel higiénico Suave x4,Limpieza,14,6.0
2025-10-04,SNK-001,Galleta Soda Field,Snacks,23,1.0
2025-10-04,SNK-002,Chocolate Sublime,Snacks,20,2.0
2025-10-05,ABA-001,Arroz Costeño 1kg,Abarrotes,12,4.5
2025-10-05,ABA-002,Aceite Primor 1L,Abarrotes,10,9.9
2025-10-05,ABA-003,Atún Florida lata,Abarrotes,6,5.5
2025-10-05,ABA-004,Fideos Don Vittorio 500g,Abarrotes,7,3.2
2025-10-05,BEB-001,Agua Cielo 625ml,Bebidas,18,1.5
2025-10-05,BEB-002,Gaseosa Inca Kola 500ml,Bebidas,46,2.5
2025-10-05,BEB-003,Cerveza Pilsen 355ml,Bebidas,37,4.0
2025-10-05,CUI-001,Jabón Bolívar barra,Cuidado,8,1.8
2025-10-05,LAC-001,Leche Gloria tarro,Lácteos,24,4.2
2025-10-05,LAC-002,Yogurt Gloria 1L,Lácteos,12,6.5
2025-10-05,LIM-001,Detergente Bolívar 520g,Limpieza,9,5.0
2025-10-05,LIM-002,Papel higiénico Suave x4,Limpieza,12,6.0
2025-10-05,SNK-001,Galleta Soda Field,Snacks,22,1.0
2025-10-05,SNK-002,Chocolate Sublime,Snacks,15,2.0
2025-10-06,ABA-001,Arroz Costeño 1kg,Abarrotes,13,4.5
2025-10-06,ABA-002,Aceite Primor 1L,Abarrotes,8,9.9
2025-10-06,ABA-003,Atún Florida lata,Abarrotes,4,5.5
2025-10-06,ABA-004,Fideos Don Vittorio 500g,Abarrotes,10,3.2
2025-10-06,BEB-001,Agua Cielo 625ml,Bebidas,17,1.5
2025-10-06,BEB-002,Gaseosa Inca Kola 500ml,Bebidas,29,2.5
2025-10-06,BEB-003,Cerveza Pilsen 355ml,Bebidas,22,4.0
2025-10-06,CUI-001,Jabón Bolívar barra,Cuidado,5,1.8
2025-10-06,LAC-001,Leche Gloria tarro,Lácteos,16,4.2
2025-10-06,LAC-002,Yogurt Gloria 1L,Lácteos,8,6.5
2025-10-06,LIM-001,Detergente Bolívar 520g,Limpieza,5,5.0
2025-10-06,LIM-002,Papel higiénico Suave x4,Limpieza,23,6.0
2025-10-06,SNK-001,Galleta Soda Field,Snacks,27,1.0
2025-10-06,SNK-002,Chocolate Sublime,Snacks,12,2.0
2025-10-07,ABA-001,Arroz Costeño 1kg,Abarrotes,11,4.5
2025-10-07,ABA-002,Aceite Primor 1L,Abarrotes,6,9.9
2025-10-07,ABA-003,Atún Florida lata,Abarrotes,8,5.5
2025-10-07,ABA-004,Fideos Don Vittorio 500g,Abarrotes,8,3.2
2025-10-07,BEB-001,Agua Cielo 625ml,Bebidas,19,1.5
2025-10-07,BEB-002,Gaseosa Inca Kola 500ml,Bebidas,31,2.5
2025-10-07,BEB-003,Cerveza Pilsen 355ml,Bebidas,25,4.0
2025-10-07,CUI-001,Jabón Bolívar barra,Cuidado,9,1.8
2025-10-07,LAC-001,Leche Gloria tarro,Lácteos,24,4.2
2025-10-07,LAC-002,Yogurt Gloria 1L,Lácteos,3,6.5
2025-10-07,LIM-001,Detergente Bolívar 520g,Limpieza,8,5.0
2025-10-07,LIM-002,Papel higiénico Suave x4,Limpieza,15,6.0
2025-10-07,SNK-001,Galleta Soda Field,Snacks,25,1.0
2025-10-07,SNK-002,Chocolate Sublime,Snacks,19,2.0
2025-10-08,ABA-001,Arroz Costeño 1kg,Abarrotes,13,4.5
2025-10-08,ABA-002,Aceite Primor 1L,Abarrotes,9,9.9
2025-10-08,ABA-003,Atún Florida lata,Abarrotes,2,5.5
2025-10-08,ABA-004,Fideos Don Vittorio 500g,Abarrotes,10,3.2
2025-10-08,BEB-001,Agua Cielo 625ml,Bebidas,21,1.5
2025-10-08,BEB-002,Gaseosa Inca Kola 500ml,Bebidas,31,2.5
2025-10-08,BEB-003,Cerveza Pilsen 355ml,Bebidas,17,4.0
2025-10-08,CUI-001,Jabón Bolívar barra,Cuidado,6,1.8
2025-10-08,LAC-001,Leche Gloria tarro,Lácteos,21,4.2
2025-10-08,LAC-002,Yogurt Gloria 1L,Lácteos,6,6.5
2025-10-08,LIM-001,Detergente Bolívar 520g,Limpieza,6,5.0
2025-10-08,LIM-002,Papel higiénico Suave x4,Limpieza,11,6.0
2025-10-08,SNK-001,Galleta Soda Field,Snacks,16,1.0
2025-10-08,SNK-002,Chocolate Sublime,Snacks,7,2.0
2025-10-09,ABA-001,Arroz Costeño 1kg,Abarrotes,13,4.5
2025-10-09,ABA-002,Aceite Primor 1L,Abarrotes,6,9.9
2025-10-09,ABA-003,Atún Florida lata,Abarrotes,6,5.5
2025-10-09,ABA-004,Fideos Don Vittorio 500g,Abarrotes,15,3.2
2025-10-09,BEB-001,Agua Cielo 625ml,Bebidas,15,1.5
2025-10-09,BEB-002,Gaseosa Inca Kola 500ml,Bebidas,23,2.5
2025-10-09,BEB-003,Cerveza Pilsen 355ml,Bebidas,22,4.0
2025-10-09,CUI-001,Jabón Bolívar barra,Cuidado,7,1.8
2025-10-09,LAC-001,Leche Gloria tarro,Lácteos,19,4.2
2025-10-09,LAC-002,Yogurt Gloria 1L,Lácteos,10,6.5
2025-10-09,LIM-001,Detergente Bolívar 520g,Limpieza,5,5.0
2025-10-09,LIM-002,Papel higiénico Suave x4,Limpieza,9,6.0
2025-10-09,SNK-001,Galleta Soda Field,Snacks,18,1.0
2025-10-09,SNK-002,Chocolate Sublime,Snacks,12,2.0
2025-10-10,ABA-001,Arroz Costeño 1kg,Abarrotes,9,4.5
2025-10-10,ABA-002,Aceite Primor 1L,Abarrotes,8,9.9
2025-10-10,ABA-003,Atún Florida lata,Abarrotes,2,5.5
2025-10-10,ABA-004,Fideos Don Vittorio 500g,Abarrotes,8,3.2
2025-10-10,BEB-001,Agua Cielo 625ml,Bebidas,20,1.5
2025-10-10,BEB-002,Gaseosa Inca Kola 500ml,Bebidas,35,2.5
2025-10-10,BEB-003,Cerveza Pilsen 355ml,Bebidas,15,4.0
2025-10-10,CUI-001,Jabón Bolívar barra,Cuidado,8,1.8
2025-10-10,LAC-001,Leche Gloria tarro,Lácteos,10,4.2
2025-10-10,LAC-002,Yogurt Gloria 1L,Lácteos,5,6.5
2025-10-10,LIM-001,Detergente Bolívar 520g,Limpieza,3,5.0
2025-10-10,LIM-002,Papel higiénico Suave x4,Limpieza,8,6.0
2025-10-10,SNK-001,Galleta Soda Field,Snacks,18,1.0
2025-10-10,SNK-002,Chocolate Sublime,Snacks,18,2.0
2025-10-11,ABA-001,Arroz Costeño 1kg,Abarrotes,8,4.5
2025-10-11,ABA-002,Aceite Primor 1L,Abarrotes,11,9.9
2025-10-11,ABA-003,Atún Florida lata,Abarrotes,6,5.5
2025-10-11,ABA-004,Fideos Don Vittorio 500g,Abarrotes,15,3.2
2025-10-11,BEB-001,Agua Cielo 625ml,Bebidas,31,1.5
2025-10-11,BEB-002,Gaseosa Inca Kola 500ml,Bebidas,31,2.5
2025-10-11,BEB-003,Cerveza Pilsen 355ml,Bebidas,22,4.0
2025-10-11,CUI-001,Jabón Bolívar barra,Cuidado,12,1.8
2025-10-11,LAC-001,Leche Gloria tarro,Lácteos,21,4.2
2025-10-11,LAC-002,Yogurt Gloria 1L,Lácteos,12,6.5
2025-10-11,LIM-001,Detergente Bolívar 520g,Limpieza,9,5.0
2025-10-11,LIM-002,Papel higiénico Suave x4,Limpieza,17,6.0
2025-10-11,SNK-001,Galleta Soda Field,Snacks,14,1.0
2025-10-11,SNK-002,Chocolate Sublime,Snacks,22,2.0
2025-10-12,ABA-001,Arroz Costeño 1kg,Abarrotes,19,4.5
2025-10-12,ABA-002,Aceite Primor 1L,Abarrotes,15,9.9
2025-10-12,ABA-003,Atún Florida lata,Abarrotes,3,5.5
2025-10-12,ABA-004,Fideos Don Vittorio 500g,Abarrotes,21,3.2
2025-10-12,BEB-001,Agua Cielo 625ml,Bebidas,23,1.5
2025-10-12,BEB-002,Gaseosa Inca Kola 500ml,Bebidas,37,2.5
2025-10-12,BEB-003,Cerveza Pilsen 355ml,Bebidas,25,4.0
2025-10-12,CUI-001,Jabón Bolívar barra,Cuidado,8,1.8
2025-10-12,LAC-001,Leche Gloria tarro,Lácteos,27,4.2
2025-10-12,LAC-002,Yogurt Gloria 1L,Lácteos,7,6.5
2025-10-12,LIM-001,Detergente Bolívar 520g,Limpieza,8,5.0
2025-10-12,LIM-002,Papel higiénico Suave x4,Limpieza,13,6.0
2025-10-12,SNK-001,Galleta Soda Field,Snacks,28,1.0
2025-10-12,SNK-002,Chocolate Sublime,Snacks,17,2.0
2025-10-13,ABA-001,Arroz Costeño 1kg,Abarrotes,14,4.5
2025-10-13,ABA-002,Aceite Primor 1L,Abarrotes,7,9.9
2025-10-13,ABA-003,Atún Florida lata,Abarrotes,4,5.5
2025-10-13,ABA-004,Fideos Don Vittorio 500g,Abarrotes,8,3.2
2025-10-13,BEB-001,Agua Cielo 625ml,Bebidas,8,1.5
2025-10-13,BEB-002,Gaseosa Inca Kola 500ml,Bebidas,29,2.5
2025-10-13,BEB-003,Cerveza Pilsen 355ml,Bebidas,20,4.0
2025-10-13,CUI-001,Jabón Bolívar barra,Cuidado,9,1.8
2025-10-13,LAC-001,Leche Gloria tarro,Lácteos,6,4.2
2025-10-13,LAC-002,Yogurt Gloria 1L,Lácteos,5,6.5
2025-10-13,LIM-001,Detergente Bolívar 520g,Limpieza,5,5.0
2025-10-13,LIM-002,Papel higiénico Suave x4,Limpieza,6,6.0
2025-10-13,SNK-001,Galleta Soda Field,Snacks,23,1.0
2025-10-13,SNK-002,Chocolate Sublime,Snacks,17,2.0
2025-10-14,ABA-001,Arroz Costeño 1kg,Abarrotes,13,4.5
2025-10-14,ABA-002,Aceite Primor 1L,Abarrotes,4,9.9
2025-10-14,ABA-003,Atún Florida lata,Abarrotes,8,5.5
2025-10-14,ABA-004,Fideos Don Vittorio 500g,Abarrotes,12,3.2
2025-10-14,BEB-001,Agua Cielo 625ml,Bebidas,16,1.5
2025-10-14,BEB-002,Gaseosa Inca Kola 500ml,Bebidas,32,2.5
2025-10-14,BEB-003,Cerveza Pilsen 355ml,Bebidas,15,4.0
2025-10-14,CUI-001,Jabón Bolívar barra,Cuidado,6,1.8
2025-10-14,LAC-001,Leche Gloria tarro,Lácteos,21,4.2
2025-10-14,LAC-002,Yogurt Gloria 1L,Lácteos,6,6.5
2025-10-14,LIM-001,Detergente Bolívar 520g,Limpieza,5,5.0
2025-10-14,LIM-002,Papel higiénico Suave x4,Limpieza,8,6.0
2025-10-14,SNK-001,Galleta Soda Field,Snacks,14,1.0
2025-10-14,SNK-002,Chocolate Sublime,Snacks,22,2.0
2025-10-15,ABA-001,Arroz Costeño 1kg,Abarrotes,13,4.5
2025-10-15,ABA-002,Aceite Primor 1L,Abarrotes,7,9.9
2025-10-15,ABA-003,Atún Florida lata,Abarrotes,6,5.5
2025-10-15,ABA-004,Fideos Don Vittorio 500g,Abarrotes,8,3.2
2025-10-15,BEB-001,Agua Cielo 625ml,Bebidas,19,1.5
2025-10-15,BEB-002,Gaseosa Inca Kola 500ml,Bebidas,40,2.5
2025-10-15,BEB-003,Cerveza Pilsen 355ml,Bebidas,9,4.0
2025-10-15,CUI-001,Jabón Bolívar barra,Cuidado,9,1.8
2025-10-15,LAC-001,Leche Gloria tarro,Lácteos,18,4.2
2025-10-15,LAC-002,Yogurt Gloria 1L,Lácteos,4,6.5
2025-10-15,LIM-001,Detergente Bolívar 520g,Limpieza,7,5.0
2025-10-15,LIM-002,Papel higiénico Suave x4,Limpieza,16,6.0
2025-10-15,SNK-001,Galleta Soda Field,Snacks,24,1.0
2025-10-15,SNK-002,Chocolate Sublime,Snacks,15,2.0
2025-10-16,ABA-001,Arroz Costeño 1kg,Abarrotes,9,4.5
2025-10-16,ABA-002,Aceite Primor 1L,Abarrotes,12,9.9
2025-10-16,ABA-003,Atún Florida lata,Abarrotes,8,5.5
2025-10-16,ABA-004,Fideos Don Vittorio 500g,Abarrotes,9,3.2
2025-10-16,BEB-001,Agua Cielo 625ml,Bebidas,23,1.5
2025-10-16,BEB-002,Gaseosa Inca Kola 500ml,Bebidas,23,2.5
2025-10-16,BEB-003,Cerveza Pilsen 355ml,Bebidas,21,4.0
2025-10-16,CUI-001,Jabón Bolívar barra,Cuidado,10,1.8
2025-10-16,LAC-001,Leche Gloria tarro,Lácteos,23,4.2
2025-10-16,LAC-002,Yogurt Gloria 1L,Lácteos,8,6.5
2025-10-16,LIM-001,Detergente Bolívar 520g,Limpieza,4,5.0
2025-10-16,LIM-002,Papel higiénico Suave x4,Limpieza,11,6.0
2025-10-16,SNK-001,Galleta Soda Field,Snacks,18,1.0
2025-10-16,SNK-002,Chocolate Sublime,Snacks,8,2.0
2025-10-17,ABA-001,Arroz Costeño 1kg,Abarrotes,9,4.5
2025-10-17,ABA-002,Aceite Primor 1L,Abarrotes,9,9.9
2025-10-17,ABA-003,Atún Florida lata,Abarrotes,5,5.5
2025-10-17,ABA-004,Fideos Don Vittorio 500g,Abarrotes,9,3.2
2025-10-17,BEB-001,Agua Cielo 625ml,Bebidas,17,1.5
2025-10-17,BEB-002,Gaseosa Inca Kola 500ml,Bebidas,29,2.5
2025-10-17,BEB-003,Cerveza Pilsen 355ml,Bebidas,23,4.0
2025-10-17,CUI-001,Jabón Bolívar barra,Cuidado,8,1.8
2025-10-17,LAC-001,Leche Gloria tarro,Lácteos,15,4.2
2025-10-17,LAC-002,Yogurt Gloria 1L,Lácteos,5,6.5
2025-10-17,LIM-001,Detergente Bolívar 520g,Limpieza,12,5.0
2025-10-17,LIM-002,Papel higiénico Suave x4,Limpieza,10,6.0
2025-10-17,SNK-001,Galleta Soda Field,Snacks,19,1.0
2025-10-17,SNK-002,Chocolate Sublime,Snacks,12,2.0
2025-10-18,ABA-001,Arroz Costeño 1kg,Abarrotes,11,4.5
2025-10-18,ABA-002,Aceite Primor 1L,Abarrotes,7,9.9
2025-10-18,ABA-003,Atún Florida lata,Abarrotes,2,5.5
2025-10-18,ABA-004,Fideos Don Vittorio 500g,Abarrotes,8,3.2
2025-10-18,BEB-001,Agua Cielo 625ml,Bebidas,27,1.5
2025-10-18,BEB-002,Gaseosa Inca Kola 500ml,Bebidas,44,2.5
2025-10-18,BEB-003,Cerveza Pilsen 355ml,Bebidas,16,4.0
2025-10-18,CUI-001,Jabón Bolívar barra,Cuidado,15,1.8
2025-10-18,LAC-001,Leche Gloria tarro,Lácteos,24,4.2
2025-10-18,LAC-002,Yogurt Gloria 1L,Lácteos,6,6.5
2025-10-18,LIM-001,Detergente Bolívar 520g,Limpieza,10,5.0
2025-10-18,LIM-002,Papel higiénico Suave x4,Limpieza,11,6.0
2025-10-18,SNK-001,Galleta Soda Field,Snacks,21,1.0
2025-10-18,SNK-002,Chocolate Sublime,Snacks,14,2.0
2025-10-19,ABA-001,Arroz Costeño 1kg,Abarrotes,17,4.5
2025-10-19,ABA-002,Aceite Primor 1L,Abarrotes,10,9.9
2025-10-19,ABA-003,Atún Florida lata,Abarrotes,2,5.5
2025-10-19,ABA-004,Fideos Don Vittorio 500g,Abarrotes,11,3.2
2025-10-19,BEB-001,Agua Cielo 625ml,Bebidas,20,1.5
2025-10-19,BEB-002,Gaseosa Inca Kola 500ml,Bebidas,42,2.5
2025-10-19,BEB-003,Cerveza Pilsen 355ml,Bebidas,23,4.0
2025-10-19,CUI-001,Jabón Bolívar barra,Cuidado,6,1.8
2025-10-19,LAC-001,Leche Gloria tarro,Lácteos,23,4.2
2025-10-19,LAC-002,Yogurt Gloria 1L,Lácteos,7,6.5
2025-10-19,LIM-001,Detergente Bolívar 520g,Limpieza,9,5.0
2025-10-19,LIM-002,Papel higiénico Suave x4,Limpieza,8,6.0
2025-10-19,SNK-001,Galleta Soda Field,Snacks,19,1.0
2025-10-19,SNK-002,Chocolate Sublime,Snacks,17,2.0
2025-10-20,ABA-001,Arroz Costeño 1kg,Abarrotes,5,4.5
2025-10-20,ABA-002,Aceite Primor 1L,Abarrotes,8,9.9
2025-10-20,ABA-003,Atún Florida lata,Abarrotes,8,5.5
2025-10-20,ABA-004,Fideos Don Vittorio 500g,Abarrotes,9,3.2
2025-10-20,BEB-001,Agua Cielo 625ml,Bebidas,28,1.5
2025-10-20,BEB-002,Gaseosa Inca Kola 500ml,Bebidas,21,2.5
2025-10-20,BEB-003,Cerveza Pilsen 355ml,Bebidas,28,4.0
2025-10-20,CUI-001,Jabón Bolívar barra,Cuidado,7,1.8
2025-10-20,LAC-001,Leche Gloria tarro,Lácteos,12,4.2
2025-10-20,LAC-002,Yogurt Gloria 1L,Lácteos,5,6.5
2025-10-20,LIM-001,Detergente Bolívar 520g,Limpieza,8,5.0
2025-10-20,LIM-002,Papel higiénico Suave x4,Limpieza,12,6.0
2025-10-20,SNK-001,Galleta Soda Field,Snacks,14,1.0
2025-10-20,SNK-002,Chocolate Sublime,Snacks,12,2.0
2025-10-21,ABA-001,Arroz Costeño 1kg,Abarrotes,13,4.5
2025-10-21,ABA-002,Aceite Primor 1L,Abarrotes,7,9.9
2025-10-21,ABA-003,Atún Florida lata,Abarrotes,9,5.5
2025-10-21,ABA-004,Fideos Don Vittorio 500g,Abarrotes,7,3.2
2025-10-21,BEB-001,Agua Cielo 625ml,Bebidas,14,1.5
2025-10-21,BEB-002,Gaseosa Inca Kola 500ml,Bebidas,25,2.5
2025-10-21,BEB-003,Cerveza Pilsen 355ml,Bebidas,22,4.0
2025-10-21,CUI-001,Jabón Bolívar barra,Cuidado,5,1.8
2025-10-21,LAC-001,Leche Gloria tarro,Lácteos,23,4.2
2025-10-21,LAC-002,Yogurt Gloria 1L,Lácteos,3,6.5
2025-10-21,LIM-001,Detergente Bolívar 520g,Limpieza,7,5.0
2025-10-21,LIM-002,Papel higiénico Suave x4,Limpieza,11,6.0
2025-10-21,SNK-001,Galleta Soda Field,Snacks,28,1.0
2025-10-21,SNK-002,Chocolate Sublime,Snacks,17,2.0
2025-10-22,ABA-001,Arroz Costeño 1kg,Abarrotes,10,4.5
2025-10-22,ABA-002,Aceite Primor 1L,Abarrotes,9,9.9
2025-10-22,ABA-003,Atún Florida lata,Abarrotes,9,5.5
2025-10-22,ABA-004,Fideos Don Vittorio 500g,Abarrotes,6,3.2
2025-10-22,BEB-001,Agua Cielo 625ml,Bebidas,19,1.5
2025-10-22,BEB-002,Gaseosa Inca Kola 500ml,Bebidas,33,2.5
2025-10-22,BEB-003,Cerveza Pilsen 355ml,Bebidas,19,4.0
2025-10-22,CUI-001,Jabón Bolívar barra,Cuidado,11,1.8
2025-10-22,LAC-001,Leche Gloria tarro,Lácteos,26,4.2
2025-10-22,LAC-002,Yogurt Gloria 1L,Lácteos,5,6.5
2025-10-22,LIM-001,Detergente Bolívar 520g,Limpieza,4,5.0
2025-10-22,LIM-002,Papel higiénico Suave x4,Limpieza,11,6.0
2025-10-22,SNK-001,Galleta Soda Field,Snacks,28,1.0
2025-10-22,SNK-002,Chocolate Sublime,Snacks,13,2.0
2025-10-23,ABA-001,Arroz Costeño 1kg,Abarrotes,18,4.5
2025-10-23,ABA-002,Aceite Primor 1L,Abarrotes,9,9.9
2025-10-23,ABA-003,Atún Florida lata,Abarrotes,7,5.5
2025-10-23,ABA-004,Fideos Don Vittorio 500g,Abarrotes,11,3.2
2025-10-23,BEB-001,Agua Cielo 625ml,Bebidas,12,1.5
2025-10-23,BEB-002,Gaseosa Inca Kola 500ml,Bebidas,24,2.5
2025-10-23,BEB-003,Cerveza Pilsen 355ml,Bebidas,22,4.0
2025-10-23,CUI-001,Jabón Bolívar barra,Cuidado,8,1.8
2025-10-23,LAC-001,Leche Gloria tarro,Lácteos,17,4.2
2025-10-23,LAC-002,Yogurt Gloria 1L,Lácteos,11,6.5
2025-10-23,LIM-001,Detergente Bolívar 520g,Limpieza,11,5.0
2025-10-23,LIM-002,Papel higiénico Suave x4,Limpieza,17,6.0
2025-10-23,SNK-001,Galleta Soda Field,Snacks,18,1.0
2025-10-23,SNK-002,Chocolate Sublime,Snacks,15,2.0
2025-10-24,ABA-001,Arroz Costeño 1kg,Abarrotes,12,4.5
2025-10-24,ABA-002,Aceite Primor 1L,Abarrotes,6,9.9
2025-10-24,ABA-003,Atún Florida lata,Abarrotes,4,5.5
2025-10-24,ABA-004,Fideos Don Vittorio 500g,Abarrotes,13,3.2
2025-10-24,BEB-001,Agua Cielo 625ml,Bebidas,18,1.5
2025-10-24,BEB-002,Gaseosa Inca Kola 500ml,Bebidas,41,2.5
2025-10-24,BEB-003,Cerveza Pilsen 355ml,Bebidas,25,4.0
2025-10-24,CUI-001,Jabón Bolívar barra,Cuidado,2,1.8
2025-10-24,LAC-001,Leche Gloria tarro,Lácteos,18,4.2
2025-10-24,LAC-002,Yogurt Gloria 1L,Lácteos,11,6.5
2025-10-24,LIM-001,Detergente Bolívar 520g,Limpieza,9,5.0
2025-10-24,LIM-002,Papel higiénico Suave x4,Limpieza,6,6.0
2025-10-24,SNK-001,Galleta Soda Field,Snacks,23,1.0
2025-10-24,SNK-002,Chocolate Sublime,Snacks,15,2.0
2025-10-25,ABA-001,Arroz Costeño 1kg,Abarrotes,8,4.5
2025-10-25,ABA-002,Aceite Primor 1L,Abarrotes,6,9.9
2025-10-25,ABA-003,Atún Florida lata,Abarrotes,8,5.5
2025-10-25,ABA-004,Fideos Don Vittorio 500g,Abarrotes,10,3.2
2025-10-25,BEB-001,Agua Cielo 625ml,Bebidas,21,1.5
2025-10-25,BEB-002,Gaseosa Inca Kola 500ml,Bebidas,39,2.5
2025-10-25,BEB-003,Cerveza Pilsen 355ml,Bebidas,28,4.0
2025-10-25,CUI-001,Jabón Bolívar barra,Cuidado,14,1.8
2025-10-25,LAC-001,Leche Gloria tarro,Lácteos,20,4.2
2025-10-25,LAC-002,Yogurt Gloria 1L,Lácteos,11,6.5
2025-10-25,LIM-001,Detergente Bolívar 520g,Limpieza,6,5.0
2025-10-25,LIM-002,Papel higiénico Suave x4,Limpieza,16,6.0
2025-10-25,SNK-001,Galleta Soda Field,Snacks,32,1.0
2025-10-25,SNK-002,Chocolate Sublime,Snacks,8,2.0
2025-10-26,ABA-001,Arroz Costeño 1kg,Abarrotes,13,4.5
2025-10-26,ABA-002,Aceite Primor 1L,Abarrotes,9,9.9
2025-10-26,ABA-003,Atún Florida lata,Abarrotes,7,5.5
2025-10-26,ABA-004,Fideos Don Vittorio 500g,Abarrotes,12,3.2
2025-10-26,BEB-001,Agua Cielo 625ml,Bebidas,22,1.5
2025-10-26,BEB-002,Gaseosa Inca Kola 500ml,Bebidas,30,2.5
2025-10-26,BEB-003,Cerveza Pilsen 355ml,Bebidas,21,4.0
2025-10-26,CUI-001,Jabón Bolívar barra,Cuidado,12,1.8
2025-10-26,LAC-001,Leche Gloria tarro,Lácteos,22,4.2
2025-10-26,LAC-002,Yogurt Gloria 1L,Lácteos,9,6.5
2025-10-26,LIM-001,Detergente Bolívar 520g,Limpieza,12,5.0
2025-10-26,LIM-002,Papel higiénico Suave x4,Limpieza,18,6.0
2025-10-26,SNK-001,Galleta Soda Field,Snacks,27,1.0
2025-10-26,SNK-002,Chocolate Sublime,Snacks,16,2.0
2025-10-27,ABA-001,Arroz Costeño 1kg,Abarrotes,8,4.5
2025-10-27,ABA-002,Aceite Primor 1L,Abarrotes,8,9.9
2025-10-27,ABA-003,Atún Florida lata,Abarrotes,5,5.5
2025-10-27,ABA-004,Fideos Don Vittorio 500g,Abarrotes,3,3.2
2025-10-27,BEB-001,Agua Cielo 625ml,Bebidas,24,1.5
2025-10-27,BEB-002,Gaseosa Inca Kola 500ml,Bebidas,29,2.5
2025-10-27,BEB-003,Cerveza Pilsen 355ml,Bebidas,23,4.0
2025-10-27,CUI-001,Jabón Bolívar barra,Cuidado,6,1.8
2025-10-27,LAC-001,Leche Gloria tarro,Lácteos,24,4.2
2025-10-27,LAC-002,Yogurt Gloria 1L,Lácteos,7,6.5
2025-10-27,LIM-001,Detergente Bolívar 520g,Limpieza,4,5.0
2025-10-27,LIM-002,Papel higiénico Suave x4,Limpieza,14,6.0
2025-10-27,SNK-001,Galleta Soda Field,Snacks,15,1.0
2025-10-27,SNK-002,Chocolate Sublime,Snacks,20,2.0
2025-10-28,ABA-001,Arroz Costeño 1kg,Abarrotes,13,4.5
2025-10-28,ABA-002,Aceite Primor 1L,Abarrotes,6,9.9
2025-10-28,ABA-003,Atún Florida lata,Abarrotes,6,5.5
2025-10-28,ABA-004,Fideos Don Vittorio 500g,Abarrotes,8,3.2
2025-10-28,BEB-001,Agua Cielo 625ml,Bebidas,12,1.5
2025-10-28,BEB-002,Gaseosa Inca Kola 500ml,Bebidas,29,2.5
2025-10-28,BEB-003,Cerveza Pilsen 355ml,Bebidas,20,4.0
2025-10-28,CUI-001,Jabón Bolívar barra,Cuidado,9,1.8
2025-10-28,LAC-001,Leche Gloria tarro,Lácteos,18,4.2
2025-10-28,LAC-002,Yogurt Gloria 1L,Lácteos,7,6.5
2025-10-28,LIM-001,Detergente Bolívar 520g,Limpieza,6,5.0
2025-10-28,LIM-002,Papel higiénico Suave x4,Limpieza,21,6.0
2025-10-28,SNK-001,Galleta Soda Field,Snacks,20,1.0
2025-10-28,SNK-002,Chocolate Sublime,Snacks,13,2.0
2025-10-29,ABA-001,Arroz Costeño 1kg,Abarrotes,12,4.5
2025-10-29,ABA-002,Aceite Primor 1L,Abarrotes,11,9.9
2025-10-29,ABA-003,Atún Florida lata,Abarrotes,4,5.5
2025-10-29,ABA-004,Fideos Don Vittorio 500g,Abarrotes,6,3.2
2025-10-29,BEB-001,Agua Cielo 625ml,Bebidas,21,1.5
2025-10-29,BEB-002,Gaseosa Inca Kola 500ml,Bebidas,46,2.5
2025-10-29,BEB-003,Cerveza Pilsen 355ml,Bebidas,15,4.0
2025-10-29,CUI-001,Jabón Bolívar barra,Cuidado,10,1.8
2025-10-29,LAC-001,Leche Gloria tarro,Lácteos,19,4.2
2025-10-29,LAC-002,Yogurt Gloria 1L,Lácteos,5,6.5
2025-10-29,LIM-001,Detergente Bolívar 520g,Limpieza,7,5.0
2025-10-29,LIM-002,Papel higiénico Suave x4,Limpieza,13,6.0
2025-10-29,SNK-001,Galleta Soda Field,Snacks,16,1.0
2025-10-29,SNK-002,Chocolate Sublime,Snacks,22,2.0
2025-10-30,ABA-001,Arroz Costeño 1kg,Abarrotes,6,4.5
2025-10-30,ABA-002,Aceite Primor 1L,Abarrotes,5,9.9
2025-10-30,ABA-003,Atún Florida lata,Abarrotes,4,5.5
2025-10-30,ABA-004,Fideos Don Vittorio 500g,Abarrotes,14,3.2
2025-10-30,BEB-001,Agua Cielo 625ml,Bebidas,21,1.5
2025-10-30,BEB-002,Gaseosa Inca Kola 500ml,Bebidas,47,2.5
2025-10-30,BEB-003,Cerveza Pilsen 355ml,Bebidas,23,4.0
2025-10-30,CUI-001,Jabón Bolívar barra,Cuidado,12,1.8
2025-10-30,LAC-001,Leche Gloria tarro,Lácteos,14,4.2
2025-10-30,LAC-002,Yogurt Gloria 1L,Lácteos,6,6.5
2025-10-30,LIM-001,Detergente Bolívar 520g,Limpieza,8,5.0
2025-10-30,LIM-002,Papel higiénico Suave x4,Limpieza,15,6.0
2025-10-30,SNK-001,Galleta Soda Field,Snacks,19,1.0
2025-10-30,SNK-002,Chocolate Sublime,Snacks,15,2.0
2025-10-31,ABA-001,Arroz Costeño 1kg,Abarrotes,11,4.5
2025-10-31,ABA-002,Aceite Primor 1L,Abarrotes,5,9.9
2025-10-31,ABA-003,Atún Florida lata,Abarrotes,4,5.5
2025-10-31,ABA-004,Fideos Don Vittorio 500g,Abarrotes,10,3.2
2025-10-31,BEB-001,Agua Cielo 625ml,Bebidas,12,1.5
2025-10-31,BEB-002,Gaseosa Inca Kola 500ml,Bebidas,28,2.5
2025-10-31,BEB-003,Cerveza Pilsen 355ml,Bebidas,33,4.0
2025-10-31,CUI-001,Jabón Bolívar barra,Cuidado,6,1.8
2025-10-31,LAC-001,Leche Gloria tarro,Lácteos,18,4.2
2025-10-31,LAC-002,Yogurt Gloria 1L,Lácteos,5,6.5
2025-10-31,LIM-001,Detergente Bolívar 520g,Limpieza,2,5.0
2025-10-31,LIM-002,Papel higiénico Suave x4,Limpieza,11,6.0
2025-10-31,SNK-001,Galleta Soda Field,Snacks,14,1.0
2025-10-31,SNK-002,Chocolate Sublime,Snacks,11,2.0
2025-11-01,ABA-001,Arroz Costeño 1kg,Abarrotes,14,4.5
2025-11-01,ABA-002,Aceite Primor 1L,Abarrotes,11,9.9
2025-11-01,ABA-003,Atún Florida lata,Abarrotes,7,5.5
2025-11-01,ABA-004,Fideos Don Vittorio 500g,Abarrotes,6,3.2
2025-11-01,BEB-001,Agua Cielo 625ml,Bebidas,23,1.5
2025-11-01,BEB-002,Gaseosa Inca Kola 500ml,Bebidas,42,2.5
2025-11-01,BEB-003,Cerveza Pilsen 355ml,Bebidas,22,4.0
2025-11-01,CUI-001,Jabón Bolívar barra,Cuidado,12,1.8
2025-11-01,LAC-001,Leche Gloria tarro,Lácteos,13,4.2
2025-11-01,LAC-002,Yogurt Gloria 1L,Lácteos,10,6.5
2025-11-01,LIM-001,Detergente Bolívar 520g,Limpieza,12,5.0
2025-11-01,LIM-002,Papel higiénico Suave x4,Limpieza,18,6.0
2025-11-01,SNK-001,Galleta Soda Field,Snacks,22,1.0
2025-11-01,SNK-002,Chocolate Sublime,Snacks,18,2.0
2025-11-02,ABA-001,Arroz Costeño 1kg,Abarrotes,12,4.5
2025-11-02,ABA-002,Aceite Primor 1L,Abarrotes,7,9.9
2025-11-02,ABA-003,Atún Florida lata,Abarrotes,6,5.5
2025-11-02,ABA-004,Fideos Don Vittorio 500g,Abarrotes,14,3.2
2025-11-02,BEB-001,Agua Cielo 625ml,Bebidas,23,1.5
2025-11-02,BEB-002,Gaseosa Inca Kola 500ml,Bebidas,46,2.5
2025-11-02,BEB-003,Cerveza Pilsen 355ml,Bebidas,31,4.0
2025-11-02,CUI-001,Jabón Bolívar barra,Cuidado,12,1.8
2025-11-02,LAC-001,Leche Gloria tarro,Lácteos,23,4.2
2025-11-02,LAC-002,Yogurt Gloria 1L,Lácteos,6,6.5
2025-11-02,LIM-001,Detergente Bolívar 520g,Limpieza,11,5.0
2025-11-02,LIM-002,Papel higiénico Suave x4,Limpieza,13,6.0
2025-11-02,SNK-001,Galleta Soda Field,Snacks,21,1.0
2025-11-02,SNK-002,Chocolate Sublime,Snacks,7,2.0
2025-11-03,ABA-001,Arroz Costeño 1kg,Abarrotes,7,4.5
2025-11-03,ABA-002,Aceite Primor 1L,Abarrotes,8,9.9
2025-11-03,ABA-003,Atún Florida lata,Abarrotes,4,5.5
2025-11-03,ABA-004,Fideos Don Vittorio 500g,Abarrotes,6,3.2
2025-11-03,BEB-001,Agua Cielo 625ml,Bebidas,28,1.5
2025-11-03,BEB-002,Gaseosa Inca Kola 500ml,Bebidas,39,2.5
2025-11-03,BEB-003,Cerveza Pilsen 355ml,Bebidas,35,4.0
2025-11-03,CUI-001,Jabón Bolívar barra,Cuidado,8,1.8
2025-11-03,LAC-001,Leche Gloria tarro,Lácteos,14,4.2
2025-11-03,LAC-002,Yogurt Gloria 1L,Lácteos,10,6.5
2025-11-03,LIM-001,Detergente Bolívar 520g,Limpieza,5,5.0
2025-11-03,LIM-002,Papel higiénico Suave x4,Limpieza,23,6.0
2025-11-03,SNK-001,Galleta Soda Field,Snacks,23,1.0
2025-11-03,SNK-002,Chocolate Sublime,Snacks,14,2.0
2025-11-04,ABA-001,Arroz Costeño 1kg,Abarrotes,9,4.5
2025-11-04,ABA-002,Aceite Primor 1L,Abarrotes,4,9.9
2025-11-04,ABA-003,Atún Florida lata,Abarrotes,6,5.5
2025-11-04,ABA-004,Fideos Don Vittorio 500g,Abarrotes,9,3.2
2025-11-04,BEB-001,Agua Cielo 625ml,Bebidas,21,1.5
2025-11-04,BEB-002,Gaseosa Inca Kola 500ml,Bebidas,30,2.5
2025-11-04,BEB-003,Cerveza Pilsen 355ml,Bebidas,22,4.0
2025-11-04,CUI-001,Jabón Bolívar barra,Cuidado,12,1.8
2025-11-04,LAC-001,Leche Gloria tarro,Lácteos,22,4.2
2025-11-04,LAC-002,Yogurt Gloria 1L,Lácteos,10,6.5
2025-11-04,LIM-001,Detergente Bolívar 520g,Limpieza,14,5.0
2025-11-04,LIM-002,Papel higiénico Suave x4,Limpieza,13,6.0
2025-11-04,SNK-001,Galleta Soda Field,Snacks,7,1.0
2025-11-04,SNK-002,Chocolate Sublime,Snacks,12,2.0
2025-11-05,ABA-001,Arroz Costeño 1kg,Abarrotes,9,4.5
2025-11-05,ABA-002,Aceite Primor 1L,Abarrotes,8,9.9
2025-11-05,ABA-003,Atún Florida lata,Abarrotes,2,5.5
2025-11-05,ABA-004,Fideos Don Vittorio 500g,Abarrotes,6,3.2
2025-11-05,BEB-001,Agua Cielo 625ml,Bebidas,20,1.5
2025-11-05,BEB-002,Gaseosa Inca Kola 500ml,Bebidas,43,2.5
2025-11-05,BEB-003,Cerveza Pilsen 355ml,Bebidas,28,4.0
2025-11-05,CUI-001,Jabón Bolívar barra,Cuidado,14,1.8
2025-11-05,LAC-001,Leche Gloria tarro,Lácteos,21,4.2
2025-11-05,LAC-002,Yogurt Gloria 1L,Lácteos,12,6.5
2025-11-05,LIM-001,Detergente Bolívar 520g,Limpieza,9,5.0
2025-11-05,LIM-002,Papel higiénico Suave x4,Limpieza,15,6.0
2025-11-05,SNK-001,Galleta Soda Field,Snacks,9,1.0
2025-11-05,SNK-002,Chocolate Sublime,Snacks,13,2.0
2025-11-06,ABA-002,Aceite Primor 1L,Abarrotes,5,9.9
2025-11-06,ABA-003,Atún Florida lata,Abarrotes,5,5.5
2025-11-06,ABA-004,Fideos Don Vittorio 500g,Abarrotes,11,3.2
2025-11-06,BEB-001,Agua Cielo 625ml,Bebidas,21,1.5
2025-11-06,BEB-002,Gaseosa Inca Kola 500ml,Bebidas,25,2.5
2025-11-06,BEB-003,Cerveza Pilsen 355ml,Bebidas,27,4.0
2025-11-06,CUI-001,Jabón Bolívar barra,Cuidado,7,1.8
2025-11-06,LAC-001,Leche Gloria tarro,Lácteos,16,4.2
2025-11-06,LAC-002,Yogurt Gloria 1L,Lácteos,7,6.5
2025-11-06,LIM-001,Detergente Bolívar 520g,Limpieza,5,5.0
2025-11-06,LIM-002,Papel higiénico Suave x4,Limpieza,11,6.0
2025-11-06,SNK-001,Galleta Soda Field,Snacks,15,1.0
2025-11-06,SNK-002,Chocolate Sublime,Snacks,6,2.0
2025-11-07,ABA-001,Arroz Costeño 1kg,Abarrotes,9,4.5
2025-11-07,ABA-002,Aceite Primor 1L,Abarrotes,2,9.9
2025-11-07,ABA-003,Atún Florida lata,Abarrotes,2,5.5
2025-11-07,ABA-004,Fideos Don Vittorio 500g,Abarrotes,4,3.2
2025-11-07,BEB-001,Agua Cielo 625ml,Bebidas,21,1.5
2025-11-07,BEB-002,Gaseosa Inca Kola 500ml,Bebidas,30,2.5
2025-11-07,BEB-003,Cerveza Pilsen 355ml,Bebidas,21,4.0
2025-11-07,CUI-001,Jabón Bolívar barra,Cuidado,12,1.8
2025-11-07,LAC-001,Leche Gloria tarro,Lácteos,29,4.2
2025-11-07,LAC-002,Yogurt Gloria 1L,Lácteos,8,6.5
2025-11-07,LIM-001,Detergente Bolívar 520g,Limpieza,9,5.0
2025-11-07,LIM-002,Papel higiénico Suave x4,Limpieza,19,6.0
2025-11-07,SNK-001,Galleta Soda Field,Snacks,12,1.0
2025-11-07,SNK-002,Chocolate Sublime,Snacks,13,2.0
2025-11-08,ABA-001,Arroz Costeño 1kg,Abarrotes,12,4.5
2025-11-08,ABA-002,Aceite Primor 1L,Abarrotes,6,9.9
2025-11-08,ABA-003,Atún Florida lata,Abarrotes,11,5.5
2025-11-08,ABA-004,Fideos Don Vittorio 500g,Abarrotes,13,3.2
2025-11-08,BEB-001,Agua Cielo 625ml,Bebidas,27,1.5
2025-11-08,BEB-002,Gaseosa Inca Kola 500ml,Bebidas,40,2.5
2025-11-08,BEB-003,Cerveza Pilsen 355ml,Bebidas,33,4.0
2025-11-08,CUI-001,Jabón Bolívar barra,Cuidado,16,1.8
2025-11-08,LAC-001,Leche Gloria tarro,Lácteos,15,4.2
2025-11-08,LAC-002,Yogurt Gloria 1L,Lácteos,10,6.5
2025-11-08,LIM-001,Detergente Bolívar 520g,Limpieza,13,5.0
2025-11-08,LIM-002,Papel higiénico Suave x4,Limpieza,11,6.0
2025-11-08,SNK-001,Galleta Soda Field,Snacks,17,1.0
2025-11-08,SNK-002,Chocolate Sublime,Snacks,21,2.0
2025-11-09,ABA-001,Arroz Costeño 1kg,Abarrotes,13,4.5
2025-11-09,ABA-002,Aceite Primor 1L,Abarrotes,11,9.9
2025-11-09,ABA-003,Atún Florida lata,Abarrotes,1,5.5
2025-11-09,ABA-004,Fideos Don Vittorio 500g,Abarrotes,7,3.2
2025-11-09,BEB-001,Agua Cielo 625ml,Bebidas,16,1.5
2025-11-09,BEB-002,Gaseosa Inca Kola 500ml,Bebidas,48,2.5
2025-11-09,BEB-003,Cerveza Pilsen 355ml,Bebidas,23,4.0
2025-11-09,CUI-001,Jabón Bolívar barra,Cuidado,6,1.8
2025-11-09,LAC-001,Leche Gloria tarro,Lácteos,20,4.2
2025-11-09,LAC-002,Yogurt Gloria 1L,Lácteos,16,6.5
2025-11-09,LIM-001,Detergente Bolívar 520g,Limpieza,8,5.0
2025-11-09,LIM-002,Papel higiénico Suave x4,Limpieza,13,6.0
2025-11-09,SNK-001,Galleta Soda Field,Snacks,18,1.0
2025-11-09,SNK-002,Chocolate Sublime,Snacks,19,2.0
2025-11-10,ABA-001,Arroz Costeño 1kg,Abarrotes,7,4.5
2025-11-10,ABA-002,Aceite Primor 1L,Abarrotes,9,9.9
2025-11-10,ABA-003,Atún Florida lata,Abarrotes,7,5.5
2025-11-10,ABA-004,Fideos Don Vittorio 500g,Abarrotes,11,3.2
2025-11-10,BEB-001,Agua Cielo 625ml,Bebidas,15,1.5
2025-11-10,BEB-002,Gaseosa Inca Kola 500ml,Bebidas,44,2.5
2025-11-10,BEB-003,Cerveza Pilsen 355ml,Bebidas,29,4.0
2025-11-10,CUI-001,Jabón Bolívar barra,Cuidado,5,1.8
2025-11-10,LAC-001,Leche Gloria tarro,Lácteos,15,4.2
2025-11-10,LAC-002,Yogurt Gloria 1L,Lácteos,8,6.5
2025-11-10,LIM-001,Detergente Bolívar 520g,Limpieza,6,5.0
2025-11-10,LIM-002,Papel higiénico Suave x4,Limpieza,13,6.0
2025-11-10,SNK-001,Galleta Soda Field,Snacks,24,1.0
2025-11-10,SNK-002,Chocolate Sublime,Snacks,14,2.0
2025-11-11,ABA-001,Arroz Costeño 1kg,Abarrotes,12,4.5
2025-11-11,ABA-002,Aceite Primor 1L,Abarrotes,9,9.9
2025-11-11,ABA-003,Atún Florida lata,Abarrotes,2,5.5
2025-11-11,ABA-004,Fideos Don Vittorio 500g,Abarrotes,3,3.2
2025-11-11,BEB-001,Agua Cielo 625ml,Bebidas,15,1.5
2025-11-11,BEB-002,Gaseosa Inca Kola 500ml,Bebidas,34,2.5
2025-11-11,BEB-003,Cerveza Pilsen 355ml,Bebidas,27,4.0
2025-11-11,CUI-001,Jabón Bolívar barra,Cuidado,10,1.8
2025-11-11,LAC-001,Leche Gloria tarro,Lácteos,15,4.2
2025-11-11,LAC-002,Yogurt Gloria 1L,Lácteos,7,6.5
2025-11-11,LIM-001,Detergente Bolívar 520g,Limpieza,11,5.0
2025-11-11,LIM-002,Papel higiénico Suave x4,Limpieza,15,6.0
2025-11-11,SNK-001,Galleta Soda Field,Snacks,17,1.0
2025-11-11,SNK-002,Chocolate Sublime,Snacks,10,2.0
2025-11-12,ABA-001,Arroz Costeño 1kg,Abarrotes,11,4.5
2025-11-12,ABA-002,Aceite Primor 1L,Abarrotes,4,9.9
2025-11-12,ABA-003,Atún Florida lata,Abarrotes,5,5.5
2025-11-12,ABA-004,Fideos Don Vittorio 500g,Abarrotes,10,3.2
2025-11-12,BEB-001,Agua Cielo 625ml,Bebidas,16,1.5
2025-11-12,BEB-002,Gaseosa Inca Kola 500ml,Bebidas,38,2.5
2025-11-12,BEB-003,Cerveza Pilsen 355ml,Bebidas,24,4.0
2025-11-12,CUI-001,Jabón Bolívar barra,Cuidado,12,1.8
2025-11-12,LAC-001,Leche Gloria tarro,Lácteos,21,4.2
2025-11-12,LAC-002,Yogurt Gloria 1L,Lácteos,9,6.5
2025-11-12,LIM-001,Detergente Bolívar 520g,Limpieza,4,5.0
2025-11-12,LIM-002,Papel higiénico Suave x4,Limpieza,16,6.0
2025-11-12,SNK-001,Galleta Soda Field,Snacks,13,1.0
2025-11-12,SNK-002,Chocolate Sublime,Snacks,10,2.0
2025-11-13,ABA-001,Arroz Costeño 1kg,Abarrotes,9,4.5
2025-11-13,ABA-002,Aceite Primor 1L,Abarrotes,11,9.9
2025-11-13,ABA-003,Atún Florida lata,Abarrotes,5,5.5
2025-11-13,ABA-004,Fideos Don Vittorio 500g,Abarrotes,11,3.2
2025-11-13,BEB-001,Agua Cielo 625ml,Bebidas,28,1.5
2025-11-13,BEB-002,Gaseosa Inca Kola 500ml,Bebidas,37,2.5
2025-11-13,BEB-003,Cerveza Pilsen 355ml,Bebidas,12,4.0
2025-11-13,CUI-001,Jabón Bolívar barra,Cuidado,9,1.8
2025-11-13,LAC-001,Leche Gloria tarro,Lácteos,14,4.2
2025-11-13,LAC-002,Yogurt Gloria 1L,Lácteos,8,6.5
2025-11-13,LIM-001,Detergente Bolívar 520g,Limpieza,5,5.0
2025-11-13,LIM-002,Papel higiénico Suave x4,Limpieza,14,6.0
2025-11-13,SNK-001,Galleta Soda Field,Snacks,24,1.0
2025-11-13,SNK-002,Chocolate Sublime,Snacks,17,2.0
2025-11-14,ABA-001,Arroz Costeño 1kg,Abarrotes,7,4.5
2025-11-14,ABA-002,Aceite Primor 1L,Abarrotes,3,9.9
2025-11-14,ABA-003,Atún Florida lata,Abarrotes,8,5.5
2025-11-14,ABA-004,Fideos Don Vittorio 500g,Abarrotes,9,3.2
2025-11-14,BEB-001,Agua Cielo 625ml,Bebidas,23,1.5
2025-11-14,BEB-002,Gaseosa Inca Kola 500ml,Bebidas,35,2.5
2025-11-14,BEB-003,Cerveza Pilsen 355ml,Bebidas,19,4.0
2025-11-14,CUI-001,Jabón Bolívar barra,Cuidado,13,1.8
2025-11-14,LAC-001,Leche Gloria tarro,Lácteos,19,4.2
2025-11-14,LAC-002,Yogurt Gloria 1L,Lácteos,7,6.5
2025-11-14,LIM-001,Detergente Bolívar 520g,Limpieza,4,5.0
2025-11-14,LIM-002,Papel higiénico Suave x4,Limpieza,16,6.0
2025-11-14,SNK-001,Galleta Soda Field,Snacks,20,1.0
2025-11-14,SNK-002,Chocolate Sublime,Snacks,16,2.0
2025-11-15,ABA-001,Arroz Costeño 1kg,Abarrotes,12,4.5
2025-11-15,ABA-002,Aceite Primor 1L,Abarrotes,5,9.9
2025-11-15,ABA-003,Atún Florida lata,Abarrotes,4,5.5
2025-11-15,ABA-004,Fideos Don Vittorio 500g,Abarrotes,8,3.2
2025-11-15,BEB-001,Agua Cielo 625ml,Bebidas,20,1.5
2025-11-15,BEB-002,Gaseosa Inca Kola 500ml,Bebidas,52,2.5
2025-11-15,BEB-003,Cerveza Pilsen 355ml,Bebidas,24,4.0
2025-11-15,CUI-001,Jabón Bolívar barra,Cuidado,14,1.8
2025-11-15,LAC-001,Leche Gloria tarro,Lácteos,11,4.2
2025-11-15,LAC-002,Yogurt Gloria 1L,Lácteos,11,6.5
2025-11-15,LIM-001,Detergente Bolívar 520g,Limpieza,10,5.0
2025-11-15,LIM-002,Papel higiénico Suave x4,Limpieza,19,6.0
2025-11-15,SNK-001,Galleta Soda Field,Snacks,14,1.0
2025-11-15,SNK-002,Chocolate Sublime,Snacks,17,2.0
2025-11-16,ABA-001,Arroz Costeño 1kg,Abarrotes,9,4.5
2025-11-16,ABA-002,Aceite Primor 1L,Abarrotes,11,9.9
2025-11-16,ABA-003,Atún Florida lata,Abarrotes,8,5.5
2025-11-16,ABA-004,Fideos Don Vittorio 500g,Abarrotes,5,3.2
2025-11-16,BEB-001,Agua Cielo 625ml,Bebidas,19,1.5
2025-11-16,BEB-002,Gaseosa Inca Kola 500ml,Bebidas,50,2.5
2025-11-16,BEB-003,Cerveza Pilsen 355ml,Bebidas,24,4.0
2025-11-16,CUI-001,Jabón Bolívar barra,Cuidado,14,1.8
2025-11-16,LAC-001,Leche Gloria tarro,Lácteos,18,4.2
2025-11-16,LAC-002,Yogurt Gloria 1L,Lácteos,13,6.5
2025-11-16,LIM-001,Detergente Bolívar 520g,Limpieza,11,5.0
2025-11-16,LIM-002,Papel higiénico Suave x4,Limpieza,12,6.0
2025-11-16,SNK-001,Galleta Soda Field,Snacks,20,1.0
2025-11-16,SNK-002,Chocolate Sublime,Snacks,17,2.0
2025-11-17,ABA-001,Arroz Costeño 1kg,Abarrotes,13,4.5
2025-11-17,ABA-002,Aceite Primor 1L,Abarrotes,4,9.9
2025-11-17,ABA-003,Atún Florida lata,Abarrotes,7,5.5
2025-11-17,ABA-004,Fideos Don Vittorio 500g,Abarrotes,12,3.2
2025-11-17,BEB-001,Agua Cielo 625ml,Bebidas,16,1.5
2025-11-17,BEB-002,Gaseosa Inca Kola 500ml,Bebidas,36,2.5
2025-11-17,BEB-003,Cerveza Pilsen 355ml,Bebidas,21,4.0
2025-11-17,CUI-001,Jabón Bolívar barra,Cuidado,11,1.8
2025-11-17,LAC-001,Leche Gloria tarro,Lácteos,16,4.2
2025-11-17,LAC-002,Yogurt Gloria 1L,Lácteos,3,6.5
2025-11-17,LIM-001,Detergente Bolívar 520g,Limpieza,5,5.0
2025-11-17,LIM-002,Papel higiénico Suave x4,Limpieza,18,6.0
2025-11-17,SNK-001,Galleta Soda Field,Snacks,18,1.0
2025-11-17,SNK-002,Chocolate Sublime,Snacks,10,2.0
2025-11-18,ABA-001,Arroz Costeño 1kg,Abarrotes,11,4.5
2025-11-18,ABA-002,Aceite Primor 1L,Abarrotes,6,9.9
2025-11-18,ABA-003,Atún Florida lata,Abarrotes,4,5.5
2025-11-18,ABA-004,Fideos Don Vittorio 500g,Abarrotes,10,3.2
2025-11-18,BEB-001,Agua Cielo 625ml,Bebidas,15,1.5
2025-11-18,BEB-002,Gaseosa Inca Kola 500ml,Bebidas,43,2.5
2025-11-18,BEB-003,Cerveza Pilsen 355ml,Bebidas,27,4.0
2025-11-18,CUI-001,Jabón Bolívar barra,Cuidado,7,1.8
2025-11-18,LAC-001,Leche Gloria tarro,Lácteos,16,4.2
2025-11-18,LAC-002,Yogurt Gloria 1L,Lácteos,6,6.5
2025-11-18,LIM-001,Detergente Bolívar 520g,Limpieza,10,5.0
2025-11-18,LIM-002,Papel higiénico Suave x4,Limpieza,11,6.0
2025-11-18,SNK-001,Galleta Soda Field,Snacks,10,1.0
2025-11-18,SNK-002,Chocolate Sublime,Snacks,16,2.0
2025-11-19,ABA-001,Arroz Costeño 1kg,Abarrotes,7,4.5
2025-11-19,ABA-002,Aceite Primor 1L,Abarrotes,3,9.9
2025-11-19,ABA-003,Atún Florida lata,Abarrotes,7,5.5
2025-11-19,ABA-004,Fideos Don Vittorio 500g,Abarrotes,4,3.2
2025-11-19,BEB-001,Agua Cielo 625ml,Bebidas,17,1.5
2025-11-19,BEB-002,Gaseosa Inca Kola 500ml,Bebidas,38,2.5
2025-11-19,BEB-003,Cerveza Pilsen 355ml,Bebidas,21,4.0
2025-11-19,CUI-001,Jabón Bolívar barra,Cuidado,14,1.8
2025-11-19,LAC-001,Leche Gloria tarro,Lácteos,22,4.2
2025-11-19,LAC-002,Yogurt Gloria 1L,Lácteos,6,6.5
2025-11-19,LIM-001,Detergente Bolívar 520g,Limpieza,5,5.0
2025-11-19,LIM-002,Papel higiénico Suave x4,Limpieza,9,6.0
2025-11-19,SNK-001,Galleta Soda Field,Snacks,24,1.0
2025-11-19,SNK-002,Chocolate Sublime,Snacks,11,2.0
2025-11-20,ABA-001,Arroz Costeño 1kg,Abarrotes,12,4.5
2025-11-20,ABA-002,Aceite Primor 1L,Abarrotes,4,9.9
2025-11-20,ABA-003,Atún Florida lata,Abarrotes,5,5.5
2025-11-20,ABA-004,Fideos Don Vittorio 500g,Abarrotes,5,3.2
2025-11-20,BEB-001,Agua Cielo 625ml,Bebidas,21,1.5
2025-11-20,BEB-002,Gaseosa Inca Kola 500ml,Bebidas,53,2.5
2025-11-20,BEB-003,Cerveza Pilsen 355ml,Bebidas,20,4.0
2025-11-20,CUI-001,Jabón Bolívar barra,Cuidado,10,1.8
2025-11-20,LAC-001,Leche Gloria tarro,Lácteos,16,4.2
2025-11-20,LAC-002,Yogurt Gloria 1L,Lácteos,12,6.5
2025-11-20,LIM-001,Detergente Bolívar 520g,Limpieza,5,5.0
2025-11-20,LIM-002,Papel higiénico Suave x4,Limpieza,14,6.0
2025-11-20,SNK-001,Galleta Soda Field,Snacks,18,1.0
2025-11-20,SNK-002,Chocolate Sublime,Snacks,17,2.0
2025-11-21,ABA-001,Arroz Costeño 1kg,Abarrotes,12,4.5
2025-11-21,ABA-002,Aceite Primor 1L,Abarrotes,10,9.9
2025-11-21,ABA-003,Atún Florida lata,Abarrotes,8,5.5
2025-11-21,ABA-004,Fideos Don Vittorio 500g,Abarrotes,9,3.2
2025-11-21,BEB-001,Agua Cielo 625ml,Bebidas,23,1.5
2025-11-21,BEB-002,Gaseosa Inca Kola 500ml,Bebidas,29,2.5
2025-11-21,BEB-003,Cerveza Pilsen 355ml,Bebidas,21,4.0
2025-11-21,CUI-001,Jabón Bolívar barra,Cuidado,9,1.8
2025-11-21,LAC-001,Leche Gloria tarro,Lácteos,16,4.2
2025-11-21,LAC-002,Yogurt Gloria 1L,Lácteos,8,6.5
2025-11-21,LIM-001,Detergente Bolívar 520g,Limpieza,5,5.0
2025-11-21,LIM-002,Papel higiénico Suave x4,Limpieza,17,6.0
2025-11-21,SNK-001,Galleta Soda Field,Snacks,16,1.0
2025-11-21,SNK-002,Chocolate Sublime,Snacks,11,2.0
2025-11-22,ABA-001,Arroz Costeño 1kg,Abarrotes,14,4.5
2025-11-22,ABA-002,Aceite Primor 1L,Abarrotes,8,9.9
2025-11-22,ABA-003,Atún Florida lata,Abarrotes,2,5.5
2025-11-22,ABA-004,Fideos Don Vittorio 500g,Abarrotes,9,3.2
2025-11-22,BEB-001,Agua Cielo 625ml,Bebidas,15,1.5
2025-11-22,BEB-002,Gaseosa Inca Kola 500ml,Bebidas,44,2.5
2025-11-22,BEB-003,Cerveza Pilsen 355ml,Bebidas,29,4.0
2025-11-22,CUI-001,Jabón Bolívar barra,Cuidado,12,1.8
2025-11-22,LAC-001,Leche Gloria tarro,Lácteos,23,4.2
2025-11-22,LAC-002,Yogurt Gloria 1L,Lácteos,13,6.5
2025-11-22,LIM-001,Detergente Bolívar 520g,Limpieza,15,5.0
2025-11-22,LIM-002,Papel higiénico Suave x4,Limpieza,21,6.0
2025-11-22,SNK-001,Galleta Soda Field,Snacks,17,1.0
2025-11-22,SNK-002,Chocolate Sublime,Snacks,23,2.0
2025-11-23,ABA-001,Arroz Costeño 1kg,Abarrotes,5,4.5
2025-11-23,ABA-002,Aceite Primor 1L,Abarrotes,9,9.9
2025-11-23,ABA-003,Atún Florida lata,Abarrotes,3,5.5
2025-11-23,ABA-004,Fideos Don Vittorio 500g,Abarrotes,9,3.2
2025-11-23,BEB-001,Agua Cielo 625ml,Bebidas,30,1.5
2025-11-23,BEB-002,Gaseosa Inca Kola 500ml,Bebidas,34,2.5
2025-11-23,BEB-003,Cerveza Pilsen 355ml,Bebidas,29,4.0
2025-11-23,CUI-001,Jabón Bolívar barra,Cuidado,7,1.8
2025-11-23,LAC-001,Leche Gloria tarro,Lácteos,15,4.2
2025-11-23,LAC-002,Yogurt Gloria 1L,Lácteos,14,6.5
2025-11-23,LIM-001,Detergente Bolívar 520g,Limpieza,13,5.0
2025-11-23,LIM-002,Papel higiénico Suave x4,Limpieza,15,6.0
2025-11-23,SNK-001,Galleta Soda Field,Snacks,19,1.0
2025-11-23,SNK-002,Chocolate Sublime,Snacks,17,2.0
2025-11-24,ABA-001,Arroz Costeño 1kg,Abarrotes,11,4.5
2025-11-24,ABA-002,Aceite Primor 1L,Abarrotes,7,9.9
2025-11-24,ABA-003,Atún Florida lata,Abarrotes,2,5.5
2025-11-24,ABA-004,Fideos Don Vittorio 500g,Abarrotes,12,3.2
2025-11-24,BEB-001,Agua Cielo 625ml,Bebidas,16,1.5
2025-11-24,BEB-002,Gaseosa Inca Kola 500ml,Bebidas,31,2.5
2025-11-24,BEB-003,Cerveza Pilsen 355ml,Bebidas,21,4.0
2025-11-24,CUI-001,Jabón Bolívar barra,Cuidado,15,1.8
2025-11-24,LAC-001,Leche Gloria tarro,Lácteos,12,4.2
2025-11-24,LAC-002,Yogurt Gloria 1L,Lácteos,9,6.5
2025-11-24,LIM-001,Detergente Bolívar 520g,Limpieza,6,5.0
2025-11-24,LIM-002,Papel higiénico Suave x4,Limpieza,12,6.0
2025-11-24,SNK-001,Galleta Soda Field,Snacks,17,1.0
2025-11-24,SNK-002,Chocolate Sublime,Snacks,14,2.0
2025-11-25,ABA-001,Arroz Costeño 1kg,Abarrotes,9,4.5
2025-11-25,ABA-002,Aceite Primor 1L,Abarrotes,9,9.9
2025-11-25,ABA-003,Atún Florida lata,Abarrotes,4,5.5
2025-11-25,ABA-004,Fideos Don Vittorio 500g,Abarrotes,6,3.2
2025-11-25,BEB-001,Agua Cielo 625ml,Bebidas,19,1.5
2025-11-25,BEB-002,Gaseosa Inca Kola 500ml,Bebidas,43,2.5
2025-11-25,BEB-003,Cerveza Pilsen 355ml,Bebidas,15,4.0
2025-11-25,CUI-001,Jabón Bolívar barra,Cuidado,7,1.8
2025-11-25,LAC-001,Leche Gloria tarro,Lácteos,15,4.2
2025-11-25,LAC-002,Yogurt Gloria 1L,Lácteos,5,6.5
2025-11-25,LIM-001,Detergente Bolívar 520g,Limpieza,8,5.0
2025-11-25,LIM-002,Papel higiénico Suave x4,Limpieza,12,6.0
2025-11-25,SNK-001,Galleta Soda Field,Snacks,15,1.0
2025-11-25,SNK-002,Chocolate Sublime,Snacks,17,2.0
2025-11-26,ABA-001,Arroz Costeño 1kg,Abarrotes,11,4.5
2025-11-26,ABA-002,Aceite Primor 1L,Abarrotes,10,9.9
2025-11-26,ABA-003,Atún Florida lata,Abarrotes,8,5.5
2025-11-26,ABA-004,Fideos Don Vittorio 500g,Abarrotes,6,3.2
2025-11-26,BEB-001,Agua Cielo 625ml,Bebidas,23,1.5
2025-11-26,BEB-002,Gaseosa Inca Kola 500ml,Bebidas,36,2.5
2025-11-26,BEB-003,Cerveza Pilsen 355ml,Bebidas,19,4.0
2025-11-26,CUI-001,Jabón Bolívar barra,Cuidado,8,1.8
2025-11-26,LAC-001,Leche Gloria tarro,Lácteos,12,4.2
2025-11-26,LAC-002,Yogurt Gloria 1L,Lácteos,14,6.5
2025-11-26,LIM-001,Detergente Bolívar 520g,Limpieza,8,5.0
2025-11-26,LIM-002,Papel higiénico Suave x4,Limpieza,13,6.0
2025-11-26,SNK-001,Galleta Soda Field,Snacks,14,1.0
2025-11-26,SNK-002,Chocolate Sublime,Snacks,17,2.0
2025-11-27,ABA-001,Arroz Costeño 1kg,Abarrotes,11,4.5
2025-11-27,ABA-002,Aceite Primor 1L,Abarrotes,8,9.9
2025-11-27,ABA-003,Atún Florida lata,Abarrotes,6,5.5
2025-11-27,ABA-004,Fideos Don Vittorio 500g,Abarrotes,1,3.2
2025-11-27,BEB-001,Agua Cielo 625ml,Bebidas,21,1.5
2025-11-27,BEB-002,Gaseosa Inca Kola 500ml,Bebidas,37,2.5
2025-11-27,BEB-003,Cerveza Pilsen 355ml,Bebidas,23,4.0
2025-11-27,CUI-001,Jabón Bolívar barra,Cuidado,8,1.8
2025-11-27,LAC-001,Leche Gloria tarro,Lácteos,14,4.2
2025-11-27,LAC-002,Yogurt Gloria 1L,Lácteos,12,6.5
2025-11-27,LIM-001,Detergente Bolívar 520g,Limpieza,9,5.0
2025-11-27,LIM-002,Papel higiénico Suave x4,Limpieza,16,6.0
2025-11-27,SNK-001,Galleta Soda Field,Snacks,17,1.0
2025-11-27,SNK-002,Chocolate Sublime,Snacks,17,2.0
2025-11-28,ABA-001,Arroz Costeño 1kg,Abarrotes,8,4.5
2025-11-28,ABA-002,Aceite Primor 1L,Abarrotes,9,9.9
2025-11-28,ABA-004,Fideos Don Vittorio 500g,Abarrotes,9,3.2
2025-11-28,BEB-001,Agua Cielo 625ml,Bebidas,21,1.5
2025-11-28,BEB-002,Gaseosa Inca Kola 500ml,Bebidas,44,2.5
2025-11-28,BEB-003,Cerveza Pilsen 355ml,Bebidas,37,4.0
2025-11-28,CUI-001,Jabón Bolívar barra,Cuidado,4,1.8
2025-11-28,LAC-001,Leche Gloria tarro,Lácteos,15,4.2
2025-11-28,LAC-002,Yogurt Gloria 1L,Lácteos,13,6.5
2025-11-28,LIM-001,Detergente Bolívar 520g,Limpieza,12,5.0
2025-11-28,LIM-002,Papel higiénico Suave x4,Limpieza,11,6.0
2025-11-28,SNK-001,Galleta Soda Field,Snacks,12,1.0
2025-11-28,SNK-002,Chocolate Sublime,Snacks,13,2.0
2025-11-29,ABA-001,Arroz Costeño 1kg,Abarrotes,11,4.5
2025-11-29,ABA-002,Aceite Primor 1L,Abarrotes,11,9.9
2025-11-29,ABA-003,Atún Florida lata,Abarrotes,12,5.5
2025-11-29,ABA-004,Fideos Don Vittorio 500g,Abarrotes,5,3.2
2025-11-29,BEB-001,Agua Cielo 625ml,Bebidas,18,1.5
2025-11-29,BEB-002,Gaseosa Inca Kola 500ml,Bebidas,49,2.5
2025-11-29,BEB-003,Cerveza Pilsen 355ml,Bebidas,25,4.0
2025-11-29,CUI-001,Jabón Bolívar barra,Cuidado,7,1.8
2025-11-29,LAC-001,Leche Gloria tarro,Lácteos,19,4.2
2025-11-29,LAC-002,Yogurt Gloria 1L,Lácteos,10,6.5
2025-11-29,LIM-001,Detergente Bolívar 520g,Limpieza,5,5.0
2025-11-29,LIM-002,Papel higiénico Suave x4,Limpieza,14,6.0
2025-11-29,SNK-001,Galleta Soda Field,Snacks,24,1.0
2025-11-29,SNK-002,Chocolate Sublime,Snacks,17,2.0
2025-11-30,ABA-001,Arroz Costeño 1kg,Abarrotes,13,4.5
2025-11-30,ABA-002,Aceite Primor 1L,Abarrotes,8,9.9
2025-11-30,ABA-003,Atún Florida lata,Abarrotes,3,5.5
2025-11-30,ABA-004,Fideos Don Vittorio 500g,Abarrotes,11,3.2
2025-11-30,BEB-001,Agua Cielo 625ml,Bebidas,25,1.5
2025-11-30,BEB-002,Gaseosa Inca Kola 500ml,Bebidas,40,2.5
2025-11-30,BEB-003,Cerveza Pilsen 355ml,Bebidas,30,4.0
2025-11-30,CUI-001,Jabón Bolívar barra,Cuidado,5,1.8
2025-11-30,LAC-001,Leche Gloria tarro,Lácteos,19,4.2
2025-11-30,LAC-002,Yogurt Gloria 1L,Lácteos,10,6.5
2025-11-30,LIM-001,Detergente Bolívar 520g,Limpieza,9,5.0
2025-11-30,LIM-002,Papel higiénico Suave x4,Limpieza,11,6.0
2025-11-30,SNK-001,Galleta Soda Field,Snacks,28,1.0
2025-11-30,SNK-002,Chocolate Sublime,Snacks,16,2.0
2025-12-01,ABA-001,Arroz Costeño 1kg,Abarrotes,13,4.5
2025-12-01,ABA-002,Aceite Primor 1L,Abarrotes,5,9.9
2025-12-01,ABA-003,Atún Florida lata,Abarrotes,12,5.5
2025-12-01,ABA-004,Fideos Don Vittorio 500g,Abarrotes,7,3.2
2025-12-01,BEB-001,Agua Cielo 625ml,Bebidas,20,1.5
2025-12-01,BEB-002,Gaseosa Inca Kola 500ml,Bebidas,42,2.5
2025-12-01,BEB-003,Cerveza Pilsen 355ml,Bebidas,21,4.0
2025-12-01,CUI-001,Jabón Bolívar barra,Cuidado,9,1.8
2025-12-01,LAC-001,Leche Gloria tarro,Lácteos,9,4.2
2025-12-01,LAC-002,Yogurt Gloria 1L,Lácteos,12,6.5
2025-12-01,LIM-001,Detergente Bolívar 520g,Limpieza,12,5.0
2025-12-01,LIM-002,Papel higiénico Suave x4,Limpieza,11,6.0
2025-12-01,SNK-001,Galleta Soda Field,Snacks,11,1.0
2025-12-01,SNK-002,Chocolate Sublime,Snacks,6,2.0
2025-12-02,ABA-001,Arroz Costeño 1kg,Abarrotes,6,4.5
2025-12-02,ABA-002,Aceite Primor 1L,Abarrotes,9,9.9
2025-12-02,ABA-003,Atún Florida lata,Abarrotes,6,5.5
2025-12-02,ABA-004,Fideos Don Vittorio 500g,Abarrotes,8,3.2
2025-12-02,BEB-001,Agua Cielo 625ml,Bebidas,19,1.5
2025-12-02,BEB-002,Gaseosa Inca Kola 500ml,Bebidas,45,2.5
2025-12-02,BEB-003,Cerveza Pilsen 355ml,Bebidas,20,4.0
2025-12-02,CUI-001,Jabón Bolívar barra,Cuidado,10,1.8
2025-12-02,LAC-001,Leche Gloria tarro,Lácteos,11,4.2
2025-12-02,LAC-002,Yogurt Gloria 1L,Lácteos,7,6.5
2025-12-02,LIM-001,Detergente Bolívar 520g,Limpieza,11,5.0
2025-12-02,LIM-002,Papel higiénico Suave x4,Limpieza,10,6.0
2025-12-02,SNK-001,Galleta Soda Field,Snacks,12,1.0
2025-12-02,SNK-002,Chocolate Sublime,Snacks,14,2.0
2025-12-03,ABA-001,Arroz Costeño 1kg,Abarrotes,5,4.5
2025-12-03,ABA-002,Aceite Primor 1L,Abarrotes,5,9.9
2025-12-03,ABA-003,Atún Florida lata,Abarrotes,6,5.5
2025-12-03,ABA-004,Fideos Don Vittorio 500g,Abarrotes,11,3.2
2025-12-03,BEB-001,Agua Cielo 625ml,Bebidas,17,1.5
2025-12-03,BEB-002,Gaseosa Inca Kola 500ml,Bebidas,30,2.5
2025-12-03,BEB-003,Cerveza Pilsen 355ml,Bebidas,23,4.0
2025-12-03,CUI-001,Jabón Bolívar barra,Cuidado,11,1.8
2025-12-03,LAC-001,Leche Gloria tarro,Lácteos,12,4.2
2025-12-03,LAC-002,Yogurt Gloria 1L,Lácteos,7,6.5
2025-12-03,LIM-001,Detergente Bolívar 520g,Limpieza,6,5.0
2025-12-03,LIM-002,Papel higiénico Suave x4,Limpieza,10,6.0
2025-12-03,SNK-001,Galleta Soda Field,Snacks,12,1.0
2025-12-03,SNK-002,Chocolate Sublime,Snacks,12,2.0
2025-12-04,ABA-001,Arroz Costeño 1kg,Abarrotes,7,4.5
2025-12-04,ABA-002,Aceite Primor 1L,Abarrotes,2,9.9
2025-12-04,ABA-003,Atún Florida lata,Abarrotes,9,5.5
2025-12-04,ABA-004,Fideos Don Vittorio 500g,Abarrotes,9,3.2
2025-12-04,BEB-001,Agua Cielo 625ml,Bebidas,25,1.5
2025-12-04,BEB-002,Gaseosa Inca Kola 500ml,Bebidas,35,2.5
2025-12-04,BEB-003,Cerveza Pilsen 355ml,Bebidas,20,4.0
2025-12-04,CUI-001,Jabón Bolívar barra,Cuidado,8,1.8
2025-12-04,LAC-001,Leche Gloria tarro,Lácteos,15,4.2
2025-12-04,LAC-002,Yogurt Gloria 1L,Lácteos,5,6.5
2025-12-04,LIM-001,Detergente Bolívar 520g,Limpieza,3,5.0
2025-12-04,LIM-002,Papel higiénico Suave x4,Limpieza,19,6.0
2025-12-04,SNK-001,Galleta Soda Field,Snacks,11,1.0
2025-12-04,SNK-002,Chocolate Sublime,Snacks,12,2.0
2025-12-05,ABA-001,Arroz Costeño 1kg,Abarrotes,7,4.5
2025-12-05,ABA-002,Aceite Primor 1L,Abarrotes,3,9.9
2025-12-05,ABA-003,Atún Florida lata,Abarrotes,7,5.5
2025-12-05,ABA-004,Fideos Don Vittorio 500g,Abarrotes,4,3.2
2025-12-05,BEB-001,Agua Cielo 625ml,Bebidas,28,1.5
2025-12-05,BEB-002,Gaseosa Inca Kola 500ml,Bebidas,43,2.5
2025-12-05,BEB-003,Cerveza Pilsen 355ml,Bebidas,15,4.0
2025-12-05,CUI-001,Jabón Bolívar barra,Cuidado,7,1.8
2025-12-05,LAC-001,Leche Gloria tarro,Lácteos,11,4.2
2025-12-05,LAC-002,Yogurt Gloria 1L,Lácteos,14,6.5
2025-12-05,LIM-001,Detergente Bolívar 520g,Limpieza,6,5.0
2025-12-05,LIM-002,Papel higiénico Suave x4,Limpieza,22,6.0
2025-12-05,SNK-001,Galleta Soda Field,Snacks,16,1.0
2025-12-05,SNK-002,Chocolate Sublime,Snacks,16,2.0
2025-12-06,ABA-001,Arroz Costeño 1kg,Abarrotes,7,4.5
2025-12-06,ABA-002,Aceite Primor 1L,Abarrotes,9,9.9
2025-12-06,ABA-003,Atún Florida lata,Abarrotes,4,5.5
2025-12-06,ABA-004,Fideos Don Vittorio 500g,Abarrotes,11,3.2
2025-12-06,BEB-001,Agua Cielo 625ml,Bebidas,19,1.5
2025-12-06,BEB-002,Gaseosa Inca Kola 500ml,Bebidas,33,2.5
2025-12-06,BEB-003,Cerveza Pilsen 355ml,Bebidas,40,4.0
2025-12-06,CUI-001,Jabón Bolívar barra,Cuidado,17,1.8
2025-12-06,LAC-001,Leche Gloria tarro,Lácteos,15,4.2
2025-12-06,LAC-002,Yogurt Gloria 1L,Lácteos,12,6.5
2025-12-06,LIM-001,Detergente Bolívar 520g,Limpieza,7,5.0
2025-12-06,LIM-002,Papel higiénico Suave x4,Limpieza,14,6.0
2025-12-06,SNK-001,Galleta Soda Field,Snacks,11,1.0
2025-12-06,SNK-002,Chocolate Sublime,Snacks,12,2.0
2025-12-07,ABA-001,Arroz Costeño 1kg,Abarrotes,5,4.5
2025-12-07,ABA-002,Aceite Primor 1L,Abarrotes,7,9.9
2025-12-07,ABA-003,Atún Florida lata,Abarrotes,5,5.5
2025-12-07,ABA-004,Fideos Don Vittorio 500g,Abarrotes,13,3.2
2025-12-07,BEB-001,Agua Cielo 625ml,Bebidas,29,1.5
2025-12-07,BEB-002,Gaseosa Inca Kola 500ml,Bebidas,55,2.5
2025-12-07,BEB-003,Cerveza Pilsen 355ml,Bebidas,19,4.0
2025-12-07,CUI-001,Jabón Bolívar barra,Cuidado,15,1.8
2025-12-07,LAC-001,Leche Gloria tarro,Lácteos,18,4.2
2025-12-07,LAC-002,Yogurt Gloria 1L,Lácteos,18,6.5
2025-12-07,LIM-001,Detergente Bolívar 520g,Limpieza,11,5.0
2025-12-07,LIM-002,Papel higiénico Suave x4,Limpieza,16,6.0
2025-12-07,SNK-001,Galleta Soda Field,Snacks,14,1.0
2025-12-07,SNK-002,Chocolate Sublime,Snacks,19,2.0
2025-12-08,ABA-001,Arroz Costeño 1kg,Abarrotes,8,4.5
2025-12-08,ABA-002,Aceite Primor 1L,Abarrotes,4,9.9
2025-12-08,ABA-003,Atún Florida lata,Abarrotes,10,5.5
2025-12-08,ABA-004,Fideos Don Vittorio 500g,Abarrotes,7,3.2
2025-12-08,BEB-001,Agua Cielo 625ml,Bebidas,22,1.5
2025-12-08,BEB-002,Gaseosa Inca Kola 500ml,Bebidas,31,2.5
2025-12-08,BEB-003,Cerveza Pilsen 355ml,Bebidas,25,4.0
2025-12-08,CUI-001,Jabón Bolívar barra,Cuidado,15,1.8
2025-12-08,LAC-001,Leche Gloria tarro,Lácteos,16,4.2
2025-12-08,LAC-002,Yogurt Gloria 1L,Lácteos,8,6.5
2025-12-08,LIM-001,Detergente Bolívar 520g,Limpieza,4,5.0
2025-12-08,LIM-002,Papel higiénico Suave x4,Limpieza,11,6.0
2025-12-08,SNK-001,Galleta Soda Field,Snacks,14,1.0
2025-12-08,SNK-002,Chocolate Sublime,Snacks,14,2.0
2025-12-09,ABA-001,Arroz Costeño 1kg,Abarrotes,7,4.5
2025-12-09,ABA-002,Aceite Primor 1L,Abarrotes,5,9.9
2025-12-09,ABA-003,Atún Florida lata,Abarrotes,3,5.5
2025-12-09,ABA-004,Fideos Don Vittorio 500g,Abarrotes,11,3.2
2025-12-09,BEB-001,Agua Cielo 625ml,Bebidas,20,1.5
2025-12-09,BEB-002,Gaseosa Inca Kola 500ml,Bebidas,40,2.5
2025-12-09,BEB-003,Cerveza Pilsen 355ml,Bebidas,20,4.0
2025-12-09,CUI-001,Jabón Bolívar barra,Cuidado,12,1.8
2025-12-09,LAC-001,Leche Gloria tarro,Lácteos,9,4.2
2025-12-09,LAC-002,Yogurt Gloria 1L,Lácteos,8,6.5
2025-12-09,LIM-001,Detergente Bolívar 520g,Limpieza,6,5.0
2025-12-09,LIM-002,Papel higiénico Suave x4,Limpieza,18,6.0
2025-12-09,SNK-001,Galleta Soda Field,Snacks,8,1.0
2025-12-09,SNK-002,Chocolate Sublime,Snacks,18,2.0
2025-12-10,ABA-001,Arroz Costeño 1kg,Abarrotes,7,4.5
2025-12-10,ABA-002,Aceite Primor 1L,Abarrotes,4,9.9
2025-12-10,ABA-003,Atún Florida lata,Abarrotes,4,5.5
2025-12-10,ABA-004,Fideos Don Vittorio 500g,Abarrotes,5,3.2
2025-12-10,BEB-001,Agua Cielo 625ml,Bebidas,26,1.5
2025-12-10,BEB-002,Gaseosa Inca Kola 500ml,Bebidas,40,2.5
2025-12-10,BEB-003,Cerveza Pilsen 355ml,Bebidas,37,4.0
2025-12-10,CUI-001,Jabón Bolívar barra,Cuidado,14,1.8
2025-12-10,LAC-001,Leche Gloria tarro,Lácteos,18,4.2
2025-12-10,LAC-002,Yogurt Gloria 1L,Lácteos,11,6.5
2025-12-10,LIM-001,Detergente Bolívar 520g,Limpieza,9,5.0
2025-12-10,LIM-002,Papel higiénico Suave x4,Limpieza,19,6.0
2025-12-10,SNK-001,Galleta Soda Field,Snacks,23,1.0
2025-12-10,SNK-002,Chocolate Sublime,Snacks,12,2.0
2025-12-11,ABA-001,Arroz Costeño 1kg,Abarrotes,8,4.5
2025-12-11,ABA-002,Aceite Primor 1L,Abarrotes,4,9.9
2025-12-11,ABA-003,Atún Florida lata,Abarrotes,11,5.5
2025-12-11,ABA-004,Fideos Don Vittorio 500g,Abarrotes,4,3.2
2025-12-11,BEB-001,Agua Cielo 625ml,Bebidas,25,1.5
2025-12-11,BEB-002,Gaseosa Inca Kola 500ml,Bebidas,46,2.5
2025-12-11,BEB-003,Cerveza Pilsen 355ml,Bebidas,26,4.0
2025-12-11,CUI-001,Jabón Bolívar barra,Cuidado,8,1.8
2025-12-11,LAC-001,Leche Gloria tarro,Lácteos,13,4.2
2025-12-11,LAC-002,Yogurt Gloria 1L,Lácteos,7,6.5
2025-12-11,LIM-001,Detergente Bolívar 520g,Limpieza,12,5.0
2025-12-11,LIM-002,Papel higiénico Suave x4,Limpieza,23,6.0
2025-12-11,SNK-001,Galleta Soda Field,Snacks,11,1.0
2025-12-11,SNK-002,Chocolate Sublime,Snacks,11,2.0
2025-12-12,ABA-001,Arroz Costeño 1kg,Abarrotes,12,4.5
2025-12-12,ABA-002,Aceite Primor 1L,Abarrotes,6,9.9
2025-12-12,ABA-003,Atún Florida lata,Abarrotes,4,5.5
2025-12-12,ABA-004,Fideos Don Vittorio 500g,Abarrotes,7,3.2
2025-12-12,BEB-001,Agua Cielo 625ml,Bebidas,16,1.5
2025-12-12,BEB-002,Gaseosa Inca Kola 500ml,Bebidas,36,2.5
2025-12-12,BEB-003,Cerveza Pilsen 355ml,Bebidas,25,4.0
2025-12-12,CUI-001,Jabón Bolívar barra,Cuidado,16,1.8
2025-12-12,LAC-001,Leche Gloria tarro,Lácteos,14,4.2
2025-12-12,LAC-002,Yogurt Gloria 1L,Lácteos,10,6.5
2025-12-12,LIM-001,Detergente Bolívar 520g,Limpieza,10,5.0
2025-12-12,LIM-002,Papel higiénico Suave x4,Limpieza,13,6.0
2025-12-12,SNK-001,Galleta Soda Field,Snacks,9,1.0
2025-12-12,SNK-002,Chocolate Sublime,Snacks,15,2.0
2025-12-13,ABA-001,Arroz Costeño 1kg,Abarrotes,11,4.5
2025-12-13,ABA-002,Aceite Primor 1L,Abarrotes,3,9.9
2025-12-13,ABA-003,Atún Florida lata,Abarrotes,11,5.5
2025-12-13,ABA-004,Fideos Don Vittorio 500g,Abarrotes,7,3.2
2025-12-13,BEB-001,Agua Cielo 625ml,Bebidas,23,1.5
2025-12-13,BEB-002,Gaseosa Inca Kola 500ml,Bebidas,55,2.5
2025-12-13,BEB-003,Cerveza Pilsen 355ml,Bebidas,24,4.0
2025-12-13,CUI-001,Jabón Bolívar barra,Cuidado,13,1.8
2025-12-13,LAC-001,Leche Gloria tarro,Lácteos,8,4.2
2025-12-13,LAC-002,Yogurt Gloria 1L,Lácteos,9,6.5
2025-12-13,LIM-001,Detergente Bolívar 520g,Limpieza,14,5.0
2025-12-13,LIM-002,Papel higiénico Suave x4,Limpieza,19,6.0
2025-12-13,SNK-001,Galleta Soda Field,Snacks,18,1.0
2025-12-13,SNK-002,Chocolate Sublime,Snacks,20,2.0
2025-12-14,ABA-001,Arroz Costeño 1kg,Abarrotes,11,4.5
2025-12-14,ABA-002,Aceite Primor 1L,Abarrotes,7,9.9
2025-12-14,ABA-003,Atún Florida lata,Abarrotes,5,5.5
2025-12-14,ABA-004,Fideos Don Vittorio 500g,Abarrotes,4,3.2
2025-12-14,BEB-001,Agua Cielo 625ml,Bebidas,22,1.5
2025-12-14,BEB-002,Gaseosa Inca Kola 500ml,Bebidas,46,2.5
2025-12-14,BEB-003,Cerveza Pilsen 355ml,Bebidas,20,4.0
2025-12-14,CUI-001,Jabón Bolívar barra,Cuidado,21,1.8
2025-12-14,LAC-001,Leche Gloria tarro,Lácteos,21,4.2
2025-12-14,LAC-002,Yogurt Gloria 1L,Lácteos,16,6.5
2025-12-14,LIM-001,Detergente Bolívar 520g,Limpieza,17,5.0
2025-12-14,LIM-002,Papel higiénico Suave x4,Limpieza,16,6.0
2025-12-14,SNK-001,Galleta Soda Field,Snacks,17,1.0
2025-12-14,SNK-002,Chocolate Sublime,Snacks,20,2.0
2025-12-15,ABA-001,Arroz Costeño 1kg,Abarrotes,10,4.5
2025-12-15,ABA-002,Aceite Primor 1L,Abarrotes,5,9.9
2025-12-15,ABA-003,Atún Florida lata,Abarrotes,12,5.5
2025-12-15,ABA-004,Fideos Don Vittorio 500g,Abarrotes,10,3.2
2025-12-15,BEB-001,Agua Cielo 625ml,Bebidas,15,1.5
2025-12-15,BEB-002,Gaseosa Inca Kola 500ml,Bebidas,39,2.5
2025-12-15,BEB-003,Cerveza Pilsen 355ml,Bebidas,34,4.0
2025-12-15,CUI-001,Jabón Bolívar barra,Cuidado,11,1.8
2025-12-15,LAC-001,Leche Gloria tarro,Lácteos,19,4.2
2025-12-15,LAC-002,Yogurt Gloria 1L,Lácteos,11,6.5
2025-12-15,LIM-001,Detergente Bolívar 520g,Limpieza,8,5.0
2025-12-15,LIM-002,Papel higiénico Suave x4,Limpieza,10,6.0
2025-12-15,SNK-001,Galleta Soda Field,Snacks,11,1.0
2025-12-15,SNK-002,Chocolate Sublime,Snacks,14,2.0
2025-12-16,ABA-001,Arroz Costeño 1kg,Abarrotes,9,4.5
2025-12-16,ABA-002,Aceite Primor 1L,Abarrotes,5,9.9
2025-12-16,ABA-003,Atún Florida lata,Abarrotes,3,5.5
2025-12-16,ABA-004,Fideos Don Vittorio 500g,Abarrotes,4,3.2
2025-12-16,BEB-001,Agua Cielo 625ml,Bebidas,16,1.5
2025-12-16,BEB-002,Gaseosa Inca Kola 500ml,Bebidas,46,2.5
2025-12-16,BEB-003,Cerveza Pilsen 355ml,Bebidas,31,4.0
2025-12-16,CUI-001,Jabón Bolívar barra,Cuidado,12,1.8
2025-12-16,LAC-001,Leche Gloria tarro,Lácteos,13,4.2
2025-12-16,LAC-002,Yogurt Gloria 1L,Lácteos,9,6.5
2025-12-16,LIM-001,Detergente Bolívar 520g,Limpieza,11,5.0
2025-12-16,LIM-002,Papel higiénico Suave x4,Limpieza,16,6.0
2025-12-16,SNK-001,Galleta Soda Field,Snacks,10,1.0
2025-12-16,SNK-002,Chocolate Sublime,Snacks,14,2.0
2025-12-17,ABA-001,Arroz Costeño 1kg,Abarrotes,8,4.5
2025-12-17,ABA-002,Aceite Primor 1L,Abarrotes,6,9.9
2025-12-17,ABA-003,Atún Florida lata,Abarrotes,8,5.5
2025-12-17,ABA-004,Fideos Don Vittorio 500g,Abarrotes,5,3.2
2025-12-17,BEB-001,Agua Cielo 625ml,Bebidas,28,1.5
2025-12-17,BEB-002,Gaseosa Inca Kola 500ml,Bebidas,37,2.5
2025-12-17,BEB-003,Cerveza Pilsen 355ml,Bebidas,25,4.0
2025-12-17,CUI-001,Jabón Bolívar barra,Cuidado,10,1.8
2025-12-17,LAC-001,Leche Gloria tarro,Lácteos,22,4.2
2025-12-17,LAC-002,Yogurt Gloria 1L,Lácteos,5,6.5
2025-12-17,LIM-001,Detergente Bolívar 520g,Limpieza,6,5.0
2025-12-17,LIM-002,Papel higiénico Suave x4,Limpieza,21,6.0
2025-12-17,SNK-001,Galleta Soda Field,Snacks,14,1.0
2025-12-17,SNK-002,Chocolate Sublime,Snacks,11,2.0
2025-12-18,ABA-001,Arroz Costeño 1kg,Abarrotes,7,4.5
2025-12-18,ABA-002,Aceite Primor 1L,Abarrotes,4,9.9
2025-12-18,ABA-003,Atún Florida lata,Abarrotes,5,5.5
2025-12-18,ABA-004,Fideos Don Vittorio 500g,Abarrotes,4,3.2
2025-12-18,BEB-001,Agua Cielo 625ml,Bebidas,18,1.5
2025-12-18,BEB-002,Gaseosa Inca Kola 500ml,Bebidas,46,2.5
2025-12-18,BEB-003,Cerveza Pilsen 355ml,Bebidas,26,4.0
2025-12-18,CUI-001,Jabón Bolívar barra,Cuidado,17,1.8
2025-12-18,LAC-001,Leche Gloria tarro,Lácteos,19,4.2
2025-12-18,LAC-002,Yogurt Gloria 1L,Lácteos,7,6.5
2025-12-18,LIM-001,Detergente Bolívar 520g,Limpieza,11,5.0
2025-12-18,LIM-002,Papel higiénico Suave x4,Limpieza,16,6.0
2025-12-18,SNK-001,Galleta Soda Field,Snacks,16,1.0
2025-12-18,SNK-002,Chocolate Sublime,Snacks,13,2.0
2025-12-19,ABA-001,Arroz Costeño 1kg,Abarrotes,7,4.5
2025-12-19,ABA-002,Aceite Primor 1L,Abarrotes,7,9.9
2025-12-19,ABA-003,Atún Florida lata,Abarrotes,4,5.5
2025-12-19,ABA-004,Fideos Don Vittorio 500g,Abarrotes,6,3.2
2025-12-19,BEB-001,Agua Cielo 625ml,Bebidas,32,1.5
2025-12-19,BEB-002,Gaseosa Inca Kola 500ml,Bebidas,46,2.5
2025-12-19,BEB-003,Cerveza Pilsen 355ml,Bebidas,20,4.0
2025-12-19,CUI-001,Jabón Bolívar barra,Cuidado,14,1.8
2025-12-19,LAC-001,Leche Gloria tarro,Lácteos,14,4.2
2025-12-19,LAC-002,Yogurt Gloria 1L,Lácteos,10,6.5
2025-12-19,LIM-001,Detergente Bolívar 520g,Limpieza,13,5.0
2025-12-19,LIM-002,Papel higiénico Suave x4,Limpieza,12,6.0
2025-12-19,SNK-001,Galleta Soda Field,Snacks,18,1.0
2025-12-19,SNK-002,Chocolate Sublime,Snacks,11,2.0
2025-12-20,ABA-001,Arroz Costeño 1kg,Abarrotes,13,4.5
2025-12-20,ABA-002,Aceite Primor 1L,Abarrotes,5,9.9
2025-12-20,ABA-003,Atún Florida lata,Abarrotes,11,5.5
2025-12-20,ABA-004,Fideos Don Vittorio 500g,Abarrotes,4,3.2
2025-12-20,BEB-001,Agua Cielo 625ml,Bebidas,29,1.5
2025-12-20,BEB-002,Gaseosa Inca Kola 500ml,Bebidas,58,2.5
2025-12-20,BEB-003,Cerveza Pilsen 355ml,Bebidas,41,4.0
2025-12-20,CUI-001,Jabón Bolívar barra,Cuidado,10,1.8
2025-12-20,LAC-001,Leche Gloria tarro,Lácteos,13,4.2
2025-12-20,LAC-002,Yogurt Gloria 1L,Lácteos,16,6.5
2025-12-20,LIM-001,Detergente Bolívar 520g,Limpieza,12,5.0
2025-12-20,LIM-002,Papel higiénico Suave x4,Limpieza,24,6.0
2025-12-20,SNK-001,Galleta Soda Field,Snacks,23,1.0
2025-12-20,SNK-002,Chocolate Sublime,Snacks,13,2.0
2025-12-21,ABA-001,Arroz Costeño 1kg,Abarrotes,8,4.5
2025-12-21,ABA-002,Aceite Primor 1L,Abarrotes,6,9.9
2025-12-21,ABA-003,Atún Florida lata,Abarrotes,11,5.5
2025-12-21,ABA-004,Fideos Don Vittorio 500g,Abarrotes,13,3.2
2025-12-21,BEB-001,Agua Cielo 625ml,Bebidas,32,1.5
2025-12-21,BEB-002,Gaseosa Inca Kola 500ml,Bebidas,53,2.5
2025-12-21,BEB-003,Cerveza Pilsen 355ml,Bebidas,34,4.0
2025-12-21,CUI-001,Jabón Bolívar barra,Cuidado,16,1.8
2025-12-21,LAC-001,Leche Gloria tarro,Lácteos,16,4.2
2025-12-21,LAC-002,Yogurt Gloria 1L,Lácteos,12,6.5
2025-12-21,LIM-001,Detergente Bolívar 520g,Limpieza,6,5.0
2025-12-21,LIM-002,Papel higiénico Suave x4,Limpieza,15,6.0
2025-12-21,SNK-001,Galleta Soda Field,Snacks,21,1.0
2025-12-21,SNK-002,Chocolate Sublime,Snacks,19,2.0
2025-12-22,ABA-001,Arroz Costeño 1kg,Abarrotes,8,4.5
2025-12-22,ABA-002,Aceite Primor 1L,Abarrotes,8,9.9
2025-12-22,ABA-003,Atún Florida lata,Abarrotes,7,5.5
2025-12-22,ABA-004,Fideos Don Vittorio 500g,Abarrotes,6,3.2
2025-12-22,BEB-001,Agua Cielo 625ml,Bebidas,21,1.5
2025-12-22,BEB-002,Gaseosa Inca Kola 500ml,Bebidas,51,2.5
2025-12-22,BEB-003,Cerveza Pilsen 355ml,Bebidas,16,4.0
2025-12-22,CUI-001,Jabón Bolívar barra,Cuidado,14,1.8
2025-12-22,LAC-001,Leche Gloria tarro,Lácteos,10,4.2
2025-12-22,LAC-002,Yogurt Gloria 1L,Lácteos,13,6.5
2025-12-22,LIM-001,Detergente Bolívar 520g,Limpieza,8,5.0
2025-12-22,LIM-002,Papel higiénico Suave x4,Limpieza,16,6.0
2025-12-22,SNK-001,Galleta Soda Field,Snacks,10,1.0
2025-12-22,SNK-002,Chocolate Sublime,Snacks,14,2.0
2025-12-23,ABA-001,Arroz Costeño 1kg,Abarrotes,11,4.5
2025-12-23,ABA-002,Aceite Primor 1L,Abarrotes,5,9.9
2025-12-23,ABA-003,Atún Florida lata,Abarrotes,6,5.5
2025-12-23,ABA-004,Fideos Don Vittorio 500g,Abarrotes,3,3.2
2025-12-23,BEB-001,Agua Cielo 625ml,Bebidas,23,1.5
2025-12-23,BEB-002,Gaseosa Inca Kola 500ml,Bebidas,35,2.5
2025-12-23,BEB-003,Cerveza Pilsen 355ml,Bebidas,23,4.0
2025-12-23,CUI-001,Jabón Bolívar barra,Cuidado,12,1.8
2025-12-23,LAC-001,Leche Gloria tarro,Lácteos,8,4.2
2025-12-23,LAC-002,Yogurt Gloria 1L,Lácteos,7,6.5
2025-12-23,LIM-001,Detergente Bolívar 520g,Limpieza,11,5.0
2025-12-23,LIM-002,Papel higiénico Suave x4,Limpieza,10,6.0
2025-12-23,SNK-001,Galleta Soda Field,Snacks,14,1.0
2025-12-23,SNK-002,Chocolate Sublime,Snacks,12,2.0
2025-12-24,ABA-001,Arroz Costeño 1kg,Abarrotes,8,4.5
2025-12-24,ABA-002,Aceite Primor 1L,Abarrotes,8,9.9
2025-12-24,ABA-003,Atún Florida lata,Abarrotes,3,5.5
2025-12-24,ABA-004,Fideos Don Vittorio 500g,Abarrotes,4,3.2
2025-12-24,BEB-001,Agua Cielo 625ml,Bebidas,17,1.5
2025-12-24,BEB-002,Gaseosa Inca Kola 500ml,Bebidas,56,2.5
2025-12-24,BEB-003,Cerveza Pilsen 355ml,Bebidas,23,4.0
2025-12-24,CUI-001,Jabón Bolívar barra,Cuidado,10,1.8
2025-12-24,LAC-001,Leche Gloria tarro,Lácteos,15,4.2
2025-12-24,LAC-002,Yogurt Gloria 1L,Lácteos,8,6.5
2025-12-24,LIM-001,Detergente Bolívar 520g,Limpieza,14,5.0
2025-12-24,LIM-002,Papel higiénico Suave x4,Limpieza,16,6.0
2025-12-24,SNK-001,Galleta Soda Field,Snacks,10,1.0
2025-12-24,SNK-002,Chocolate Sublime,Snacks,10,2.0
2025-12-25,ABA-001,Arroz Costeño 1kg,Abarrotes,14,4.5
2025-12-25,ABA-002,Aceite Primor 1L,Abarrotes,8,9.9
2025-12-25,ABA-003,Atún Florida lata,Abarrotes,9,5.5
2025-12-25,ABA-004,Fideos Don Vittorio 500g,Abarrotes,12,3.2
2025-12-25,BEB-001,Agua Cielo 625ml,Bebidas,20,1.5
2025-12-25,BEB-002,Gaseosa Inca Kola 500ml,Bebidas,41,2.5
2025-12-25,BEB-003,Cerveza Pilsen 355ml,Bebidas,23,4.0
2025-12-25,CUI-001,Jabón Bolívar barra,Cuidado,12,1.8
2025-12-25,LAC-001,Leche Gloria tarro,Lácteos,11,4.2
2025-12-25,LAC-002,Yogurt Gloria 1L,Lácteos,17,6.5
2025-12-25,LIM-001,Detergente Bolívar 520g,Limpieza,3,5.0
2025-12-25,LIM-002,Papel higiénico Suave x4,Limpieza,16,6.0
2025-12-25,SNK-001,Galleta Soda Field,Snacks,14,1.0
2025-12-25,SNK-002,Chocolate Sublime,Snacks,8,2.0
2025-12-26,ABA-001,Arroz Costeño 1kg,Abarrotes,10,4.5
2025-12-26,ABA-002,Aceite Primor 1L,Abarrotes,4,9.9
2025-12-26,ABA-003,Atún Florida lata,Abarrotes,7,5.5
2025-12-26,ABA-004,Fideos Don Vittorio 500g,Abarrotes,8,3.2
2025-12-26,BEB-001,Agua Cielo 625ml,Bebidas,18,1.5
2025-12-26,BEB-002,Gaseosa Inca Kola 500ml,Bebidas,43,2.5
2025-12-26,BEB-003,Cerveza Pilsen 355ml,Bebidas,26,4.0
2025-12-26,CUI-001,Jabón Bolívar barra,Cuidado,15,1.8
2025-12-26,LAC-001,Leche Gloria tarro,Lácteos,11,4.2
2025-12-26,LAC-002,Yogurt Gloria 1L,Lácteos,9,6.5
2025-12-26,LIM-001,Detergente Bolívar 520g,Limpieza,8,5.0
2025-12-26,LIM-002,Papel higiénico Suave x4,Limpieza,25,6.0
2025-12-26,SNK-001,Galleta Soda Field,Snacks,19,1.0
2025-12-26,SNK-002,Chocolate Sublime,Snacks,14,2.0
2025-12-27,ABA-001,Arroz Costeño 1kg,Abarrotes,12,4.5
2025-12-27,ABA-002,Aceite Primor 1L,Abarrotes,5,9.9
2025-12-27,ABA-003,Atún Florida lata,Abarrotes,11,5.5
2025-12-27,ABA-004,Fideos Don Vittorio 500g,Abarrotes,7,3.2
2025-12-27,BEB-001,Agua Cielo 625ml,Bebidas,28,1.5
2025-12-27,BEB-002,Gaseosa Inca Kola 500ml,Bebidas,67,2.5
2025-12-27,BEB-003,Cerveza Pilsen 355ml,Bebidas,24,4.0
2025-12-27,CUI-001,Jabón Bolívar barra,Cuidado,15,1.8
2025-12-27,LAC-001,Leche Gloria tarro,Lácteos,18,4.2
2025-12-27,LAC-002,Yogurt Gloria 1L,Lácteos,14,6.5
2025-12-27,LIM-001,Detergente Bolívar 520g,Limpieza,6,5.0
2025-12-27,LIM-002,Papel higiénico Suave x4,Limpieza,25,6.0
2025-12-27,SNK-001,Galleta Soda Field,Snacks,16,1.0
2025-12-27,SNK-002,Chocolate Sublime,Snacks,12,2.0
2025-12-28,ABA-001,Arroz Costeño 1kg,Abarrotes,11,4.5
2025-12-28,ABA-002,Aceite Primor 1L,Abarrotes,8,9.9
2025-12-28,ABA-003,Atún Florida lata,Abarrotes,5,5.5
2025-12-28,ABA-004,Fideos Don Vittorio 500g,Abarrotes,16,3.2
2025-12-28,BEB-001,Agua Cielo 625ml,Bebidas,25,1.5
2025-12-28,BEB-002,Gaseosa Inca Kola 500ml,Bebidas,42,2.5
2025-12-28,BEB-003,Cerveza Pilsen 355ml,Bebidas,20,4.0
2025-12-28,CUI-001,Jabón Bolívar barra,Cuidado,13,1.8
2025-12-28,LAC-001,Leche Gloria tarro,Lácteos,19,4.2
2025-12-28,LAC-002,Yogurt Gloria 1L,Lácteos,12,6.5
2025-12-28,LIM-001,Detergente Bolívar 520g,Limpieza,11,5.0
2025-12-28,LIM-002,Papel higiénico Suave x4,Limpieza,19,6.0
2025-12-28,SNK-001,Galleta Soda Field,Snacks,18,1.0
2025-12-28,SNK-002,Chocolate Sublime,Snacks,19,2.0
2025-12-29,ABA-001,Arroz Costeño 1kg,Abarrotes,10,4.5
2025-12-29,ABA-002,Aceite Primor 1L,Abarrotes,3,9.9
2025-12-29,ABA-003,Atún Florida lata,Abarrotes,7,5.5
2025-12-29,ABA-004,Fideos Don Vittorio 500g,Abarrotes,3,3.2
2025-12-29,BEB-001,Agua Cielo 625ml,Bebidas,21,1.5
2025-12-29,BEB-002,Gaseosa Inca Kola 500ml,Bebidas,54,2.5
2025-12-29,BEB-003,Cerveza Pilsen 355ml,Bebidas,19,4.0
2025-12-29,CUI-001,Jabón Bolívar barra,Cuidado,13,1.8
2025-12-29,LAC-001,Leche Gloria tarro,Lácteos,16,4.2
2025-12-29,LAC-002,Yogurt Gloria 1L,Lácteos,11,6.5
2025-12-29,LIM-001,Detergente Bolívar 520g,Limpieza,3,5.0
2025-12-29,LIM-002,Papel higiénico Suave x4,Limpieza,10,6.0
2025-12-29,SNK-001,Galleta Soda Field,Snacks,14,1.0
2025-12-29,SNK-002,Chocolate Sublime,Snacks,17,2.0
2025-12-30,ABA-001,Arroz Costeño 1kg,Abarrotes,14,4.5
2025-12-30,ABA-002,Aceite Primor 1L,Abarrotes,4,9.9
2025-12-30,ABA-003,Atún Florida lata,Abarrotes,9,5.5
2025-12-30,ABA-004,Fideos Don Vittorio 500g,Abarrotes,7,3.2
2025-12-30,BEB-001,Agua Cielo 625ml,Bebidas,20,1.5
2025-12-30,BEB-002,Gaseosa Inca Kola 500ml,Bebidas,40,2.5
2025-12-30,BEB-003,Cerveza Pilsen 355ml,Bebidas,20,4.0
2025-12-30,CUI-001,Jabón Bolívar barra,Cuidado,11,1.8
2025-12-30,LAC-001,Leche Gloria tarro,Lácteos,20,4.2
2025-12-30,LAC-002,Yogurt Gloria 1L,Lácteos,9,6.5
2025-12-30,LIM-001,Detergente Bolívar 520g,Limpieza,9,5.0
2025-12-30,LIM-002,Papel higiénico Suave x4,Limpieza,14,6.0
2025-12-30,SNK-001,Galleta Soda Field,Snacks,19,1.0
2025-12-30,SNK-002,Chocolate Sublime,Snacks,16,2.0
2025-12-31,ABA-001,Arroz Costeño 1kg,Abarrotes,8,4.5
2025-12-31,ABA-002,Aceite Primor 1L,Abarrotes,5,9.9
2025-12-31,ABA-003,Atún Florida lata,Abarrotes,7,5.5
2025-12-31,ABA-004,Fideos Don Vittorio 500g,Abarrotes,6,3.2
2025-12-31,BEB-001,Agua Cielo 625ml,Bebidas,27,1.5
2025-12-31,BEB-002,Gaseosa Inca Kola 500ml,Bebidas,56,2.5
2025-12-31,BEB-003,Cerveza Pilsen 355ml,Bebidas,23,4.0
2025-12-31,CUI-001,Jabón Bolívar barra,Cuidado,13,1.8
2025-12-31,LAC-001,Leche Gloria tarro,Lácteos,13,4.2
2025-12-31,LAC-002,Yogurt Gloria 1L,Lácteos,6,6.5
2025-12-31,LIM-001,Detergente Bolívar 520g,Limpieza,9,5.0
2025-12-31,LIM-002,Papel higiénico Suave x4,Limpieza,21,6.0
2025-12-31,SNK-001,Galleta Soda Field,Snacks,15,1.0
2025-12-31,SNK-002,Chocolate Sublime,Snacks,12,2.0
2026-01-01,ABA-001,Arroz Costeño 1kg,Abarrotes,14,4.5
2026-01-01,ABA-002,Aceite Primor 1L,Abarrotes,6,9.9
2026-01-01,ABA-003,Atún Florida lata,Abarrotes,6,5.5
2026-01-01,ABA-004,Fideos Don Vittorio 500g,Abarrotes,9,3.2
2026-01-01,BEB-001,Agua Cielo 625ml,Bebidas,24,1.5
2026-01-01,BEB-002,Gaseosa Inca Kola 500ml,Bebidas,51,2.5
2026-01-01,BEB-003,Cerveza Pilsen 355ml,Bebidas,25,4.0
2026-01-01,CUI-001,Jabón Bolívar barra,Cuidado,12,1.8
2026-01-01,LAC-001,Leche Gloria tarro,Lácteos,13,4.2
2026-01-01,LAC-002,Yogurt Gloria 1L,Lácteos,9,6.5
2026-01-01,LIM-001,Detergente Bolívar 520g,Limpieza,11,5.0
2026-01-01,LIM-002,Papel higiénico Suave x4,Limpieza,13,6.0
2026-01-01,SNK-001,Galleta Soda Field,Snacks,11,1.0
2026-01-01,SNK-002,Chocolate Sublime,Snacks,19,2.0
2026-01-02,ABA-001,Arroz Costeño 1kg,Abarrotes,9,4.5
2026-01-02,ABA-002,Aceite Primor 1L,Abarrotes,5,9.9
2026-01-02,ABA-003,Atún Florida lata,Abarrotes,7,5.5
2026-01-02,ABA-004,Fideos Don Vittorio 500g,Abarrotes,8,3.2
2026-01-02,BEB-001,Agua Cielo 625ml,Bebidas,22,1.5
2026-01-02,BEB-002,Gaseosa Inca Kola 500ml,Bebidas,54,2.5
2026-01-02,BEB-003,Cerveza Pilsen 355ml,Bebidas,24,4.0
2026-01-02,CUI-001,Jabón Bolívar barra,Cuidado,9,1.8
2026-01-02,LAC-001,Leche Gloria tarro,Lácteos,11,4.2
2026-01-02,LAC-002,Yogurt Gloria 1L,Lácteos,11,6.5
2026-01-02,LIM-001,Detergente Bolívar 520g,Limpieza,10,5.0
2026-01-02,LIM-002,Papel higiénico Suave x4,Limpieza,17,6.0
2026-01-02,SNK-001,Galleta Soda Field,Snacks,13,1.0
2026-01-02,SNK-002,Chocolate Sublime,Snacks,13,2.0
2026-01-03,ABA-001,Arroz Costeño 1kg,Abarrotes,6,4.5
2026-01-03,ABA-002,Aceite Primor 1L,Abarrotes,7,9.9
2026-01-03,ABA-003,Atún Florida lata,Abarrotes,9,5.5
2026-01-03,ABA-004,Fideos Don Vittorio 500g,Abarrotes,4,3.2
2026-01-03,BEB-001,Agua Cielo 625ml,Bebidas,21,1.5
2026-01-03,BEB-002,Gaseosa Inca Kola 500ml,Bebidas,61,2.5
2026-01-03,BEB-003,Cerveza Pilsen 355ml,Bebidas,29,4.0
2026-01-03,CUI-001,Jabón Bolívar barra,Cuidado,20,1.8
2026-01-03,LAC-001,Leche Gloria tarro,Lácteos,21,4.2
2026-01-03,LAC-002,Yogurt Gloria 1L,Lácteos,13,6.5
2026-01-03,LIM-001,Detergente Bolívar 520g,Limpieza,16,5.0
2026-01-03,LIM-002,Papel higiénico Suave x4,Limpieza,21,6.0
2026-01-03,SNK-001,Galleta Soda Field,Snacks,11,1.0
2026-01-03,SNK-002,Chocolate Sublime,Snacks,25,2.0
2026-01-04,ABA-001,Arroz Costeño 1kg,Abarrotes,10,4.5
2026-01-04,ABA-002,Aceite Primor 1L,Abarrotes,6,9.9
2026-01-04,ABA-003,Atún Florida lata,Abarrotes,12,5.5
2026-01-04,ABA-004,Fideos Don Vittorio 500g,Abarrotes,6,3.2
2026-01-04,BEB-001,Agua Cielo 625ml,Bebidas,39,1.5
2026-01-04,BEB-002,Gaseosa Inca Kola 500ml,Bebidas,47,2.5
2026-01-04,BEB-003,Cerveza Pilsen 355ml,Bebidas,31,4.0
2026-01-04,CUI-001,Jabón Bolívar barra,Cuidado,16,1.8
2026-01-04,LAC-001,Leche Gloria tarro,Lácteos,16,4.2
2026-01-04,LAC-002,Yogurt Gloria 1L,Lácteos,16,6.5
2026-01-04,LIM-001,Detergente Bolívar 520g,Limpieza,8,5.0
2026-01-04,LIM-002,Papel higiénico Suave x4,Limpieza,23,6.0
2026-01-04,SNK-001,Galleta Soda Field,Snacks,14,1.0
2026-01-04,SNK-002,Chocolate Sublime,Snacks,14,2.0
2026-01-05,ABA-001,Arroz Costeño 1kg,Abarrotes,10,4.5
2026-01-05,ABA-002,Aceite Primor 1L,Abarrotes,2,9.9
2026-01-05,ABA-003,Atún Florida lata,Abarrotes,8,5.5
2026-01-05,ABA-004,Fideos Don Vittorio 500g,Abarrotes,7,3.2
2026-01-05,BEB-001,Agua Cielo 625ml,Bebidas,15,1.5
2026-01-05,BEB-002,Gaseosa Inca Kola 500ml,Bebidas,30,2.5
2026-01-05,BEB-003,Cerveza Pilsen 355ml,Bebidas,14,4.0
2026-01-05,CUI-001,Jabón Bolívar barra,Cuidado,15,1.8
2026-01-05,LAC-001,Leche Gloria tarro,Lácteos,11,4.2
2026-01-05,LAC-002,Yogurt Gloria 1L,Lácteos,13,6.5
2026-01-05,LIM-001,Detergente Bolívar 520g,Limpieza,4,5.0
2026-01-05,LIM-002,Papel higiénico Suave x4,Limpieza,14,6.0
2026-01-05,SNK-001,Galleta Soda Field,Snacks,11,1.0
2026-01-05,SNK-002,Chocolate Sublime,Snacks,11,2.0
2026-01-06,ABA-001,Arroz Costeño 1kg,Abarrotes,9,4.5
2026-01-06,ABA-002,Aceite Primor 1L,Abarrotes,3,9.9
2026-01-06,ABA-003,Atún Florida lata,Abarrotes,11,5.5
2026-01-06,ABA-004,Fideos Don Vittorio 500g,Abarrotes,7,3.2
2026-01-06,BEB-001,Agua Cielo 625ml,Bebidas,25,1.5
2026-01-06,BEB-002,Gaseosa Inca Kola 500ml,Bebidas,37,2.5
2026-01-06,BEB-003,Cerveza Pilsen 355ml,Bebidas,32,4.0
2026-01-06,CUI-001,Jabón Bolívar barra,Cuidado,8,1.8
2026-01-06,LAC-001,Leche Gloria tarro,Lácteos,17,4.2
2026-01-06,LAC-002,Yogurt Gloria 1L,Lácteos,12,6.5
2026-01-06,LIM-001,Detergente Bolívar 520g,Limpieza,9,5.0
2026-01-06,LIM-002,Papel higiénico Suave x4,Limpieza,17,6.0
2026-01-06,SNK-001,Galleta Soda Field,Snacks,16,1.0
2026-01-06,SNK-002,Chocolate Sublime,Snacks,14,2.0
2026-01-07,ABA-001,Arroz Costeño 1kg,Abarrotes,2,4.5
2026-01-07,ABA-002,Aceite Primor 1L,Abarrotes,3,9.9
2026-01-07,ABA-003,Atún Florida lata,Abarrotes,14,5.5
2026-01-07,ABA-004,Fideos Don Vittorio 500g,Abarrotes,4,3.2
2026-01-07,BEB-001,Agua Cielo 625ml,Bebidas,18,1.5
2026-01-07,BEB-002,Gaseosa Inca Kola 500ml,Bebidas,53,2.5
2026-01-07,BEB-003,Cerveza Pilsen 355ml,Bebidas,24,4.0
2026-01-07,CUI-001,Jabón Bolívar barra,Cuidado,13,1.8
2026-01-07,LAC-001,Leche Gloria tarro,Lácteos,15,4.2
2026-01-07,LAC-002,Yogurt Gloria 1L,Lácteos,9,6.5
2026-01-07,LIM-001,Detergente Bolívar 520g,Limpieza,5,5.0
2026-01-07,LIM-002,Papel higiénico Suave x4,Limpieza,12,6.0
2026-01-07,SNK-001,Galleta Soda Field,Snacks,13,1.0
2026-01-07,SNK-002,Chocolate Sublime,Snacks,13,2.0
2026-01-08,ABA-001,Arroz Costeño 1kg,Abarrotes,8,4.5
2026-01-08,ABA-002,Aceite Primor 1L,Abarrotes,5,9.9
2026-01-08,ABA-003,Atún Florida lata,Abarrotes,8,5.5
2026-01-08,ABA-004,Fideos Don Vittorio 500g,Abarrotes,4,3.2
2026-01-08,BEB-001,Agua Cielo 625ml,Bebidas,19,1.5
2026-01-08,BEB-002,Gaseosa Inca Kola 500ml,Bebidas,46,2.5
2026-01-08,BEB-003,Cerveza Pilsen 355ml,Bebidas,21,4.0
2026-01-08,CUI-001,Jabón Bolívar barra,Cuidado,12,1.8
2026-01-08,LAC-001,Leche Gloria tarro,Lácteos,9,4.2
2026-01-08,LAC-002,Yogurt Gloria 1L,Lácteos,10,6.5
2026-01-08,LIM-001,Detergente Bolívar 520g,Limpieza,2,5.0
2026-01-08,LIM-002,Papel higiénico Suave x4,Limpieza,15,6.0
2026-01-08,SNK-001,Galleta Soda Field,Snacks,15,1.0
2026-01-08,SNK-002,Chocolate Sublime,Snacks,21,2.0
2026-01-09,ABA-001,Arroz Costeño 1kg,Abarrotes,6,4.5
2026-01-09,ABA-002,Aceite Primor 1L,Abarrotes,7,9.9
2026-01-09,ABA-003,Atún Florida lata,Abarrotes,5,5.5
2026-01-09,ABA-004,Fideos Don Vittorio 500g,Abarrotes,7,3.2
2026-01-09,BEB-001,Agua Cielo 625ml,Bebidas,19,1.5
2026-01-09,BEB-002,Gaseosa Inca Kola 500ml,Bebidas,51,2.5
2026-01-09,BEB-003,Cerveza Pilsen 355ml,Bebidas,26,4.0
2026-01-09,CUI-001,Jabón Bolívar barra,Cuidado,10,1.8
2026-01-09,LAC-001,Leche Gloria tarro,Lácteos,12,4.2
2026-01-09,LAC-002,Yogurt Gloria 1L,Lácteos,16,6.5
2026-01-09,LIM-001,Detergente Bolívar 520g,Limpieza,10,5.0
2026-01-09,LIM-002,Papel higiénico Suave x4,Limpieza,19,6.0
2026-01-09,SNK-001,Galleta Soda Field,Snacks,13,1.0
2026-01-09,SNK-002,Chocolate Sublime,Snacks,9,2.0
2026-01-10,ABA-001,Arroz Costeño 1kg,Abarrotes,4,4.5
2026-01-10,ABA-002,Aceite Primor 1L,Abarrotes,7,9.9
2026-01-10,ABA-003,Atún Florida lata,Abarrotes,10,5.5
2026-01-10,ABA-004,Fideos Don Vittorio 500g,Abarrotes,11,3.2
2026-01-10,BEB-001,Agua Cielo 625ml,Bebidas,31,1.5
2026-01-10,BEB-002,Gaseosa Inca Kola 500ml,Bebidas,57,2.5
2026-01-10,BEB-003,Cerveza Pilsen 355ml,Bebidas,27,4.0
2026-01-10,CUI-001,Jabón Bolívar barra,Cuidado,11,1.8
2026-01-10,LAC-001,Leche Gloria tarro,Lácteos,17,4.2
2026-01-10,LAC-002,Yogurt Gloria 1L,Lácteos,11,6.5
2026-01-10,LIM-001,Detergente Bolívar 520g,Limpieza,16,5.0
2026-01-10,LIM-002,Papel higiénico Suave x4,Limpieza,10,6.0
2026-01-10,SNK-001,Galleta Soda Field,Snacks,20,1.0
2026-01-10,SNK-002,Chocolate Sublime,Snacks,21,2.0
2026-01-11,ABA-001,Arroz Costeño 1kg,Abarrotes,9,4.5
2026-01-11,ABA-002,Aceite Primor 1L,Abarrotes,6,9.9
2026-01-11,ABA-003,Atún Florida lata,Abarrotes,10,5.5
2026-01-11,ABA-004,Fideos Don Vittorio 500g,Abarrotes,4,3.2
2026-01-11,BEB-001,Agua Cielo 625ml,Bebidas,26,1.5
2026-01-11,BEB-002,Gaseosa Inca Kola 500ml,Bebidas,50,2.5
2026-01-11,BEB-003,Cerveza Pilsen 355ml,Bebidas,23,4.0
2026-01-11,CUI-001,Jabón Bolívar barra,Cuidado,19,1.8
2026-01-11,LAC-001,Leche Gloria tarro,Lácteos,19,4.2
2026-01-11,LAC-002,Yogurt Gloria 1L,Lácteos,14,6.5
2026-01-11,LIM-001,Detergente Bolívar 520g,Limpieza,9,5.0
2026-01-11,LIM-002,Papel higiénico Suave x4,Limpieza,26,6.0
2026-01-11,SNK-001,Galleta Soda Field,Snacks,24,1.0
2026-01-11,SNK-002,Chocolate Sublime,Snacks,16,2.0
2026-01-12,ABA-001,Arroz Costeño 1kg,Abarrotes,12,4.5
2026-01-12,ABA-002,Aceite Primor 1L,Abarrotes,3,9.9
2026-01-12,ABA-003,Atún Florida lata,Abarrotes,7,5.5
2026-01-12,ABA-004,Fideos Don Vittorio 500g,Abarrotes,9,3.2
2026-01-12,BEB-001,Agua Cielo 625ml,Bebidas,23,1.5
2026-01-12,BEB-002,Gaseosa Inca Kola 500ml,Bebidas,49,2.5
2026-01-12,BEB-003,Cerveza Pilsen 355ml,Bebidas,22,4.0
2026-01-12,CUI-001,Jabón Bolívar barra,Cuidado,16,1.8
2026-01-12,LAC-001,Leche Gloria tarro,Lácteos,15,4.2
2026-01-12,LAC-002,Yogurt Gloria 1L,Lácteos,16,6.5
2026-01-12,LIM-001,Detergente Bolívar 520g,Limpieza,6,5.0
2026-01-12,LIM-002,Papel higiénico Suave x4,Limpieza,14,6.0
2026-01-12,SNK-001,Galleta Soda Field,Snacks,17,1.0
2026-01-12,SNK-002,Chocolate Sublime,Snacks,15,2.0
2026-01-13,ABA-001,Arroz Costeño 1kg,Abarrotes,4,4.5
2026-01-13,ABA-002,Aceite Primor 1L,Abarrotes,5,9.9
2026-01-13,ABA-003,Atún Florida lata,Abarrotes,15,5.5
2026-01-13,ABA-004,Fideos Don Vittorio 500g,Abarrotes,7,3.2
2026-01-13,BEB-001,Agua Cielo 625ml,Bebidas,23,1.5
2026-01-13,BEB-002,Gaseosa Inca Kola 500ml,Bebidas,39,2.5
2026-01-13,BEB-003,Cerveza Pilsen 355ml,Bebidas,20,4.0
2026-01-13,CUI-001,Jabón Bolívar barra,Cuidado,3,1.8
2026-01-13,LAC-001,Leche Gloria tarro,Lácteos,15,4.2
2026-01-13,LAC-002,Yogurt Gloria 1L,Lácteos,4,6.5
2026-01-13,LIM-001,Detergente Bolívar 520g,Limpieza,13,5.0
2026-01-13,LIM-002,Papel higiénico Suave x4,Limpieza,20,6.0
2026-01-13,SNK-001,Galleta Soda Field,Snacks,11,1.0
2026-01-13,SNK-002,Chocolate Sublime,Snacks,12,2.0
2026-01-14,ABA-001,Arroz Costeño 1kg,Abarrotes,2,4.5
2026-01-14,ABA-002,Aceite Primor 1L,Abarrotes,7,9.9
2026-01-14,ABA-003,Atún Florida lata,Abarrotes,6,5.5
2026-01-14,ABA-004,Fideos Don Vittorio 500g,Abarrotes,11,3.2
2026-01-14,BEB-001,Agua Cielo 625ml,Bebidas,24,1.5
2026-01-14,BEB-002,Gaseosa Inca Kola 500ml,Bebidas,36,2.5
2026-01-14,BEB-003,Cerveza Pilsen 355ml,Bebidas,23,4.0
2026-01-14,CUI-001,Jabón Bolívar barra,Cuidado,15,1.8
2026-01-14,LAC-001,Leche Gloria tarro,Lácteos,14,4.2
2026-01-14,LAC-002,Yogurt Gloria 1L,Lácteos,10,6.5
2026-01-14,LIM-001,Detergente Bolívar 520g,Limpieza,8,5.0
2026-01-14,LIM-002,Papel higiénico Suave x4,Limpieza,19,6.0
2026-01-14,SNK-001,Galleta Soda Field,Snacks,8,1.0
2026-01-14,SNK-002,Chocolate Sublime,Snacks,15,2.0
2026-01-15,ABA-001,Arroz Costeño 1kg,Abarrotes,4,4.5
2026-01-15,ABA-002,Aceite Primor 1L,Abarrotes,4,9.9
2026-01-15,ABA-003,Atún Florida lata,Abarrotes,10,5.5
2026-01-15,ABA-004,Fideos Don Vittorio 500g,Abarrotes,7,3.2
2026-01-15,BEB-001,Agua Cielo 625ml,Bebidas,28,1.5
2026-01-15,BEB-002,Gaseosa Inca Kola 500ml,Bebidas,53,2.5
2026-01-15,BEB-003,Cerveza Pilsen 355ml,Bebidas,23,4.0
2026-01-15,CUI-001,Jabón Bolívar barra,Cuidado,14,1.8
2026-01-15,LAC-001,Leche Gloria tarro,Lácteos,14,4.2
2026-01-15,LAC-002,Yogurt Gloria 1L,Lácteos,7,6.5
2026-01-15,LIM-001,Detergente Bolívar 520g,Limpieza,6,5.0
2026-01-15,LIM-002,Papel higiénico Suave x4,Limpieza,20,6.0
2026-01-15,SNK-001,Galleta Soda Field,Snacks,17,1.0
2026-01-15,SNK-002,Chocolate Sublime,Snacks,12,2.0
2026-01-16,ABA-001,Arroz Costeño 1kg,Abarrotes,9,4.5
2026-01-16,ABA-002,Aceite Primor 1L,Abarrotes,6,9.9
2026-01-16,ABA-003,Atún Florida lata,Abarrotes,6,5.5
2026-01-16,ABA-004,Fideos Don Vittorio 500g,Abarrotes,9,3.2
2026-01-16,BEB-001,Agua Cielo 625ml,Bebidas,23,1.5
2026-01-16,BEB-002,Gaseosa Inca Kola 500ml,Bebidas,48,2.5
2026-01-16,BEB-003,Cerveza Pilsen 355ml,Bebidas,16,4.0
2026-01-16,CUI-001,Jabón Bolívar barra,Cuidado,10,1.8
2026-01-16,LAC-001,Leche Gloria tarro,Lácteos,16,4.2
2026-01-16,LAC-002,Yogurt Gloria 1L,Lácteos,9,6.5
2026-01-16,LIM-001,Detergente Bolívar 520g,Limpieza,10,5.0
2026-01-16,LIM-002,Papel higiénico Suave x4,Limpieza,22,6.0
2026-01-16,SNK-001,Galleta Soda Field,Snacks,9,1.0
2026-01-16,SNK-002,Chocolate Sublime,Snacks,16,2.0
2026-01-17,ABA-001,Arroz Costeño 1kg,Abarrotes,7,4.5
2026-01-17,ABA-002,Aceite Primor 1L,Abarrotes,8,9.9
2026-01-17,ABA-003,Atún Florida lata,Abarrotes,8,5.5
2026-01-17,ABA-004,Fideos Don Vittorio 500g,Abarrotes,10,3.2
2026-01-17,BEB-001,Agua Cielo 625ml,Bebidas,37,1.5
2026-01-17,BEB-002,Gaseosa Inca Kola 500ml,Bebidas,58,2.5
2026-01-17,BEB-003,Cerveza Pilsen 355ml,Bebidas,26,4.0
2026-01-17,CUI-001,Jabón Bolívar barra,Cuidado,12,1.8
2026-01-17,LAC-001,Leche Gloria tarro,Lácteos,20,4.2
2026-01-17,LAC-002,Yogurt Gloria 1L,Lácteos,11,6.5
2026-01-17,LIM-001,Detergente Bolívar 520g,Limpieza,11,5.0
2026-01-17,LIM-002,Papel higiénico Suave x4,Limpieza,19,6.0
2026-01-17,SNK-001,Galleta Soda Field,Snacks,11,1.0
2026-01-17,SNK-002,Chocolate Sublime,Snacks,24,2.0
2026-01-18,ABA-001,Arroz Costeño 1kg,Abarrotes,7,4.5
2026-01-18,ABA-002,Aceite Primor 1L,Abarrotes,6,9.9
2026-01-18,ABA-003,Atún Florida lata,Abarrotes,5,5.5
2026-01-18,ABA-004,Fideos Don Vittorio 500g,Abarrotes,10,3.2
2026-01-18,BEB-001,Agua Cielo 625ml,Bebidas,31,1.5
2026-01-18,BEB-002,Gaseosa Inca Kola 500ml,Bebidas,52,2.5
2026-01-18,BEB-003,Cerveza Pilsen 355ml,Bebidas,24,4.0
2026-01-18,CUI-001,Jabón Bolívar barra,Cuidado,13,1.8
2026-01-18,LAC-001,Leche Gloria tarro,Lácteos,18,4.2
2026-01-18,LAC-002,Yogurt Gloria 1L,Lácteos,7,6.5
2026-01-18,LIM-001,Detergente Bolívar 520g,Limpieza,12,5.0
2026-01-18,LIM-002,Papel higiénico Suave x4,Limpieza,22,6.0
2026-01-18,SNK-001,Galleta Soda Field,Snacks,17,1.0
2026-01-18,SNK-002,Chocolate Sublime,Snacks,24,2.0
2026-01-19,ABA-001,Arroz Costeño 1kg,Abarrotes,9,4.5
2026-01-19,ABA-002,Aceite Primor 1L,Abarrotes,7,9.9
2026-01-19,ABA-003,Atún Florida lata,Abarrotes,6,5.5
2026-01-19,ABA-004,Fideos Don Vittorio 500g,Abarrotes,5,3.2
2026-01-19,BEB-001,Agua Cielo 625ml,Bebidas,18,1.5
2026-01-19,BEB-002,Gaseosa Inca Kola 500ml,Bebidas,48,2.5
2026-01-19,BEB-003,Cerveza Pilsen 355ml,Bebidas,18,4.0
2026-01-19,CUI-001,Jabón Bolívar barra,Cuidado,17,1.8
2026-01-19,LAC-001,Leche Gloria tarro,Lácteos,17,4.2
2026-01-19,LAC-002,Yogurt Gloria 1L,Lácteos,7,6.5
2026-01-19,LIM-001,Detergente Bolívar 520g,Limpieza,7,5.0
2026-01-19,LIM-002,Papel higiénico Suave x4,Limpieza,16,6.0
2026-01-19,SNK-001,Galleta Soda Field,Snacks,12,1.0
2026-01-19,SNK-002,Chocolate Sublime,Snacks,12,2.0
2026-01-20,ABA-001,Arroz Costeño 1kg,Abarrotes,6,4.5
2026-01-20,ABA-002,Aceite Primor 1L,Abarrotes,3,9.9
2026-01-20,ABA-003,Atún Florida lata,Abarrotes,3,5.5
2026-01-20,ABA-004,Fideos Don Vittorio 500g,Abarrotes,7,3.2
2026-01-20,BEB-001,Agua Cielo 625ml,Bebidas,26,1.5
2026-01-20,BEB-002,Gaseosa Inca Kola 500ml,Bebidas,53,2.5
2026-01-20,BEB-003,Cerveza Pilsen 355ml,Bebidas,18,4.0
2026-01-20,CUI-001,Jabón Bolívar barra,Cuidado,12,1.8
2026-01-20,LAC-001,Leche Gloria tarro,Lácteos,14,4.2
2026-01-20,LAC-002,Yogurt Gloria 1L,Lácteos,15,6.5
2026-01-20,LIM-001,Detergente Bolívar 520g,Limpieza,6,5.0
2026-01-20,LIM-002,Papel higiénico Suave x4,Limpieza,15,6.0
2026-01-20,SNK-001,Galleta Soda Field,Snacks,19,1.0
2026-01-20,SNK-002,Chocolate Sublime,Snacks,12,2.0
2026-01-21,ABA-001,Arroz Costeño 1kg,Abarrotes,9,4.5
2026-01-21,ABA-002,Aceite Primor 1L,Abarrotes,7,9.9
2026-01-21,ABA-003,Atún Florida lata,Abarrotes,8,5.5
2026-01-21,ABA-004,Fideos Don Vittorio 500g,Abarrotes,9,3.2
2026-01-21,BEB-001,Agua Cielo 625ml,Bebidas,18,1.5
2026-01-21,BEB-002,Gaseosa Inca Kola 500ml,Bebidas,52,2.5
2026-01-21,BEB-003,Cerveza Pilsen 355ml,Bebidas,30,4.0
2026-01-21,CUI-001,Jabón Bolívar barra,Cuidado,18,1.8
2026-01-21,LAC-001,Leche Gloria tarro,Lácteos,14,4.2
2026-01-21,LAC-002,Yogurt Gloria 1L,Lácteos,9,6.5
2026-01-21,LIM-001,Detergente Bolívar 520g,Limpieza,11,5.0
2026-01-21,LIM-002,Papel higiénico Suave x4,Limpieza,13,6.0
2026-01-21,SNK-001,Galleta Soda Field,Snacks,5,1.0
2026-01-21,SNK-002,Chocolate Sublime,Snacks,9,2.0
2026-01-22,ABA-001,Arroz Costeño 1kg,Abarrotes,7,4.5
2026-01-22,ABA-002,Aceite Primor 1L,Abarrotes,4,9.9
2026-01-22,ABA-003,Atún Florida lata,Abarrotes,14,5.5
2026-01-22,ABA-004,Fideos Don Vittorio 500g,Abarrotes,10,3.2
2026-01-22,BEB-001,Agua Cielo 625ml,Bebidas,20,1.5
2026-01-22,BEB-002,Gaseosa Inca Kola 500ml,Bebidas,64,2.5
2026-01-22,BEB-003,Cerveza Pilsen 355ml,Bebidas,26,4.0
2026-01-22,CUI-001,Jabón Bolívar barra,Cuidado,11,1.8
2026-01-22,LAC-001,Leche Gloria tarro,Lácteos,14,4.2
2026-01-22,LAC-002,Yogurt Gloria 1L,Lácteos,11,6.5
2026-01-22,LIM-001,Detergente Bolívar 520g,Limpieza,14,5.0
2026-01-22,LIM-002,Papel higiénico Suave x4,Limpieza,16,6.0
2026-01-22,SNK-001,Galleta Soda Field,Snacks,14,1.0
2026-01-22,SNK-002,Chocolate Sublime,Snacks,19,2.0
2026-01-23,ABA-001,Arroz Costeño 1kg,Abarrotes,7,4.5
2026-01-23,ABA-002,Aceite Primor 1L,Abarrotes,4,9.9
2026-01-23,ABA-003,Atún Florida lata,Abarrotes,6,5.5
2026-01-23,ABA-004,Fideos Don Vittorio 500g,Abarrotes,5,3.2
2026-01-23,BEB-001,Agua Cielo 625ml,Bebidas,22,1.5
2026-01-23,BEB-002,Gaseosa Inca Kola 500ml,Bebidas,44,2.5
2026-01-23,BEB-003,Cerveza Pilsen 355ml,Bebidas,20,4.0
2026-01-23,CUI-001,Jabón Bolívar barra,Cuidado,11,1.8
2026-01-23,LAC-001,Leche Gloria tarro,Lácteos,12,4.2
2026-01-23,LAC-002,Yogurt Gloria 1L,Lácteos,13,6.5
2026-01-23,LIM-001,Detergente Bolívar 520g,Limpieza,6,5.0
2026-01-23,LIM-002,Papel higiénico Suave x4,Limpieza,13,6.0
2026-01-23,SNK-001,Galleta Soda Field,Snacks,15,1.0
2026-01-23,SNK-002,Chocolate Sublime,Snacks,17,2.0
2026-01-24,ABA-001,Arroz Costeño 1kg,Abarrotes,11,4.5
2026-01-24,ABA-002,Aceite Primor 1L,Abarrotes,8,9.9
2026-01-24,ABA-003,Atún Florida lata,Abarrotes,8,5.5
2026-01-24,ABA-004,Fideos Don Vittorio 500g,Abarrotes,8,3.2
2026-01-24,BEB-001,Agua Cielo 625ml,Bebidas,21,1.5
2026-01-24,BEB-002,Gaseosa Inca Kola 500ml,Bebidas,51,2.5
2026-01-24,BEB-003,Cerveza Pilsen 355ml,Bebidas,24,4.0
2026-01-24,CUI-001,Jabón Bolívar barra,Cuidado,20,1.8
2026-01-24,LAC-001,Leche Gloria tarro,Lácteos,21,4.2
2026-01-24,LAC-002,Yogurt Gloria 1L,Lácteos,10,6.5
2026-01-24,LIM-001,Detergente Bolívar 520g,Limpieza,11,5.0
2026-01-24,LIM-002,Papel higiénico Suave x4,Limpieza,18,6.0
2026-01-24,SNK-001,Galleta Soda Field,Snacks,17,1.0
2026-01-24,SNK-002,Chocolate Sublime,Snacks,16,2.0
2026-01-25,ABA-001,Arroz Costeño 1kg,Abarrotes,8,4.5
2026-01-25,ABA-002,Aceite Primor 1L,Abarrotes,8,9.9
2026-01-25,ABA-003,Atún Florida lata,Abarrotes,12,5.5
2026-01-25,ABA-004,Fideos Don Vittorio 500g,Abarrotes,12,3.2
2026-01-25,BEB-001,Agua Cielo 625ml,Bebidas,21,1.5
2026-01-25,BEB-002,Gaseosa Inca Kola 500ml,Bebidas,55,2.5
2026-01-25,BEB-003,Cerveza Pilsen 355ml,Bebidas,28,4.0
2026-01-25,CUI-001,Jabón Bolívar barra,Cuidado,11,1.8
2026-01-25,LAC-001,Leche Gloria tarro,Lácteos,20,4.2
2026-01-25,LAC-002,Yogurt Gloria 1L,Lácteos,10,6.5
2026-01-25,LIM-001,Detergente Bolívar 520g,Limpieza,13,5.0
2026-01-25,LIM-002,Papel higiénico Suave x4,Limpieza,11,6.0
2026-01-25,SNK-001,Galleta Soda Field,Snacks,24,1.0
2026-01-25,SNK-002,Chocolate Sublime,Snacks,24,2.0
2026-01-26,ABA-001,Arroz Costeño 1kg,Abarrotes,10,4.5
2026-01-26,ABA-002,Aceite Primor 1L,Abarrotes,4,9.9
2026-01-26,ABA-003,Atún Florida lata,Abarrotes,7,5.5
2026-01-26,ABA-004,Fideos Don Vittorio 500g,Abarrotes,9,3.2
2026-01-26,BEB-001,Agua Cielo 625ml,Bebidas,29,1.5
2026-01-26,BEB-002,Gaseosa Inca Kola 500ml,Bebidas,57,2.5
2026-01-26,BEB-003,Cerveza Pilsen 355ml,Bebidas,21,4.0
2026-01-26,CUI-001,Jabón Bolívar barra,Cuidado,12,1.8
2026-01-26,LAC-001,Leche Gloria tarro,Lácteos,4,4.2
2026-01-26,LAC-002,Yogurt Gloria 1L,Lácteos,10,6.5
2026-01-26,LIM-001,Detergente Bolívar 520g,Limpieza,9,5.0
2026-01-26,LIM-002,Papel higiénico Suave x4,Limpieza,18,6.0
2026-01-26,SNK-001,Galleta Soda Field,Snacks,13,1.0
2026-01-26,SNK-002,Chocolate Sublime,Snacks,17,2.0
2026-01-27,ABA-001,Arroz Costeño 1kg,Abarrotes,5,4.5
2026-01-27,ABA-002,Aceite Primor 1L,Abarrotes,2,9.9
2026-01-27,ABA-003,Atún Florida lata,Abarrotes,14,5.5
2026-01-27,ABA-004,Fideos Don Vittorio 500g,Abarrotes,9,3.2
2026-01-27,BEB-001,Agua Cielo 625ml,Bebidas,20,1.5
2026-01-27,BEB-002,Gaseosa Inca Kola 500ml,Bebidas,45,2.5
2026-01-27,BEB-003,Cerveza Pilsen 355ml,Bebidas,28,4.0
2026-01-27,CUI-001,Jabón Bolívar barra,Cuidado,14,1.8
2026-01-27,LAC-001,Leche Gloria tarro,Lácteos,17,4.2
2026-01-27,LAC-002,Yogurt Gloria 1L,Lácteos,14,6.5
2026-01-27,LIM-001,Detergente Bolívar 520g,Limpieza,7,5.0
2026-01-27,LIM-002,Papel higiénico Suave x4,Limpieza,14,6.0
2026-01-27,SNK-001,Galleta Soda Field,Snacks,11,1.0
2026-01-27,SNK-002,Chocolate Sublime,Snacks,11,2.0
2026-01-28,ABA-001,Arroz Costeño 1kg,Abarrotes,5,4.5
2026-01-28,ABA-002,Aceite Primor 1L,Abarrotes,6,9.9
2026-01-28,ABA-003,Atún Florida lata,Abarrotes,9,5.5
2026-01-28,ABA-004,Fideos Don Vittorio 500g,Abarrotes,6,3.2
2026-01-28,BEB-001,Agua Cielo 625ml,Bebidas,28,1.5
2026-01-28,BEB-002,Gaseosa Inca Kola 500ml,Bebidas,52,2.5
2026-01-28,BEB-003,Cerveza Pilsen 355ml,Bebidas,21,4.0
2026-01-28,CUI-001,Jabón Bolívar barra,Cuidado,14,1.8
2026-01-28,LAC-001,Leche Gloria tarro,Lácteos,18,4.2
2026-01-28,LAC-002,Yogurt Gloria 1L,Lácteos,5,6.5
2026-01-28,LIM-001,Detergente Bolívar 520g,Limpieza,11,5.0
2026-01-28,LIM-002,Papel higiénico Suave x4,Limpieza,12,6.0
2026-01-28,SNK-001,Galleta Soda Field,Snacks,16,1.0
2026-01-28,SNK-002,Chocolate Sublime,Snacks,16,2.0
2026-01-29,ABA-001,Arroz Costeño 1kg,Abarrotes,4,4.5
2026-01-29,ABA-002,Aceite Primor 1L,Abarrotes,6,9.9
2026-01-29,ABA-003,Atún Florida lata,Abarrotes,9,5.5
2026-01-29,ABA-004,Fideos Don Vittorio 500g,Abarrotes,11,3.2
2026-01-29,BEB-001,Agua Cielo 625ml,Bebidas,27,1.5
2026-01-29,BEB-002,Gaseosa Inca Kola 500ml,Bebidas,50,2.5
2026-01-29,BEB-003,Cerveza Pilsen 355ml,Bebidas,30,4.0
2026-01-29,CUI-001,Jabón Bolívar barra,Cuidado,11,1.8
2026-01-29,LAC-001,Leche Gloria tarro,Lácteos,9,4.2
2026-01-29,LAC-002,Yogurt Gloria 1L,Lácteos,12,6.5
2026-01-29,LIM-001,Detergente Bolívar 520g,Limpieza,5,5.0
2026-01-29,LIM-002,Papel higiénico Suave x4,Limpieza,17,6.0
2026-01-29,SNK-001,Galleta Soda Field,Snacks,16,1.0
2026-01-29,SNK-002,Chocolate Sublime,Snacks,16,2.0
2026-01-30,ABA-001,Arroz Costeño 1kg,Abarrotes,7,4.5
2026-01-30,ABA-002,Aceite Primor 1L,Abarrotes,6,9.9
2026-01-30,ABA-003,Atún Florida lata,Abarrotes,10,5.5
2026-01-30,ABA-004,Fideos Don Vittorio 500g,Abarrotes,7,3.2
2026-01-30,BEB-001,Agua Cielo 625ml,Bebidas,20,1.5
2026-01-30,BEB-002,Gaseosa Inca Kola 500ml,Bebidas,54,2.5
2026-01-30,BEB-003,Cerveza Pilsen 355ml,Bebidas,22,4.0
2026-01-30,CUI-001,Jabón Bolívar barra,Cuidado,14,1.8
2026-01-30,LAC-001,Leche Gloria tarro,Lácteos,12,4.2
2026-01-30,LAC-002,Yogurt Gloria 1L,Lácteos,10,6.5
2026-01-30,LIM-001,Detergente Bolívar 520g,Limpieza,7,5.0
2026-01-30,LIM-002,Papel higiénico Suave x4,Limpieza,15,6.0
2026-01-30,SNK-001,Galleta Soda Field,Snacks,11,1.0
2026-01-30,SNK-002,Chocolate Sublime,Snacks,20,2.0
2026-01-31,ABA-001,Arroz Costeño 1kg,Abarrotes,12,4.5
2026-01-31,ABA-002,Aceite Primor 1L,Abarrotes,4,9.9
2026-01-31,ABA-003,Atún Florida lata,Abarrotes,8,5.5
2026-01-31,ABA-004,Fideos Don Vittorio 500g,Abarrotes,9,3.2
2026-01-31,BEB-001,Agua Cielo 625ml,Bebidas,30,1.5
2026-01-31,BEB-002,Gaseosa Inca Kola 500ml,Bebidas,58,2.5
2026-01-31,BEB-003,Cerveza Pilsen 355ml,Bebidas,28,4.0
2026-01-31,CUI-001,Jabón Bolívar barra,Cuidado,12,1.8
2026-01-31,LAC-001,Leche Gloria tarro,Lácteos,12,4.2
2026-01-31,LAC-002,Yogurt Gloria 1L,Lácteos,16,6.5
2026-01-31,LIM-001,Detergente Bolívar 520g,Limpieza,14,5.0
2026-01-31,LIM-002,Papel higiénico Suave x4,Limpieza,17,6.0
2026-01-31,SNK-001,Galleta Soda Field,Snacks,21,1.0
2026-01-31,SNK-002,Chocolate Sublime,Snacks,16,2.0
2026-02-01,ABA-001,Arroz Costeño 1kg,Abarrotes,11,4.5
2026-02-01,ABA-002,Aceite Primor 1L,Abarrotes,7,9.9
2026-02-01,ABA-003,Atún Florida lata,Abarrotes,13,5.5
2026-02-01,ABA-004,Fideos Don Vittorio 500g,Abarrotes,12,3.2
2026-02-01,BEB-001,Agua Cielo 625ml,Bebidas,27,1.5
2026-02-01,BEB-002,Gaseosa Inca Kola 500ml,Bebidas,58,2.5
2026-02-01,BEB-003,Cerveza Pilsen 355ml,Bebidas,32,4.0
2026-02-01,CUI-001,Jabón Bolívar barra,Cuidado,10,1.8
2026-02-01,LAC-001,Leche Gloria tarro,Lácteos,19,4.2
2026-02-01,LAC-002,Yogurt Gloria 1L,Lácteos,8,6.5
2026-02-01,LIM-001,Detergente Bolívar 520g,Limpieza,6,5.0
2026-02-01,LIM-002,Papel higiénico Suave x4,Limpieza,22,6.0
2026-02-01,SNK-001,Galleta Soda Field,Snacks,21,1.0
2026-02-01,SNK-002,Chocolate Sublime,Snacks,22,2.0
2026-02-02,ABA-001,Arroz Costeño 1kg,Abarrotes,17,4.5
2026-02-02,ABA-002,Aceite Primor 1L,Abarrotes,5,9.9
2026-02-02,ABA-003,Atún Florida lata,Abarrotes,11,5.5
2026-02-02,ABA-004,Fideos Don Vittorio 500g,Abarrotes,11,3.2
2026-02-02,BEB-001,Agua Cielo 625ml,Bebidas,18,1.5
2026-02-02,BEB-002,Gaseosa Inca Kola 500ml,Bebidas,48,2.5
2026-02-02,BEB-003,Cerveza Pilsen 355ml,Bebidas,25,4.0
2026-02-02,CUI-001,Jabón Bolívar barra,Cuidado,9,1.8
2026-02-02,LAC-001,Leche Gloria tarro,Lácteos,12,4.2
2026-02-02,LAC-002,Yogurt Gloria 1L,Lácteos,9,6.5
2026-02-02,LIM-001,Detergente Bolívar 520g,Limpieza,2,5.0
2026-02-02,LIM-002,Papel higiénico Suave x4,Limpieza,18,6.0
2026-02-02,SNK-001,Galleta Soda Field,Snacks,10,1.0
2026-02-02,SNK-002,Chocolate Sublime,Snacks,25,2.0
2026-02-03,ABA-001,Arroz Costeño 1kg,Abarrotes,10,4.5
2026-02-03,ABA-002,Aceite Primor 1L,Abarrotes,8,9.9
2026-02-03,ABA-003,Atún Florida lata,Abarrotes,15,5.5
2026-02-03,ABA-004,Fideos Don Vittorio 500g,Abarrotes,5,3.2
2026-02-03,BEB-001,Agua Cielo 625ml,Bebidas,23,1.5
2026-02-03,BEB-002,Gaseosa Inca Kola 500ml,Bebidas,47,2.5
2026-02-03,BEB-003,Cerveza Pilsen 355ml,Bebidas,23,4.0
2026-02-03,CUI-001,Jabón Bolívar barra,Cuidado,9,1.8
2026-02-03,LAC-001,Leche Gloria tarro,Lácteos,13,4.2
2026-02-03,LAC-002,Yogurt Gloria 1L,Lácteos,8,6.5
2026-02-03,LIM-001,Detergente Bolívar 520g,Limpieza,7,5.0
2026-02-03,LIM-002,Papel higiénico Suave x4,Limpieza,10,6.0
2026-02-03,SNK-001,Galleta Soda Field,Snacks,13,1.0
2026-02-03,SNK-002,Chocolate Sublime,Snacks,17,2.0
2026-02-04,ABA-001,Arroz Costeño 1kg,Abarrotes,13,4.5
2026-02-04,ABA-002,Aceite Primor 1L,Abarrotes,10,9.9
2026-02-04,ABA-003,Atún Florida lata,Abarrotes,4,5.5
2026-02-04,ABA-004,Fideos Don Vittorio 500g,Abarrotes,5,3.2
2026-02-04,BEB-001,Agua Cielo 625ml,Bebidas,32,1.5
2026-02-04,BEB-002,Gaseosa Inca Kola 500ml,Bebidas,50,2.5
2026-02-04,BEB-003,Cerveza Pilsen 355ml,Bebidas,24,4.0
2026-02-04,CUI-001,Jabón Bolívar barra,Cuidado,14,1.8
2026-02-04,LAC-001,Leche Gloria tarro,Lácteos,15,4.2
2026-02-04,LAC-002,Yogurt Gloria 1L,Lácteos,13,6.5
2026-02-04,LIM-001,Detergente Bolívar 520g,Limpieza,10,5.0
2026-02-04,LIM-002,Papel higiénico Suave x4,Limpieza,18,6.0
2026-02-04,SNK-001,Galleta Soda Field,Snacks,11,1.0
2026-02-04,SNK-002,Chocolate Sublime,Snacks,10,2.0
2026-02-05,ABA-001,Arroz Costeño 1kg,Abarrotes,1,4.5
2026-02-05,ABA-002,Aceite Primor 1L,Abarrotes,3,9.9
2026-02-05,ABA-003,Atún Florida lata,Abarrotes,6,5.5
2026-02-05,ABA-004,Fideos Don Vittorio 500g,Abarrotes,6,3.2
2026-02-05,BEB-001,Agua Cielo 625ml,Bebidas,26,1.5
2026-02-05,BEB-002,Gaseosa Inca Kola 500ml,Bebidas,42,2.5
2026-02-05,BEB-003,Cerveza Pilsen 355ml,Bebidas,24,4.0
2026-02-05,CUI-001,Jabón Bolívar barra,Cuidado,13,1.8
2026-02-05,LAC-001,Leche Gloria tarro,Lácteos,15,4.2
2026-02-05,LAC-002,Yogurt Gloria 1L,Lácteos,7,6.5
2026-02-05,LIM-001,Detergente Bolívar 520g,Limpieza,8,5.0
2026-02-05,LIM-002,Papel higiénico Suave x4,Limpieza,11,6.0
2026-02-05,SNK-001,Galleta Soda Field,Snacks,7,1.0
2026-02-05,SNK-002,Chocolate Sublime,Snacks,24,2.0
2026-02-06,ABA-001,Arroz Costeño 1kg,Abarrotes,8,4.5
2026-02-06,ABA-002,Aceite Primor 1L,Abarrotes,4,9.9
2026-02-06,ABA-003,Atún Florida lata,Abarrotes,6,5.5
2026-02-06,ABA-004,Fideos Don Vittorio 500g,Abarrotes,6,3.2
2026-02-06,BEB-001,Agua Cielo 625ml,Bebidas,24,1.5
2026-02-06,BEB-002,Gaseosa Inca Kola 500ml,Bebidas,46,2.5
2026-02-06,BEB-003,Cerveza Pilsen 355ml,Bebidas,15,4.0
2026-02-06,CUI-001,Jabón Bolívar barra,Cuidado,10,1.8
2026-02-06,LAC-001,Leche Gloria tarro,Lácteos,14,4.2
2026-02-06,LAC-002,Yogurt Gloria 1L,Lácteos,16,6.5
2026-02-06,LIM-001,Detergente Bolívar 520g,Limpieza,6,5.0
2026-02-06,LIM-002,Papel higiénico Suave x4,Limpieza,30,6.0
2026-02-06,SNK-001,Galleta Soda Field,Snacks,8,1.0
2026-02-06,SNK-002,Chocolate Sublime,Snacks,17,2.0
2026-02-07,ABA-001,Arroz Costeño 1kg,Abarrotes,12,4.5
2026-02-07,ABA-002,Aceite Primor 1L,Abarrotes,5,9.9
2026-02-07,ABA-003,Atún Florida lata,Abarrotes,10,5.5
2026-02-07,ABA-004,Fideos Don Vittorio 500g,Abarrotes,10,3.2
2026-02-07,BEB-001,Agua Cielo 625ml,Bebidas,26,1.5
2026-02-07,BEB-002,Gaseosa Inca Kola 500ml,Bebidas,40,2.5
2026-02-07,BEB-003,Cerveza Pilsen 355ml,Bebidas,29,4.0
2026-02-07,CUI-001,Jabón Bolívar barra,Cuidado,14,1.8
2026-02-07,LAC-001,Leche Gloria tarro,Lácteos,9,4.2
2026-02-07,LAC-002,Yogurt Gloria 1L,Lácteos,12,6.5
2026-02-07,LIM-001,Detergente Bolívar 520g,Limpieza,5,5.0
2026-02-07,LIM-002,Papel higiénico Suave x4,Limpieza,27,6.0
2026-02-07,SNK-001,Galleta Soda Field,Snacks,17,1.0
2026-02-07,SNK-002,Chocolate Sublime,Snacks,22,2.0
2026-02-08,ABA-001,Arroz Costeño 1kg,Abarrotes,11,4.5
2026-02-08,ABA-002,Aceite Primor 1L,Abarrotes,7,9.9
2026-02-08,ABA-003,Atún Florida lata,Abarrotes,12,5.5
2026-02-08,ABA-004,Fideos Don Vittorio 500g,Abarrotes,8,3.2
2026-02-08,BEB-001,Agua Cielo 625ml,Bebidas,27,1.5
2026-02-08,BEB-002,Gaseosa Inca Kola 500ml,Bebidas,62,2.5
2026-02-08,BEB-003,Cerveza Pilsen 355ml,Bebidas,20,4.0
2026-02-08,CUI-001,Jabón Bolívar barra,Cuidado,18,1.8
2026-02-08,LAC-001,Leche Gloria tarro,Lácteos,15,4.2
2026-02-08,LAC-002,Yogurt Gloria 1L,Lácteos,13,6.5
2026-02-08,LIM-001,Detergente Bolívar 520g,Limpieza,13,5.0
2026-02-08,LIM-002,Papel higiénico Suave x4,Limpieza,29,6.0
2026-02-08,SNK-001,Galleta Soda Field,Snacks,16,1.0
2026-02-08,SNK-002,Chocolate Sublime,Snacks,18,2.0
2026-02-09,ABA-001,Arroz Costeño 1kg,Abarrotes,5,4.5
2026-02-09,ABA-002,Aceite Primor 1L,Abarrotes,5,9.9
2026-02-09,ABA-003,Atún Florida lata,Abarrotes,10,5.5
2026-02-09,ABA-004,Fideos Don Vittorio 500g,Abarrotes,11,3.2
2026-02-09,BEB-001,Agua Cielo 625ml,Bebidas,30,1.5
2026-02-09,BEB-002,Gaseosa Inca Kola 500ml,Bebidas,53,2.5
2026-02-09,BEB-003,Cerveza Pilsen 355ml,Bebidas,28,4.0
2026-02-09,CUI-001,Jabón Bolívar barra,Cuidado,6,1.8
2026-02-09,LAC-001,Leche Gloria tarro,Lácteos,10,4.2
2026-02-09,LAC-002,Yogurt Gloria 1L,Lácteos,9,6.5
2026-02-09,LIM-001,Detergente Bolívar 520g,Limpieza,9,5.0
2026-02-09,LIM-002,Papel higiénico Suave x4,Limpieza,21,6.0
2026-02-09,SNK-001,Galleta Soda Field,Snacks,15,1.0
2026-02-09,SNK-002,Chocolate Sublime,Snacks,13,2.0
2026-02-10,ABA-001,Arroz Costeño 1kg,Abarrotes,10,4.5
2026-02-10,ABA-002,Aceite Primor 1L,Abarrotes,10,9.9
2026-02-10,ABA-003,Atún Florida lata,Abarrotes,3,5.5
2026-02-10,ABA-004,Fideos Don Vittorio 500g,Abarrotes,15,3.2
2026-02-10,BEB-001,Agua Cielo 625ml,Bebidas,25,1.5
2026-02-10,BEB-002,Gaseosa Inca Kola 500ml,Bebidas,45,2.5
2026-02-10,BEB-003,Cerveza Pilsen 355ml,Bebidas,20,4.0
2026-02-10,CUI-001,Jabón Bolívar barra,Cuidado,13,1.8
2026-02-10,LAC-001,Leche Gloria tarro,Lácteos,20,4.2
2026-02-10,LAC-002,Yogurt Gloria 1L,Lácteos,9,6.5
2026-02-10,LIM-001,Detergente Bolívar 520g,Limpieza,6,5.0
2026-02-10,LIM-002,Papel higiénico Suave x4,Limpieza,23,6.0
2026-02-10,SNK-001,Galleta Soda Field,Snacks,18,1.0
2026-02-10,SNK-002,Chocolate Sublime,Snacks,13,2.0
2026-02-11,ABA-001,Arroz Costeño 1kg,Abarrotes,12,4.5
2026-02-11,ABA-002,Aceite Primor 1L,Abarrotes,3,9.9
2026-02-11,ABA-003,Atún Florida lata,Abarrotes,10,5.5
2026-02-11,ABA-004,Fideos Don Vittorio 500g,Abarrotes,6,3.2
2026-02-11,BEB-001,Agua Cielo 625ml,Bebidas,13,1.5
2026-02-11,BEB-002,Gaseosa Inca Kola 500ml,Bebidas,43,2.5
2026-02-11,BEB-003,Cerveza Pilsen 355ml,Bebidas,17,4.0
2026-02-11,CUI-001,Jabón Bolívar barra,Cuidado,9,1.8
2026-02-11,LAC-001,Leche Gloria tarro,Lácteos,13,4.2
2026-02-11,LAC-002,Yogurt Gloria 1L,Lácteos,4,6.5
2026-02-11,LIM-001,Detergente Bolívar 520g,Limpieza,7,5.0
2026-02-11,LIM-002,Papel higiénico Suave x4,Limpieza,15,6.0
2026-02-11,SNK-001,Galleta Soda Field,Snacks,10,1.0
2026-02-11,SNK-002,Chocolate Sublime,Snacks,15,2.0
2026-02-12,ABA-001,Arroz Costeño 1kg,Abarrotes,10,4.5
2026-02-12,ABA-002,Aceite Primor 1L,Abarrotes,7,9.9
2026-02-12,ABA-003,Atún Florida lata,Abarrotes,9,5.5
2026-02-12,ABA-004,Fideos Don Vittorio 500g,Abarrotes,12,3.2
2026-02-12,BEB-001,Agua Cielo 625ml,Bebidas,28,1.5
2026-02-12,BEB-002,Gaseosa Inca Kola 500ml,Bebidas,36,2.5
2026-02-12,BEB-003,Cerveza Pilsen 355ml,Bebidas,23,4.0
2026-02-12,CUI-001,Jabón Bolívar barra,Cuidado,19,1.8
2026-02-12,LAC-001,Leche Gloria tarro,Lácteos,9,4.2
2026-02-12,LAC-002,Yogurt Gloria 1L,Lácteos,8,6.5
2026-02-12,LIM-001,Detergente Bolívar 520g,Limpieza,12,5.0
2026-02-12,LIM-002,Papel higiénico Suave x4,Limpieza,21,6.0
2026-02-12,SNK-001,Galleta Soda Field,Snacks,10,1.0
2026-02-12,SNK-002,Chocolate Sublime,Snacks,14,2.0
2026-02-13,ABA-001,Arroz Costeño 1kg,Abarrotes,11,4.5
2026-02-13,ABA-002,Aceite Primor 1L,Abarrotes,5,9.9
2026-02-13,ABA-003,Atún Florida lata,Abarrotes,8,5.5
2026-02-13,ABA-004,Fideos Don Vittorio 500g,Abarrotes,5,3.2
2026-02-13,BEB-001,Agua Cielo 625ml,Bebidas,21,1.5
2026-02-13,BEB-002,Gaseosa Inca Kola 500ml,Bebidas,49,2.5
2026-02-13,BEB-003,Cerveza Pilsen 355ml,Bebidas,12,4.0
2026-02-13,CUI-001,Jabón Bolívar barra,Cuidado,15,1.8
2026-02-13,LAC-001,Leche Gloria tarro,Lácteos,12,4.2
2026-02-13,LAC-002,Yogurt Gloria 1L,Lácteos,9,6.5
2026-02-13,LIM-001,Detergente Bolívar 520g,Limpieza,7,5.0
2026-02-13,LIM-002,Papel higiénico Suave x4,Limpieza,15,6.0
2026-02-13,SNK-001,Galleta Soda Field,Snacks,7,1.0
2026-02-13,SNK-002,Chocolate Sublime,Snacks,11,2.0
2026-02-14,ABA-001,Arroz Costeño 1kg,Abarrotes,7,4.5
2026-02-14,ABA-002,Aceite Primor 1L,Abarrotes,10,9.9
2026-02-14,ABA-003,Atún Florida lata,Abarrotes,10,5.5
2026-02-14,ABA-004,Fideos Don Vittorio 500g,Abarrotes,13,3.2
2026-02-14,BEB-001,Agua Cielo 625ml,Bebidas,28,1.5
2026-02-14,BEB-002,Gaseosa Inca Kola 500ml,Bebidas,59,2.5
2026-02-14,BEB-003,Cerveza Pilsen 355ml,Bebidas,21,4.0
2026-02-14,CUI-001,Jabón Bolívar barra,Cuidado,7,1.8
2026-02-14,LAC-001,Leche Gloria tarro,Lácteos,22,4.2
2026-02-14,LAC-002,Yogurt Gloria 1L,Lácteos,11,6.5
2026-02-14,LIM-001,Detergente Bolívar 520g,Limpieza,8,5.0
2026-02-14,LIM-002,Papel higiénico Suave x4,Limpieza,25,6.0
2026-02-14,SNK-001,Galleta Soda Field,Snacks,14,1.0
2026-02-14,SNK-002,Chocolate Sublime,Snacks,21,2.0
2026-02-15,ABA-001,Arroz Costeño 1kg,Abarrotes,9,4.5
2026-02-15,ABA-002,Aceite Primor 1L,Abarrotes,5,9.9
2026-02-15,ABA-003,Atún Florida lata,Abarrotes,12,5.5
2026-02-15,ABA-004,Fideos Don Vittorio 500g,Abarrotes,13,3.2
2026-02-15,BEB-001,Agua Cielo 625ml,Bebidas,25,1.5
2026-02-15,BEB-002,Gaseosa Inca Kola 500ml,Bebidas,58,2.5
2026-02-15,BEB-003,Cerveza Pilsen 355ml,Bebidas,38,4.0
2026-02-15,CUI-001,Jabón Bolívar barra,Cuidado,10,1.8
2026-02-15,LAC-001,Leche Gloria tarro,Lácteos,12,4.2
2026-02-15,LAC-002,Yogurt Gloria 1L,Lácteos,7,6.5
2026-02-15,LIM-001,Detergente Bolívar 520g,Limpieza,11,5.0
2026-02-15,LIM-002,Papel higiénico Suave x4,Limpieza,19,6.0
2026-02-15,SNK-001,Galleta Soda Field,Snacks,19,1.0
2026-02-15,SNK-002,Chocolate Sublime,Snacks,23,2.0
2026-02-16,ABA-001,Arroz Costeño 1kg,Abarrotes,6,4.5
2026-02-16,ABA-002,Aceite Primor 1L,Abarrotes,3,9.9
2026-02-16,ABA-003,Atún Florida lata,Abarrotes,3,5.5
2026-02-16,ABA-004,Fideos Don Vittorio 500g,Abarrotes,9,3.2
2026-02-16,BEB-001,Agua Cielo 625ml,Bebidas,27,1.5
2026-02-16,BEB-002,Gaseosa Inca Kola 500ml,Bebidas,37,2.5
2026-02-16,BEB-003,Cerveza Pilsen 355ml,Bebidas,22,4.0
2026-02-16,CUI-001,Jabón Bolívar barra,Cuidado,9,1.8
2026-02-16,LAC-001,Leche Gloria tarro,Lácteos,17,4.2
2026-02-16,LAC-002,Yogurt Gloria 1L,Lácteos,7,6.5
2026-02-16,LIM-001,Detergente Bolívar 520g,Limpieza,8,5.0
2026-02-16,LIM-002,Papel higiénico Suave x4,Limpieza,13,6.0
2026-02-16,SNK-001,Galleta Soda Field,Snacks,12,1.0
2026-02-16,SNK-002,Chocolate Sublime,Snacks,19,2.0
2026-02-17,ABA-001,Arroz Costeño 1kg,Abarrotes,4,4.5
2026-02-17,ABA-002,Aceite Primor 1L,Abarrotes,7,9.9
2026-02-17,ABA-003,Atún Florida lata,Abarrotes,9,5.5
2026-02-17,ABA-004,Fideos Don Vittorio 500g,Abarrotes,6,3.2
2026-02-17,BEB-001,Agua Cielo 625ml,Bebidas,19,1.5
2026-02-17,BEB-002,Gaseosa Inca Kola 500ml,Bebidas,55,2.5
2026-02-17,BEB-003,Cerveza Pilsen 355ml,Bebidas,21,4.0
2026-02-17,CUI-001,Jabón Bolívar barra,Cuidado,7,1.8
2026-02-17,LAC-001,Leche Gloria tarro,Lácteos,13,4.2
2026-02-17,LAC-002,Yogurt Gloria 1L,Lácteos,6,6.5
2026-02-17,LIM-001,Detergente Bolívar 520g,Limpieza,7,5.0
2026-02-17,LIM-002,Papel higiénico Suave x4,Limpieza,23,6.0
2026-02-17,SNK-001,Galleta Soda Field,Snacks,23,1.0
2026-02-17,SNK-002,Chocolate Sublime,Snacks,12,2.0
2026-02-18,ABA-001,Arroz Costeño 1kg,Abarrotes,7,4.5
2026-02-18,ABA-002,Aceite Primor 1L,Abarrotes,5,9.9
2026-02-18,ABA-003,Atún Florida lata,Abarrotes,8,5.5
2026-02-18,ABA-004,Fideos Don Vittorio 500g,Abarrotes,12,3.2
2026-02-18,BEB-001,Agua Cielo 625ml,Bebidas,17,1.5
2026-02-18,BEB-002,Gaseosa Inca Kola 500ml,Bebidas,49,2.5
2026-02-18,BEB-003,Cerveza Pilsen 355ml,Bebidas,25,4.0
2026-02-18,CUI-001,Jabón Bolívar barra,Cuidado,5,1.8
2026-02-18,LAC-001,Leche Gloria tarro,Lácteos,16,4.2
2026-02-18,LAC-002,Yogurt Gloria 1L,Lácteos,8,6.5
2026-02-18,LIM-001,Detergente Bolívar 520g,Limpieza,9,5.0
2026-02-18,LIM-002,Papel higiénico Suave x4,Limpieza,22,6.0
2026-02-18,SNK-001,Galleta Soda Field,Snacks,17,1.0
2026-02-18,SNK-002,Chocolate Sublime,Snacks,16,2.0
2026-02-19,ABA-001,Arroz Costeño 1kg,Abarrotes,10,4.5
2026-02-19,ABA-002,Aceite Primor 1L,Abarrotes,3,9.9
2026-02-19,ABA-003,Atún Florida lata,Abarrotes,8,5.5
2026-02-19,ABA-004,Fideos Don Vittorio 500g,Abarrotes,10,3.2
2026-02-19,BEB-001,Agua Cielo 625ml,Bebidas,23,1.5
2026-02-19,BEB-002,Gaseosa Inca Kola 500ml,Bebidas,40,2.5
2026-02-19,BEB-003,Cerveza Pilsen 355ml,Bebidas,17,4.0
2026-02-19,CUI-001,Jabón Bolívar barra,Cuidado,16,1.8
2026-02-19,LAC-001,Leche Gloria tarro,Lácteos,14,4.2
2026-02-19,LAC-002,Yogurt Gloria 1L,Lácteos,14,6.5
2026-02-19,LIM-001,Detergente Bolívar 520g,Limpieza,14,5.0
2026-02-19,LIM-002,Papel higiénico Suave x4,Limpieza,19,6.0
2026-02-19,SNK-001,Galleta Soda Field,Snacks,12,1.0
2026-02-19,SNK-002,Chocolate Sublime,Snacks,18,2.0
2026-02-20,ABA-001,Arroz Costeño 1kg,Abarrotes,9,4.5
2026-02-20,ABA-002,Aceite Primor 1L,Abarrotes,6,9.9
2026-02-20,ABA-003,Atún Florida lata,Abarrotes,12,5.5
2026-02-20,ABA-004,Fideos Don Vittorio 500g,Abarrotes,12,3.2
2026-02-20,BEB-001,Agua Cielo 625ml,Bebidas,31,1.5
2026-02-20,BEB-002,Gaseosa Inca Kola 500ml,Bebidas,44,2.5
2026-02-20,BEB-003,Cerveza Pilsen 355ml,Bebidas,20,4.0
2026-02-20,CUI-001,Jabón Bolívar barra,Cuidado,8,1.8
2026-02-20,LAC-001,Leche Gloria tarro,Lácteos,14,4.2
2026-02-20,LAC-002,Yogurt Gloria 1L,Lácteos,9,6.5
2026-02-20,LIM-001,Detergente Bolívar 520g,Limpieza,12,5.0
2026-02-20,LIM-002,Papel higiénico Suave x4,Limpieza,20,6.0
2026-02-20,SNK-001,Galleta Soda Field,Snacks,16,1.0
2026-02-20,SNK-002,Chocolate Sublime,Snacks,16,2.0
2026-02-21,ABA-001,Arroz Costeño 1kg,Abarrotes,8,4.5
2026-02-21,ABA-002,Aceite Primor 1L,Abarrotes,6,9.9
2026-02-21,ABA-003,Atún Florida lata,Abarrotes,7,5.5
2026-02-21,ABA-004,Fideos Don Vittorio 500g,Abarrotes,15,3.2
2026-02-21,BEB-001,Agua Cielo 625ml,Bebidas,29,1.5
2026-02-21,BEB-002,Gaseosa Inca Kola 500ml,Bebidas,51,2.5
2026-02-21,BEB-003,Cerveza Pilsen 355ml,Bebidas,28,4.0
2026-02-21,CUI-001,Jabón Bolívar barra,Cuidado,11,1.8
2026-02-21,LAC-001,Leche Gloria tarro,Lácteos,18,4.2
2026-02-21,LAC-002,Yogurt Gloria 1L,Lácteos,16,6.5
2026-02-21,LIM-001,Detergente Bolívar 520g,Limpieza,12,5.0
2026-02-21,LIM-002,Papel higiénico Suave x4,Limpieza,15,6.0
2026-02-21,SNK-001,Galleta Soda Field,Snacks,20,1.0
2026-02-21,SNK-002,Chocolate Sublime,Snacks,21,2.0
2026-02-22,ABA-001,Arroz Costeño 1kg,Abarrotes,14,4.5
2026-02-22,ABA-002,Aceite Primor 1L,Abarrotes,6,9.9
2026-02-22,ABA-003,Atún Florida lata,Abarrotes,12,5.5
2026-02-22,ABA-004,Fideos Don Vittorio 500g,Abarrotes,12,3.2
2026-02-22,BEB-001,Agua Cielo 625ml,Bebidas,21,1.5
2026-02-22,BEB-002,Gaseosa Inca Kola 500ml,Bebidas,50,2.5
2026-02-22,BEB-003,Cerveza Pilsen 355ml,Bebidas,19,4.0
2026-02-22,CUI-001,Jabón Bolívar barra,Cuidado,15,1.8
2026-02-22,LAC-001,Leche Gloria tarro,Lácteos,13,4.2
2026-02-22,LAC-002,Yogurt Gloria 1L,Lácteos,12,6.5
2026-02-22,LIM-001,Detergente Bolívar 520g,Limpieza,4,5.0
2026-02-22,LIM-002,Papel higiénico Suave x4,Limpieza,25,6.0
2026-02-22,SNK-001,Galleta Soda Field,Snacks,14,1.0
2026-02-22,SNK-002,Chocolate Sublime,Snacks,19,2.0
2026-02-23,ABA-001,Arroz Costeño 1kg,Abarrotes,7,4.5
2026-02-23,ABA-002,Aceite Primor 1L,Abarrotes,7,9.9
2026-02-23,ABA-003,Atún Florida lata,Abarrotes,9,5.5
2026-02-23,ABA-004,Fideos Don Vittorio 500g,Abarrotes,9,3.2
2026-02-23,BEB-001,Agua Cielo 625ml,Bebidas,23,1.5
2026-02-23,BEB-002,Gaseosa Inca Kola 500ml,Bebidas,40,2.5
2026-02-23,BEB-003,Cerveza Pilsen 355ml,Bebidas,15,4.0
2026-02-23,CUI-001,Jabón Bolívar barra,Cuidado,7,1.8
2026-02-23,LAC-001,Leche Gloria tarro,Lácteos,15,4.2
2026-02-23,LAC-002,Yogurt Gloria 1L,Lácteos,8,6.5
2026-02-23,LIM-001,Detergente Bolívar 520g,Limpieza,6,5.0
2026-02-23,LIM-002,Papel higiénico Suave x4,Limpieza,23,6.0
2026-02-23,SNK-001,Galleta Soda Field,Snacks,15,1.0
2026-02-23,SNK-002,Chocolate Sublime,Snacks,14,2.0
2026-02-24,ABA-001,Arroz Costeño 1kg,Abarrotes,7,4.5
2026-02-24,ABA-002,Aceite Primor 1L,Abarrotes,6,9.9
2026-02-24,ABA-003,Atún Florida lata,Abarrotes,11,5.5
2026-02-24,ABA-004,Fideos Don Vittorio 500g,Abarrotes,7,3.2
2026-02-24,BEB-001,Agua Cielo 625ml,Bebidas,19,1.5
2026-02-24,BEB-002,Gaseosa Inca Kola 500ml,Bebidas,47,2.5
2026-02-24,BEB-003,Cerveza Pilsen 355ml,Bebidas,16,4.0
2026-02-24,CUI-001,Jabón Bolívar barra,Cuidado,10,1.8
2026-02-24,LAC-001,Leche Gloria tarro,Lácteos,18,4.2
2026-02-24,LAC-002,Yogurt Gloria 1L,Lácteos,17,6.5
2026-02-24,LIM-001,Detergente Bolívar 520g,Limpieza,10,5.0
2026-02-24,LIM-002,Papel higiénico Suave x4,Limpieza,16,6.0
2026-02-24,SNK-001,Galleta Soda Field,Snacks,20,1.0
2026-02-24,SNK-002,Chocolate Sublime,Snacks,17,2.0
2026-02-25,ABA-001,Arroz Costeño 1kg,Abarrotes,7,4.5
2026-02-25,ABA-002,Aceite Primor 1L,Abarrotes,6,9.9
2026-02-25,ABA-003,Atún Florida lata,Abarrotes,4,5.5
2026-02-25,ABA-004,Fideos Don Vittorio 500g,Abarrotes,8,3.2
2026-02-25,BEB-001,Agua Cielo 625ml,Bebidas,19,1.5
2026-02-25,BEB-002,Gaseosa Inca Kola 500ml,Bebidas,39,2.5
2026-02-25,BEB-003,Cerveza Pilsen 355ml,Bebidas,17,4.0
2026-02-25,CUI-001,Jabón Bolívar barra,Cuidado,11,1.8
2026-02-25,LAC-001,Leche Gloria tarro,Lácteos,16,4.2
2026-02-25,LAC-002,Yogurt Gloria 1L,Lácteos,18,6.5
2026-02-25,LIM-001,Detergente Bolívar 520g,Limpieza,8,5.0
2026-02-25,LIM-002,Papel higiénico Suave x4,Limpieza,15,6.0
2026-02-25,SNK-001,Galleta Soda Field,Snacks,13,1.0
2026-02-25,SNK-002,Chocolate Sublime,Snacks,19,2.0
2026-02-26,ABA-001,Arroz Costeño 1kg,Abarrotes,7,4.5
2026-02-26,ABA-002,Aceite Primor 1L,Abarrotes,5,9.9
2026-02-26,ABA-003,Atún Florida lata,Abarrotes,8,5.5
2026-02-26,ABA-004,Fideos Don Vittorio 500g,Abarrotes,10,3.2
2026-02-26,BEB-001,Agua Cielo 625ml,Bebidas,24,1.5
2026-02-26,BEB-002,Gaseosa Inca Kola 500ml,Bebidas,52,2.5
2026-02-26,BEB-003,Cerveza Pilsen 355ml,Bebidas,29,4.0
2026-02-26,CUI-001,Jabón Bolívar barra,Cuidado,9,1.8
2026-02-26,LAC-001,Leche Gloria tarro,Lácteos,20,4.2
2026-02-26,LAC-002,Yogurt Gloria 1L,Lácteos,11,6.5
2026-02-26,LIM-001,Detergente Bolívar 520g,Limpieza,4,5.0
2026-02-26,LIM-002,Papel higiénico Suave x4,Limpieza,20,6.0
2026-02-26,SNK-001,Galleta Soda Field,Snacks,13,1.0
2026-02-26,SNK-002,Chocolate Sublime,Snacks,14,2.0
2026-02-27,ABA-001,Arroz Costeño 1kg,Abarrotes,13,4.5
2026-02-27,ABA-002,Aceite Primor 1L,Abarrotes,4,9.9
2026-02-27,ABA-003,Atún Florida lata,Abarrotes,6,5.5
2026-02-27,ABA-004,Fideos Don Vittorio 500g,Abarrotes,3,3.2
2026-02-27,BEB-001,Agua Cielo 625ml,Bebidas,28,1.5
2026-02-27,BEB-002,Gaseosa Inca Kola 500ml,Bebidas,46,2.5
2026-02-27,BEB-003,Cerveza Pilsen 355ml,Bebidas,22,4.0
2026-02-27,CUI-001,Jabón Bolívar barra,Cuidado,16,1.8
2026-02-27,LAC-001,Leche Gloria tarro,Lácteos,14,4.2
2026-02-27,LAC-002,Yogurt Gloria 1L,Lácteos,12,6.5
2026-02-27,LIM-001,Detergente Bolívar 520g,Limpieza,6,5.0
2026-02-27,LIM-002,Papel higiénico Suave x4,Limpieza,13,6.0
2026-02-27,SNK-001,Galleta Soda Field,Snacks,19,1.0
2026-02-27,SNK-002,Chocolate Sublime,Snacks,23,2.0
2026-02-28,ABA-001,Arroz Costeño 1kg,Abarrotes,14,4.5
2026-02-28,ABA-002,Aceite Primor 1L,Abarrotes,5,9.9
2026-02-28,ABA-003,Atún Florida lata,Abarrotes,8,5.5
2026-02-28,ABA-004,Fideos Don Vittorio 500g,Abarrotes,8,3.2
2026-02-28,BEB-001,Agua Cielo 625ml,Bebidas,28,1.5
2026-02-28,BEB-002,Gaseosa Inca Kola 500ml,Bebidas,63,2.5
2026-02-28,BEB-003,Cerveza Pilsen 355ml,Bebidas,16,4.0
2026-02-28,CUI-001,Jabón Bolívar barra,Cuidado,15,1.8
2026-02-28,LAC-001,Leche Gloria tarro,Lácteos,16,4.2
2026-02-28,LAC-002,Yogurt Gloria 1L,Lácteos,4,6.5
2026-02-28,LIM-001,Detergente Bolívar 520g,Limpieza,7,5.0
2026-02-28,LIM-002,Papel higiénico Suave x4,Limpieza,25,6.0
2026-02-28,SNK-001,Galleta Soda Field,Snacks,11,1.0
2026-02-28,SNK-002,Chocolate Sublime,Snacks,27,2.0
2026-03-01,ABA-001,Arroz Costeño 1kg,Abarrotes,19,4.5
2026-03-01,ABA-002,Aceite Primor 1L,Abarrotes,2,9.9
2026-03-01,ABA-003,Atún Florida lata,Abarrotes,6,5.5
2026-03-01,ABA-004,Fideos Don Vittorio 500g,Abarrotes,12,3.2
2026-03-01,BEB-001,Agua Cielo 625ml,Bebidas,23,1.5
2026-03-01,BEB-002,Gaseosa Inca Kola 500ml,Bebidas,53,2.5
2026-03-01,BEB-003,Cerveza Pilsen 355ml,Bebidas,23,4.0
2026-03-01,CUI-001,Jabón Bolívar barra,Cuidado,14,1.8
2026-03-01,LAC-001,Leche Gloria tarro,Lácteos,27,4.2
2026-03-01,LAC-002,Yogurt Gloria 1L,Lácteos,11,6.5
2026-03-01,LIM-001,Detergente Bolívar 520g,Limpieza,13,5.0
2026-03-01,LIM-002,Papel higiénico Suave x4,Limpieza,19,6.0
2026-03-01,SNK-001,Galleta Soda Field,Snacks,17,1.0
2026-03-01,SNK-002,Chocolate Sublime,Snacks,31,2.0
2026-03-02,ABA-001,Arroz Costeño 1kg,Abarrotes,9,4.5
2026-03-02,ABA-002,Aceite Primor 1L,Abarrotes,4,9.9
2026-03-02,ABA-003,Atún Florida lata,Abarrotes,11,5.5
2026-03-02,ABA-004,Fideos Don Vittorio 500g,Abarrotes,16,3.2
2026-03-02,BEB-001,Agua Cielo 625ml,Bebidas,16,1.5
2026-03-02,BEB-002,Gaseosa Inca Kola 500ml,Bebidas,48,2.5
2026-03-02,BEB-003,Cerveza Pilsen 355ml,Bebidas,21,4.0
2026-03-02,CUI-001,Jabón Bolívar barra,Cuidado,10,1.8
2026-03-02,LAC-001,Leche Gloria tarro,Lácteos,18,4.2
2026-03-02,LAC-002,Yogurt Gloria 1L,Lácteos,8,6.5
2026-03-02,LIM-001,Detergente Bolívar 520g,Limpieza,6,5.0
2026-03-02,LIM-002,Papel higiénico Suave x4,Limpieza,16,6.0
2026-03-02,SNK-001,Galleta Soda Field,Snacks,19,1.0
2026-03-02,SNK-002,Chocolate Sublime,Snacks,19,2.0
2026-03-03,ABA-001,Arroz Costeño 1kg,Abarrotes,8,4.5
2026-03-03,ABA-002,Aceite Primor 1L,Abarrotes,4,9.9
2026-03-03,ABA-003,Atún Florida lata,Abarrotes,7,5.5
2026-03-03,ABA-004,Fideos Don Vittorio 500g,Abarrotes,10,3.2
2026-03-03,BEB-001,Agua Cielo 625ml,Bebidas,19,1.5
2026-03-03,BEB-002,Gaseosa Inca Kola 500ml,Bebidas,59,2.5
2026-03-03,BEB-003,Cerveza Pilsen 355ml,Bebidas,19,4.0
2026-03-03,CUI-001,Jabón Bolívar barra,Cuidado,13,1.8
2026-03-03,LAC-001,Leche Gloria tarro,Lácteos,21,4.2
2026-03-03,LAC-002,Yogurt Gloria 1L,Lácteos,4,6.5
2026-03-03,LIM-001,Detergente Bolívar 520g,Limpieza,4,5.0
2026-03-03,LIM-002,Papel higiénico Suave x4,Limpieza,14,6.0
2026-03-03,SNK-001,Galleta Soda Field,Snacks,17,1.0
2026-03-03,SNK-002,Chocolate Sublime,Snacks,26,2.0
2026-03-04,ABA-001,Arroz Costeño 1kg,Abarrotes,7,4.5
2026-03-04,ABA-002,Aceite Primor 1L,Abarrotes,4,9.9
2026-03-04,ABA-003,Atún Florida lata,Abarrotes,6,5.5
2026-03-04,ABA-004,Fideos Don Vittorio 500g,Abarrotes,8,3.2
2026-03-04,BEB-001,Agua Cielo 625ml,Bebidas,23,1.5
2026-03-04,BEB-002,Gaseosa Inca Kola 500ml,Bebidas,30,2.5
2026-03-04,BEB-003,Cerveza Pilsen 355ml,Bebidas,18,4.0
2026-03-04,CUI-001,Jabón Bolívar barra,Cuidado,12,1.8
2026-03-04,LAC-001,Leche Gloria tarro,Lácteos,19,4.2
2026-03-04,LAC-002,Yogurt Gloria 1L,Lácteos,5,6.5
2026-03-04,LIM-001,Detergente Bolívar 520g,Limpieza,5,5.0
2026-03-04,LIM-002,Papel higiénico Suave x4,Limpieza,20,6.0
2026-03-04,SNK-001,Galleta Soda Field,Snacks,20,1.0
2026-03-04,SNK-002,Chocolate Sublime,Snacks,37,2.0
2026-03-05,ABA-001,Arroz Costeño 1kg,Abarrotes,16,4.5
2026-03-05,ABA-002,Aceite Primor 1L,Abarrotes,3,9.9
2026-03-05,ABA-003,Atún Florida lata,Abarrotes,11,5.5
2026-03-05,ABA-004,Fideos Don Vittorio 500g,Abarrotes,18,3.2
2026-03-05,BEB-001,Agua Cielo 625ml,Bebidas,24,1.5
2026-03-05,BEB-002,Gaseosa Inca Kola 500ml,Bebidas,38,2.5
2026-03-05,BEB-003,Cerveza Pilsen 355ml,Bebidas,23,4.0
2026-03-05,CUI-001,Jabón Bolívar barra,Cuidado,6,1.8
2026-03-05,LAC-001,Leche Gloria tarro,Lácteos,21,4.2
2026-03-05,LAC-002,Yogurt Gloria 1L,Lácteos,9,6.5
2026-03-05,LIM-001,Detergente Bolívar 520g,Limpieza,6,5.0
2026-03-05,LIM-002,Papel higiénico Suave x4,Limpieza,18,6.0
2026-03-05,SNK-001,Galleta Soda Field,Snacks,11,1.0
2026-03-05,SNK-002,Chocolate Sublime,Snacks,13,2.0
2026-03-06,ABA-001,Arroz Costeño 1kg,Abarrotes,9,4.5
2026-03-06,ABA-002,Aceite Primor 1L,Abarrotes,9,9.9
2026-03-06,ABA-003,Atún Florida lata,Abarrotes,3,5.5
2026-03-06,ABA-004,Fideos Don Vittorio 500g,Abarrotes,8,3.2
2026-03-06,BEB-001,Agua Cielo 625ml,Bebidas,17,1.5
2026-03-06,BEB-002,Gaseosa Inca Kola 500ml,Bebidas,54,2.5
2026-03-06,BEB-003,Cerveza Pilsen 355ml,Bebidas,25,4.0
2026-03-06,CUI-001,Jabón Bolívar barra,Cuidado,9,1.8
2026-03-06,LAC-001,Leche Gloria tarro,Lácteos,18,4.2
2026-03-06,LAC-002,Yogurt Gloria 1L,Lácteos,15,6.5
2026-03-06,LIM-001,Detergente Bolívar 520g,Limpieza,5,5.0
2026-03-06,LIM-002,Papel higiénico Suave x4,Limpieza,19,6.0
2026-03-06,SNK-001,Galleta Soda Field,Snacks,17,1.0
2026-03-06,SNK-002,Chocolate Sublime,Snacks,20,2.0
2026-03-07,ABA-001,Arroz Costeño 1kg,Abarrotes,9,4.5
2026-03-07,ABA-002,Aceite Primor 1L,Abarrotes,7,9.9
2026-03-07,ABA-003,Atún Florida lata,Abarrotes,8,5.5
2026-03-07,ABA-004,Fideos Don Vittorio 500g,Abarrotes,13,3.2
2026-03-07,BEB-001,Agua Cielo 625ml,Bebidas,30,1.5
2026-03-07,BEB-002,Gaseosa Inca Kola 500ml,Bebidas,46,2.5
2026-03-07,BEB-003,Cerveza Pilsen 355ml,Bebidas,14,4.0
2026-03-07,CUI-001,Jabón Bolívar barra,Cuidado,11,1.8
2026-03-07,LAC-001,Leche Gloria tarro,Lácteos,29,4.2
2026-03-07,LAC-002,Yogurt Gloria 1L,Lácteos,9,6.5
2026-03-07,LIM-001,Detergente Bolívar 520g,Limpieza,10,5.0
2026-03-07,LIM-002,Papel higiénico Suave x4,Limpieza,15,6.0
2026-03-07,SNK-001,Galleta Soda Field,Snacks,20,1.0
2026-03-07,SNK-002,Chocolate Sublime,Snacks,27,2.0
2026-03-08,ABA-001,Arroz Costeño 1kg,Abarrotes,16,4.5
2026-03-08,ABA-002,Aceite Primor 1L,Abarrotes,9,9.9
2026-03-08,ABA-003,Atún Florida lata,Abarrotes,12,5.5
2026-03-08,ABA-004,Fideos Don Vittorio 500g,Abarrotes,8,3.2
2026-03-08,BEB-001,Agua Cielo 625ml,Bebidas,27,1.5
2026-03-08,BEB-002,Gaseosa Inca Kola 500ml,Bebidas,50,2.5
2026-03-08,BEB-003,Cerveza Pilsen 355ml,Bebidas,18,4.0
2026-03-08,CUI-001,Jabón Bolívar barra,Cuidado,14,1.8
2026-03-08,LAC-001,Leche Gloria tarro,Lácteos,19,4.2
2026-03-08,LAC-002,Yogurt Gloria 1L,Lácteos,11,6.5
2026-03-08,LIM-001,Detergente Bolívar 520g,Limpieza,6,5.0
2026-03-08,LIM-002,Papel higiénico Suave x4,Limpieza,21,6.0
2026-03-08,SNK-001,Galleta Soda Field,Snacks,20,1.0
2026-03-08,SNK-002,Chocolate Sublime,Snacks,25,2.0
2026-03-09,ABA-001,Arroz Costeño 1kg,Abarrotes,7,4.5
2026-03-09,ABA-002,Aceite Primor 1L,Abarrotes,6,9.9
2026-03-09,ABA-003,Atún Florida lata,Abarrotes,8,5.5
2026-03-09,ABA-004,Fideos Don Vittorio 500g,Abarrotes,13,3.2
2026-03-09,BEB-001,Agua Cielo 625ml,Bebidas,14,1.5
2026-03-09,BEB-002,Gaseosa Inca Kola 500ml,Bebidas,31,2.5
2026-03-09,BEB-003,Cerveza Pilsen 355ml,Bebidas,25,4.0
2026-03-09,CUI-001,Jabón Bolívar barra,Cuidado,6,1.8
2026-03-09,LAC-001,Leche Gloria tarro,Lácteos,20,4.2
2026-03-09,LAC-002,Yogurt Gloria 1L,Lácteos,11,6.5
2026-03-09,LIM-001,Detergente Bolívar 520g,Limpieza,6,5.0
2026-03-09,LIM-002,Papel higiénico Suave x4,Limpieza,17,6.0
2026-03-09,SNK-001,Galleta Soda Field,Snacks,17,1.0
2026-03-09,SNK-002,Chocolate Sublime,Snacks,13,2.0
2026-03-10,ABA-001,Arroz Costeño 1kg,Abarrotes,10,4.5
2026-03-10,ABA-002,Aceite Primor 1L,Abarrotes,7,9.9
2026-03-10,ABA-003,Atún Florida lata,Abarrotes,12,5.5
2026-03-10,ABA-004,Fideos Don Vittorio 500g,Abarrotes,10,3.2
2026-03-10,BEB-001,Agua Cielo 625ml,Bebidas,24,1.5
2026-03-10,BEB-002,Gaseosa Inca Kola 500ml,Bebidas,25,2.5
2026-03-10,BEB-003,Cerveza Pilsen 355ml,Bebidas,11,4.0
2026-03-10,CUI-001,Jabón Bolívar barra,Cuidado,10,1.8
2026-03-10,LAC-001,Leche Gloria tarro,Lácteos,23,4.2
2026-03-10,LAC-002,Yogurt Gloria 1L,Lácteos,8,6.5
2026-03-10,LIM-001,Detergente Bolívar 520g,Limpieza,6,5.0
2026-03-10,LIM-002,Papel higiénico Suave x4,Limpieza,12,6.0
2026-03-10,SNK-001,Galleta Soda Field,Snacks,14,1.0
2026-03-10,SNK-002,Chocolate Sublime,Snacks,21,2.0
2026-03-11,ABA-001,Arroz Costeño 1kg,Abarrotes,4,4.5
2026-03-11,ABA-002,Aceite Primor 1L,Abarrotes,3,9.9
2026-03-11,ABA-003,Atún Florida lata,Abarrotes,6,5.5
2026-03-11,ABA-004,Fideos Don Vittorio 500g,Abarrotes,16,3.2
2026-03-11,BEB-001,Agua Cielo 625ml,Bebidas,26,1.5
2026-03-11,BEB-002,Gaseosa Inca Kola 500ml,Bebidas,54,2.5
2026-03-11,BEB-003,Cerveza Pilsen 355ml,Bebidas,23,4.0
2026-03-11,CUI-001,Jabón Bolívar barra,Cuidado,14,1.8
2026-03-11,LAC-001,Leche Gloria tarro,Lácteos,13,4.2
2026-03-11,LAC-002,Yogurt Gloria 1L,Lácteos,11,6.5
2026-03-11,LIM-001,Detergente Bolívar 520g,Limpieza,8,5.0
2026-03-11,LIM-002,Papel higiénico Suave x4,Limpieza,13,6.0
2026-03-11,SNK-001,Galleta Soda Field,Snacks,12,1.0
2026-03-11,SNK-002,Chocolate Sublime,Snacks,24,2.0
2026-03-12,ABA-001,Arroz Costeño 1kg,Abarrotes,7,4.5
2026-03-12,ABA-002,Aceite Primor 1L,Abarrotes,4,9.9
2026-03-12,ABA-003,Atún Florida lata,Abarrotes,10,5.5
2026-03-12,ABA-004,Fideos Don Vittorio 500g,Abarrotes,7,3.2
2026-03-12,BEB-001,Agua Cielo 625ml,Bebidas,23,1.5
2026-03-12,BEB-002,Gaseosa Inca Kola 500ml,Bebidas,44,2.5
2026-03-12,BEB-003,Cerveza Pilsen 355ml,Bebidas,16,4.0
2026-03-12,CUI-001,Jabón Bolívar barra,Cuidado,16,1.8
2026-03-12,LAC-001,Leche Gloria tarro,Lácteos,12,4.2
2026-03-12,LAC-002,Yogurt Gloria 1L,Lácteos,9,6.5
2026-03-12,LIM-001,Detergente Bolívar 520g,Limpieza,6,5.0
2026-03-12,LIM-002,Papel higiénico Suave x4,Limpieza,15,6.0
2026-03-12,SNK-001,Galleta Soda Field,Snacks,24,1.0
2026-03-12,SNK-002,Chocolate Sublime,Snacks,17,2.0
2026-03-13,ABA-001,Arroz Costeño 1kg,Abarrotes,16,4.5
2026-03-13,ABA-002,Aceite Primor 1L,Abarrotes,2,9.9
2026-03-13,ABA-003,Atún Florida lata,Abarrotes,12,5.5
2026-03-13,ABA-004,Fideos Don Vittorio 500g,Abarrotes,14,3.2
2026-03-13,BEB-001,Agua Cielo 625ml,Bebidas,18,1.5
2026-03-13,BEB-002,Gaseosa Inca Kola 500ml,Bebidas,41,2.5
2026-03-13,BEB-003,Cerveza Pilsen 355ml,Bebidas,17,4.0
2026-03-13,CUI-001,Jabón Bolívar barra,Cuidado,9,1.8
2026-03-13,LAC-001,Leche Gloria tarro,Lácteos,18,4.2
2026-03-13,LAC-002,Yogurt Gloria 1L,Lácteos,7,6.5
2026-03-13,LIM-001,Detergente Bolívar 520g,Limpieza,11,5.0
2026-03-13,LIM-002,Papel higiénico Suave x4,Limpieza,23,6.0
2026-03-13,SNK-001,Galleta Soda Field,Snacks,22,1.0
2026-03-13,SNK-002,Chocolate Sublime,Snacks,17,2.0
2026-03-14,ABA-001,Arroz Costeño 1kg,Abarrotes,12,4.5
2026-03-14,ABA-002,Aceite Primor 1L,Abarrotes,9,9.9
2026-03-14,ABA-003,Atún Florida lata,Abarrotes,10,5.5
2026-03-14,ABA-004,Fideos Don Vittorio 500g,Abarrotes,12,3.2
2026-03-14,BEB-001,Agua Cielo 625ml,Bebidas,20,1.5
2026-03-14,BEB-002,Gaseosa Inca Kola 500ml,Bebidas,66,2.5
2026-03-14,BEB-003,Cerveza Pilsen 355ml,Bebidas,13,4.0
2026-03-14,CUI-001,Jabón Bolívar barra,Cuidado,10,1.8
2026-03-14,LAC-001,Leche Gloria tarro,Lácteos,26,4.2
2026-03-14,LAC-002,Yogurt Gloria 1L,Lácteos,11,6.5
2026-03-14,LIM-001,Detergente Bolívar 520g,Limpieza,10,5.0
2026-03-14,LIM-002,Papel higiénico Suave x4,Limpieza,17,6.0
2026-03-14,SNK-001,Galleta Soda Field,Snacks,19,1.0
2026-03-14,SNK-002,Chocolate Sublime,Snacks,28,2.0
2026-03-15,ABA-001,Arroz Costeño 1kg,Abarrotes,9,4.5
2026-03-15,ABA-002,Aceite Primor 1L,Abarrotes,6,9.9
2026-03-15,ABA-003,Atún Florida lata,Abarrotes,3,5.5
2026-03-15,ABA-004,Fideos Don Vittorio 500g,Abarrotes,11,3.2
2026-03-15,BEB-001,Agua Cielo 625ml,Bebidas,20,1.5
2026-03-15,BEB-002,Gaseosa Inca Kola 500ml,Bebidas,50,2.5
2026-03-15,BEB-003,Cerveza Pilsen 355ml,Bebidas,22,4.0
2026-03-15,CUI-001,Jabón Bolívar barra,Cuidado,12,1.8
2026-03-15,LAC-001,Leche Gloria tarro,Lácteos,35,4.2
2026-03-15,LAC-002,Yogurt Gloria 1L,Lácteos,10,6.5
2026-03-15,LIM-001,Detergente Bolívar 520g,Limpieza,4,5.0
2026-03-15,LIM-002,Papel higiénico Suave x4,Limpieza,22,6.0
2026-03-15,SNK-001,Galleta Soda Field,Snacks,18,1.0
2026-03-15,SNK-002,Chocolate Sublime,Snacks,23,2.0
2026-03-16,ABA-001,Arroz Costeño 1kg,Abarrotes,7,4.5
2026-03-16,ABA-002,Aceite Primor 1L,Abarrotes,6,9.9
2026-03-16,ABA-003,Atún Florida lata,Abarrotes,14,5.5
2026-03-16,ABA-004,Fideos Don Vittorio 500g,Abarrotes,12,3.2
2026-03-16,BEB-001,Agua Cielo 625ml,Bebidas,20,1.5
2026-03-16,BEB-002,Gaseosa Inca Kola 500ml,Bebidas,39,2.5
2026-03-16,BEB-003,Cerveza Pilsen 355ml,Bebidas,21,4.0
2026-03-16,CUI-001,Jabón Bolívar barra,Cuidado,6,1.8
2026-03-16,LAC-001,Leche Gloria tarro,Lácteos,18,4.2
2026-03-16,LAC-002,Yogurt Gloria 1L,Lácteos,8,6.5
2026-03-16,LIM-001,Detergente Bolívar 520g,Limpieza,4,5.0
2026-03-16,LIM-002,Papel higiénico Suave x4,Limpieza,18,6.0
2026-03-16,SNK-001,Galleta Soda Field,Snacks,24,1.0
2026-03-16,SNK-002,Chocolate Sublime,Snacks,19,2.0
2026-03-17,ABA-001,Arroz Costeño 1kg,Abarrotes,8,4.5
2026-03-17,ABA-002,Aceite Primor 1L,Abarrotes,8,9.9
2026-03-17,ABA-003,Atún Florida lata,Abarrotes,4,5.5
2026-03-17,ABA-004,Fideos Don Vittorio 500g,Abarrotes,10,3.2
2026-03-17,BEB-001,Agua Cielo 625ml,Bebidas,26,1.5
2026-03-17,BEB-002,Gaseosa Inca Kola 500ml,Bebidas,37,2.5
2026-03-17,BEB-003,Cerveza Pilsen 355ml,Bebidas,21,4.0
2026-03-17,CUI-001,Jabón Bolívar barra,Cuidado,8,1.8
2026-03-17,LAC-001,Leche Gloria tarro,Lácteos,14,4.2
2026-03-17,LAC-002,Yogurt Gloria 1L,Lácteos,7,6.5
2026-03-17,LIM-001,Detergente Bolívar 520g,Limpieza,5,5.0
2026-03-17,LIM-002,Papel higiénico Suave x4,Limpieza,21,6.0
2026-03-17,SNK-001,Galleta Soda Field,Snacks,14,1.0
2026-03-17,SNK-002,Chocolate Sublime,Snacks,16,2.0
2026-03-18,ABA-001,Arroz Costeño 1kg,Abarrotes,7,4.5
2026-03-18,ABA-002,Aceite Primor 1L,Abarrotes,6,9.9
2026-03-18,ABA-003,Atún Florida lata,Abarrotes,12,5.5
2026-03-18,ABA-004,Fideos Don Vittorio 500g,Abarrotes,6,3.2
2026-03-18,BEB-001,Agua Cielo 625ml,Bebidas,18,1.5
2026-03-18,BEB-002,Gaseosa Inca Kola 500ml,Bebidas,43,2.5
2026-03-18,BEB-003,Cerveza Pilsen 355ml,Bebidas,23,4.0
2026-03-18,CUI-001,Jabón Bolívar barra,Cuidado,10,1.8
2026-03-18,LAC-001,Leche Gloria tarro,Lácteos,17,4.2
2026-03-18,LAC-002,Yogurt Gloria 1L,Lácteos,8,6.5
2026-03-18,LIM-001,Detergente Bolívar 520g,Limpieza,2,5.0
2026-03-18,LIM-002,Papel higiénico Suave x4,Limpieza,24,6.0
2026-03-18,SNK-001,Galleta Soda Field,Snacks,16,1.0
2026-03-18,SNK-002,Chocolate Sublime,Snacks,27,2.0
2026-03-19,ABA-001,Arroz Costeño 1kg,Abarrotes,14,4.5
2026-03-19,ABA-002,Aceite Primor 1L,Abarrotes,4,9.9
2026-03-19,ABA-003,Atún Florida lata,Abarrotes,5,5.5
2026-03-19,ABA-004,Fideos Don Vittorio 500g,Abarrotes,13,3.2
2026-03-19,BEB-001,Agua Cielo 625ml,Bebidas,22,1.5
2026-03-19,BEB-002,Gaseosa Inca Kola 500ml,Bebidas,46,2.5
2026-03-19,BEB-003,Cerveza Pilsen 355ml,Bebidas,11,4.0
2026-03-19,CUI-001,Jabón Bolívar barra,Cuidado,8,1.8
2026-03-19,LAC-001,Leche Gloria tarro,Lácteos,16,4.2
2026-03-19,LAC-002,Yogurt Gloria 1L,Lácteos,7,6.5
2026-03-19,LIM-001,Detergente Bolívar 520g,Limpieza,6,5.0
2026-03-19,LIM-002,Papel higiénico Suave x4,Limpieza,16,6.0
2026-03-19,SNK-001,Galleta Soda Field,Snacks,16,1.0
2026-03-19,SNK-002,Chocolate Sublime,Snacks,31,2.0
2026-03-20,ABA-001,Arroz Costeño 1kg,Abarrotes,14,4.5
2026-03-20,ABA-002,Aceite Primor 1L,Abarrotes,4,9.9
2026-03-20,ABA-003,Atún Florida lata,Abarrotes,6,5.5
2026-03-20,ABA-004,Fideos Don Vittorio 500g,Abarrotes,10,3.2
2026-03-20,BEB-001,Agua Cielo 625ml,Bebidas,23,1.5
2026-03-20,BEB-002,Gaseosa Inca Kola 500ml,Bebidas,35,2.5
2026-03-20,BEB-003,Cerveza Pilsen 355ml,Bebidas,20,4.0
2026-03-20,CUI-001,Jabón Bolívar barra,Cuidado,14,1.8
2026-03-20,LAC-001,Leche Gloria tarro,Lácteos,18,4.2
2026-03-20,LAC-002,Yogurt Gloria 1L,Lácteos,10,6.5
2026-03-20,LIM-001,Detergente Bolívar 520g,Limpieza,8,5.0
2026-03-20,LIM-002,Papel higiénico Suave x4,Limpieza,17,6.0
2026-03-20,SNK-001,Galleta Soda Field,Snacks,17,1.0
2026-03-20,SNK-002,Chocolate Sublime,Snacks,18,2.0
2026-03-21,ABA-001,Arroz Costeño 1kg,Abarrotes,15,4.5
2026-03-21,ABA-002,Aceite Primor 1L,Abarrotes,9,9.9
2026-03-21,ABA-003,Atún Florida lata,Abarrotes,14,5.5
2026-03-21,ABA-004,Fideos Don Vittorio 500g,Abarrotes,15,3.2
2026-03-21,BEB-001,Agua Cielo 625ml,Bebidas,26,1.5
2026-03-21,BEB-002,Gaseosa Inca Kola 500ml,Bebidas,46,2.5
2026-03-21,BEB-003,Cerveza Pilsen 355ml,Bebidas,26,4.0
2026-03-21,CUI-001,Jabón Bolívar barra,Cuidado,17,1.8
2026-03-21,LAC-001,Leche Gloria tarro,Lácteos,18,4.2
2026-03-21,LAC-002,Yogurt Gloria 1L,Lácteos,6,6.5
2026-03-21,LIM-001,Detergente Bolívar 520g,Limpieza,12,5.0
2026-03-21,LIM-002,Papel higiénico Suave x4,Limpieza,32,6.0
2026-03-21,SNK-001,Galleta Soda Field,Snacks,14,1.0
2026-03-21,SNK-002,Chocolate Sublime,Snacks,25,2.0
2026-03-22,ABA-001,Arroz Costeño 1kg,Abarrotes,9,4.5
2026-03-22,ABA-002,Aceite Primor 1L,Abarrotes,9,9.9
2026-03-22,ABA-003,Atún Florida lata,Abarrotes,13,5.5
2026-03-22,ABA-004,Fideos Don Vittorio 500g,Abarrotes,13,3.2
2026-03-22,BEB-001,Agua Cielo 625ml,Bebidas,22,1.5
2026-03-22,BEB-002,Gaseosa Inca Kola 500ml,Bebidas,61,2.5
2026-03-22,BEB-003,Cerveza Pilsen 355ml,Bebidas,23,4.0
2026-03-22,CUI-001,Jabón Bolívar barra,Cuidado,10,1.8
2026-03-22,LAC-001,Leche Gloria tarro,Lácteos,15,4.2
2026-03-22,LAC-002,Yogurt Gloria 1L,Lácteos,10,6.5
2026-03-22,LIM-001,Detergente Bolívar 520g,Limpieza,10,5.0
2026-03-22,LIM-002,Papel higiénico Suave x4,Limpieza,15,6.0
2026-03-22,SNK-001,Galleta Soda Field,Snacks,16,1.0
2026-03-22,SNK-002,Chocolate Sublime,Snacks,25,2.0
2026-03-23,ABA-001,Arroz Costeño 1kg,Abarrotes,8,4.5
2026-03-23,ABA-002,Aceite Primor 1L,Abarrotes,6,9.9
2026-03-23,ABA-003,Atún Florida lata,Abarrotes,6,5.5
2026-03-23,ABA-004,Fideos Don Vittorio 500g,Abarrotes,12,3.2
2026-03-23,BEB-001,Agua Cielo 625ml,Bebidas,25,1.5
2026-03-23,BEB-002,Gaseosa Inca Kola 500ml,Bebidas,45,2.5
2026-03-23,BEB-003,Cerveza Pilsen 355ml,Bebidas,21,4.0
2026-03-23,CUI-001,Jabón Bolívar barra,Cuidado,8,1.8
2026-03-23,LAC-001,Leche Gloria tarro,Lácteos,20,4.2
2026-03-23,LAC-002,Yogurt Gloria 1L,Lácteos,11,6.5
2026-03-23,LIM-001,Detergente Bolívar 520g,Limpieza,10,5.0
2026-03-23,LIM-002,Papel higiénico Suave x4,Limpieza,16,6.0
2026-03-23,SNK-001,Galleta Soda Field,Snacks,24,1.0
2026-03-23,SNK-002,Chocolate Sublime,Snacks,14,2.0
2026-03-24,ABA-001,Arroz Costeño 1kg,Abarrotes,13,4.5
2026-03-24,ABA-002,Aceite Primor 1L,Abarrotes,6,9.9
2026-03-24,ABA-003,Atún Florida lata,Abarrotes,10,5.5
2026-03-24,ABA-004,Fideos Don Vittorio 500g,Abarrotes,12,3.2
2026-03-24,BEB-001,Agua Cielo 625ml,Bebidas,27,1.5
2026-03-24,BEB-002,Gaseosa Inca Kola 500ml,Bebidas,53,2.5
2026-03-24,BEB-003,Cerveza Pilsen 355ml,Bebidas,22,4.0
2026-03-24,CUI-001,Jabón Bolívar barra,Cuidado,14,1.8
2026-03-24,LAC-001,Leche Gloria tarro,Lácteos,22,4.2
2026-03-24,LAC-002,Yogurt Gloria 1L,Lácteos,5,6.5
2026-03-24,LIM-001,Detergente Bolívar 520g,Limpieza,6,5.0
2026-03-24,LIM-002,Papel higiénico Suave x4,Limpieza,15,6.0
2026-03-24,SNK-001,Galleta Soda Field,Snacks,12,1.0
2026-03-24,SNK-002,Chocolate Sublime,Snacks,24,2.0
2026-03-25,ABA-001,Arroz Costeño 1kg,Abarrotes,9,4.5
2026-03-25,ABA-002,Aceite Primor 1L,Abarrotes,6,9.9
2026-03-25,ABA-003,Atún Florida lata,Abarrotes,11,5.5
2026-03-25,ABA-004,Fideos Don Vittorio 500g,Abarrotes,12,3.2
2026-03-25,BEB-001,Agua Cielo 625ml,Bebidas,20,1.5
2026-03-25,BEB-002,Gaseosa Inca Kola 500ml,Bebidas,32,2.5
2026-03-25,BEB-003,Cerveza Pilsen 355ml,Bebidas,15,4.0
2026-03-25,CUI-001,Jabón Bolívar barra,Cuidado,7,1.8
2026-03-25,LAC-001,Leche Gloria tarro,Lácteos,18,4.2
2026-03-25,LAC-002,Yogurt Gloria 1L,Lácteos,9,6.5
2026-03-25,LIM-001,Detergente Bolívar 520g,Limpieza,7,5.0
2026-03-25,LIM-002,Papel higiénico Suave x4,Limpieza,16,6.0
2026-03-25,SNK-001,Galleta Soda Field,Snacks,15,1.0
2026-03-25,SNK-002,Chocolate Sublime,Snacks,35,2.0
2026-03-26,ABA-001,Arroz Costeño 1kg,Abarrotes,10,4.5
2026-03-26,ABA-002,Aceite Primor 1L,Abarrotes,4,9.9
2026-03-26,ABA-003,Atún Florida lata,Abarrotes,10,5.5
2026-03-26,ABA-004,Fideos Don Vittorio 500g,Abarrotes,13,3.2
2026-03-26,BEB-001,Agua Cielo 625ml,Bebidas,18,1.5
2026-03-26,BEB-002,Gaseosa Inca Kola 500ml,Bebidas,45,2.5
2026-03-26,BEB-003,Cerveza Pilsen 355ml,Bebidas,23,4.0
2026-03-26,CUI-001,Jabón Bolívar barra,Cuidado,10,1.8
2026-03-26,LAC-001,Leche Gloria tarro,Lácteos,17,4.2
2026-03-26,LAC-002,Yogurt Gloria 1L,Lácteos,6,6.5
2026-03-26,LIM-001,Detergente Bolívar 520g,Limpieza,11,5.0
2026-03-26,LIM-002,Papel higiénico Suave x4,Limpieza,15,6.0
2026-03-26,SNK-001,Galleta Soda Field,Snacks,16,1.0
2026-03-26,SNK-002,Chocolate Sublime,Snacks,24,2.0
2026-03-27,ABA-001,Arroz Costeño 1kg,Abarrotes,10,4.5
2026-03-27,ABA-002,Aceite Primor 1L,Abarrotes,6,9.9
2026-03-27,ABA-003,Atún Florida lata,Abarrotes,7,5.5
2026-03-27,ABA-004,Fideos Don Vittorio 500g,Abarrotes,8,3.2
2026-03-27,BEB-001,Agua Cielo 625ml,Bebidas,23,1.5
2026-03-27,BEB-002,Gaseosa Inca Kola 500ml,Bebidas,44,2.5
2026-03-27,BEB-003,Cerveza Pilsen 355ml,Bebidas,20,4.0
2026-03-27,CUI-001,Jabón Bolívar barra,Cuidado,16,1.8
2026-03-27,LAC-001,Leche Gloria tarro,Lácteos,17,4.2
2026-03-27,LAC-002,Yogurt Gloria 1L,Lácteos,4,6.5
2026-03-27,LIM-001,Detergente Bolívar 520g,Limpieza,3,5.0
2026-03-27,LIM-002,Papel higiénico Suave x4,Limpieza,22,6.0
2026-03-27,SNK-001,Galleta Soda Field,Snacks,17,1.0
2026-03-27,SNK-002,Chocolate Sublime,Snacks,27,2.0
2026-03-28,ABA-001,Arroz Costeño 1kg,Abarrotes,16,4.5
2026-03-28,ABA-002,Aceite Primor 1L,Abarrotes,10,9.9
2026-03-28,ABA-003,Atún Florida lata,Abarrotes,10,5.5
2026-03-28,ABA-004,Fideos Don Vittorio 500g,Abarrotes,14,3.2
2026-03-28,BEB-001,Agua Cielo 625ml,Bebidas,19,1.5
2026-03-28,BEB-002,Gaseosa Inca Kola 500ml,Bebidas,61,2.5
2026-03-28,BEB-003,Cerveza Pilsen 355ml,Bebidas,17,4.0
2026-03-28,CUI-001,Jabón Bolívar barra,Cuidado,9,1.8
2026-03-28,LAC-001,Leche Gloria tarro,Lácteos,25,4.2
2026-03-28,LAC-002,Yogurt Gloria 1L,Lácteos,7,6.5
2026-03-28,LIM-001,Detergente Bolívar 520g,Limpieza,9,5.0
2026-03-28,LIM-002,Papel higiénico Suave x4,Limpieza,15,6.0
2026-03-28,SNK-001,Galleta Soda Field,Snacks,12,1.0
2026-03-28,SNK-002,Chocolate Sublime,Snacks,27,2.0
2026-03-29,ABA-001,Arroz Costeño 1kg,Abarrotes,16,4.5
2026-03-29,ABA-002,Aceite Primor 1L,Abarrotes,10,9.9
2026-03-29,ABA-003,Atún Florida lata,Abarrotes,12,5.5
2026-03-29,ABA-004,Fideos Don Vittorio 500g,Abarrotes,24,3.2
2026-03-29,BEB-001,Agua Cielo 625ml,Bebidas,19,1.5
2026-03-29,BEB-002,Gaseosa Inca Kola 500ml,Bebidas,52,2.5
2026-03-29,BEB-003,Cerveza Pilsen 355ml,Bebidas,26,4.0
2026-03-29,CUI-001,Jabón Bolívar barra,Cuidado,16,1.8
2026-03-29,LAC-001,Leche Gloria tarro,Lácteos,19,4.2
2026-03-29,LAC-002,Yogurt Gloria 1L,Lácteos,14,6.5
2026-03-29,LIM-001,Detergente Bolívar 520g,Limpieza,6,5.0
2026-03-29,LIM-002,Papel higiénico Suave x4,Limpieza,14,6.0
2026-03-29,SNK-001,Galleta Soda Field,Snacks,16,1.0
2026-03-29,SNK-002,Chocolate Sublime,Snacks,25,2.0
2026-03-30,ABA-001,Arroz Costeño 1kg,Abarrotes,7,4.5
2026-03-30,ABA-002,Aceite Primor 1L,Abarrotes,6,9.9
2026-03-30,ABA-003,Atún Florida lata,Abarrotes,11,5.5
2026-03-30,ABA-004,Fideos Don Vittorio 500g,Abarrotes,10,3.2
2026-03-30,BEB-001,Agua Cielo 625ml,Bebidas,15,1.5
2026-03-30,BEB-002,Gaseosa Inca Kola 500ml,Bebidas,48,2.5
2026-03-30,BEB-003,Cerveza Pilsen 355ml,Bebidas,15,4.0
2026-03-30,CUI-001,Jabón Bolívar barra,Cuidado,11,1.8
2026-03-30,LAC-001,Leche Gloria tarro,Lácteos,16,4.2
2026-03-30,LAC-002,Yogurt Gloria 1L,Lácteos,6,6.5
2026-03-30,LIM-001,Detergente Bolívar 520g,Limpieza,8,5.0
2026-03-30,LIM-002,Papel higiénico Suave x4,Limpieza,12,6.0
2026-03-30,SNK-001,Galleta Soda Field,Snacks,14,1.0
2026-03-30,SNK-002,Chocolate Sublime,Snacks,21,2.0
2026-03-31,ABA-001,Arroz Costeño 1kg,Abarrotes,7,4.5
2026-03-31,ABA-002,Aceite Primor 1L,Abarrotes,7,9.9
2026-03-31,ABA-003,Atún Florida lata,Abarrotes,8,5.5
2026-03-31,ABA-004,Fideos Don Vittorio 500g,Abarrotes,8,3.2
2026-03-31,BEB-001,Agua Cielo 625ml,Bebidas,18,1.5
2026-03-31,BEB-002,Gaseosa Inca Kola 500ml,Bebidas,31,2.5
2026-03-31,BEB-003,Cerveza Pilsen 355ml,Bebidas,15,4.0
2026-03-31,CUI-001,Jabón Bolívar barra,Cuidado,5,1.8
2026-03-31,LAC-001,Leche Gloria tarro,Lácteos,19,4.2
2026-03-31,LAC-002,Yogurt Gloria 1L,Lácteos,4,6.5
2026-03-31,LIM-001,Detergente Bolívar 520g,Limpieza,6,5.0
2026-03-31,LIM-002,Papel higiénico Suave x4,Limpieza,19,6.0
2026-03-31,SNK-001,Galleta Soda Field,Snacks,19,1.0
2026-03-31,SNK-002,Chocolate Sublime,Snacks,15,2.0
2026-04-01,ABA-001,Arroz Costeño 1kg,Abarrotes,9,4.5
2026-04-01,ABA-002,Aceite Primor 1L,Abarrotes,14,9.9
2026-04-01,ABA-003,Atún Florida lata,Abarrotes,8,5.5
2026-04-01,ABA-004,Fideos Don Vittorio 500g,Abarrotes,15,3.2
2026-04-01,BEB-001,Agua Cielo 625ml,Bebidas,20,1.5
2026-04-01,BEB-002,Gaseosa Inca Kola 500ml,Bebidas,44,2.5
2026-04-01,BEB-003,Cerveza Pilsen 355ml,Bebidas,15,4.0
2026-04-01,CUI-001,Jabón Bolívar barra,Cuidado,10,1.8
2026-04-01,LAC-001,Leche Gloria tarro,Lácteos,26,4.2
2026-04-01,LAC-002,Yogurt Gloria 1L,Lácteos,9,6.5
2026-04-01,LIM-001,Detergente Bolívar 520g,Limpieza,11,5.0
2026-04-01,LIM-002,Papel higiénico Suave x4,Limpieza,17,6.0
2026-04-01,SNK-001,Galleta Soda Field,Snacks,25,1.0
2026-04-01,SNK-002,Chocolate Sublime,Snacks,20,2.0
2026-04-02,ABA-001,Arroz Costeño 1kg,Abarrotes,10,4.5
2026-04-02,ABA-002,Aceite Primor 1L,Abarrotes,8,9.9
2026-04-02,ABA-003,Atún Florida lata,Abarrotes,6,5.5
2026-04-02,ABA-004,Fideos Don Vittorio 500g,Abarrotes,18,3.2
2026-04-02,BEB-001,Agua Cielo 625ml,Bebidas,14,1.5
2026-04-02,BEB-002,Gaseosa Inca Kola 500ml,Bebidas,32,2.5
2026-04-02,BEB-003,Cerveza Pilsen 355ml,Bebidas,16,4.0
2026-04-02,CUI-001,Jabón Bolívar barra,Cuidado,5,1.8
2026-04-02,LAC-001,Leche Gloria tarro,Lácteos,20,4.2
2026-04-02,LAC-002,Yogurt Gloria 1L,Lácteos,10,6.5
2026-04-02,LIM-001,Detergente Bolívar 520g,Limpieza,7,5.0
2026-04-02,LIM-002,Papel higiénico Suave x4,Limpieza,14,6.0
2026-04-02,SNK-001,Galleta Soda Field,Snacks,26,1.0
2026-04-02,SNK-002,Chocolate Sublime,Snacks,27,2.0
2026-04-03,ABA-001,Arroz Costeño 1kg,Abarrotes,12,4.5
2026-04-03,ABA-002,Aceite Primor 1L,Abarrotes,8,9.9
2026-04-03,ABA-003,Atún Florida lata,Abarrotes,8,5.5
2026-04-03,ABA-004,Fideos Don Vittorio 500g,Abarrotes,17,3.2
2026-04-03,BEB-001,Agua Cielo 625ml,Bebidas,24,1.5
2026-04-03,BEB-002,Gaseosa Inca Kola 500ml,Bebidas,31,2.5
2026-04-03,BEB-003,Cerveza Pilsen 355ml,Bebidas,9,4.0
2026-04-03,CUI-001,Jabón Bolívar barra,Cuidado,5,1.8
2026-04-03,LAC-001,Leche Gloria tarro,Lácteos,25,4.2
2026-04-03,LAC-002,Yogurt Gloria 1L,Lácteos,8,6.5
2026-04-03,LIM-001,Detergente Bolívar 520g,Limpieza,5,5.0
2026-04-03,LIM-002,Papel higiénico Suave x4,Limpieza,15,6.0
2026-04-03,SNK-001,Galleta Soda Field,Snacks,19,1.0
2026-04-03,SNK-002,Chocolate Sublime,Snacks,28,2.0
2026-04-04,ABA-001,Arroz Costeño 1kg,Abarrotes,12,4.5
2026-04-04,ABA-002,Aceite Primor 1L,Abarrotes,7,9.9
2026-04-04,ABA-003,Atún Florida lata,Abarrotes,10,5.5
2026-04-04,ABA-004,Fideos Don Vittorio 500g,Abarrotes,16,3.2
2026-04-04,BEB-001,Agua Cielo 625ml,Bebidas,23,1.5
2026-04-04,BEB-002,Gaseosa Inca Kola 500ml,Bebidas,50,2.5
2026-04-04,BEB-003,Cerveza Pilsen 355ml,Bebidas,17,4.0
2026-04-04,CUI-001,Jabón Bolívar barra,Cuidado,11,1.8
2026-04-04,LAC-001,Leche Gloria tarro,Lácteos,21,4.2
2026-04-04,LAC-002,Yogurt Gloria 1L,Lácteos,8,6.5
2026-04-04,LIM-001,Detergente Bolívar 520g,Limpieza,6,5.0
2026-04-04,LIM-002,Papel higiénico Suave x4,Limpieza,18,6.0
2026-04-04,SNK-001,Galleta Soda Field,Snacks,17,1.0
2026-04-04,SNK-002,Chocolate Sublime,Snacks,34,2.0
2026-04-05,ABA-001,Arroz Costeño 1kg,Abarrotes,12,4.5
2026-04-05,ABA-002,Aceite Primor 1L,Abarrotes,12,9.9
2026-04-05,ABA-003,Atún Florida lata,Abarrotes,9,5.5
2026-04-05,ABA-004,Fideos Don Vittorio 500g,Abarrotes,21,3.2
2026-04-05,BEB-001,Agua Cielo 625ml,Bebidas,20,1.5
2026-04-05,BEB-002,Gaseosa Inca Kola 500ml,Bebidas,39,2.5
2026-04-05,BEB-003,Cerveza Pilsen 355ml,Bebidas,21,4.0
2026-04-05,CUI-001,Jabón Bolívar barra,Cuidado,11,1.8
2026-04-05,LAC-001,Leche Gloria tarro,Lácteos,32,4.2
2026-04-05,LAC-002,Yogurt Gloria 1L,Lácteos,4,6.5
2026-04-05,LIM-001,Detergente Bolívar 520g,Limpieza,7,5.0
2026-04-05,LIM-002,Papel higiénico Suave x4,Limpieza,16,6.0
2026-04-05,SNK-001,Galleta Soda Field,Snacks,21,1.0
2026-04-05,SNK-002,Chocolate Sublime,Snacks,29,2.0
2026-04-06,ABA-001,Arroz Costeño 1kg,Abarrotes,14,4.5
2026-04-06,ABA-002,Aceite Primor 1L,Abarrotes,6,9.9
2026-04-06,ABA-003,Atún Florida lata,Abarrotes,9,5.5
2026-04-06,ABA-004,Fideos Don Vittorio 500g,Abarrotes,11,3.2
2026-04-06,BEB-001,Agua Cielo 625ml,Bebidas,18,1.5
2026-04-06,BEB-002,Gaseosa Inca Kola 500ml,Bebidas,33,2.5
2026-04-06,BEB-003,Cerveza Pilsen 355ml,Bebidas,13,4.0
2026-04-06,CUI-001,Jabón Bolívar barra,Cuidado,8,1.8
2026-04-06,LAC-001,Leche Gloria tarro,Lácteos,24,4.2
2026-04-06,LAC-002,Yogurt Gloria 1L,Lácteos,5,6.5
2026-04-06,LIM-001,Detergente Bolívar 520g,Limpieza,3,5.0
2026-04-06,LIM-002,Papel higiénico Suave x4,Limpieza,11,6.0
2026-04-06,SNK-001,Galleta Soda Field,Snacks,15,1.0
2026-04-06,SNK-002,Chocolate Sublime,Snacks,30,2.0
2026-04-07,ABA-001,Arroz Costeño 1kg,Abarrotes,11,4.5
2026-04-07,ABA-002,Aceite Primor 1L,Abarrotes,10,9.9
2026-04-07,ABA-003,Atún Florida lata,Abarrotes,10,5.5
2026-04-07,ABA-004,Fideos Don Vittorio 500g,Abarrotes,13,3.2
2026-04-07,BEB-001,Agua Cielo 625ml,Bebidas,13,1.5
2026-04-07,BEB-002,Gaseosa Inca Kola 500ml,Bebidas,38,2.5
2026-04-07,BEB-003,Cerveza Pilsen 355ml,Bebidas,17,4.0
2026-04-07,CUI-001,Jabón Bolívar barra,Cuidado,7,1.8
2026-04-07,LAC-001,Leche Gloria tarro,Lácteos,27,4.2
2026-04-07,LAC-002,Yogurt Gloria 1L,Lácteos,6,6.5
2026-04-07,LIM-001,Detergente Bolívar 520g,Limpieza,5,5.0
2026-04-07,LIM-002,Papel higiénico Suave x4,Limpieza,9,6.0
2026-04-07,SNK-001,Galleta Soda Field,Snacks,17,1.0
2026-04-07,SNK-002,Chocolate Sublime,Snacks,37,2.0
2026-04-08,ABA-001,Arroz Costeño 1kg,Abarrotes,14,4.5
2026-04-08,ABA-002,Aceite Primor 1L,Abarrotes,7,9.9
2026-04-08,ABA-003,Atún Florida lata,Abarrotes,5,5.5
2026-04-08,ABA-004,Fideos Don Vittorio 500g,Abarrotes,9,3.2
2026-04-08,BEB-001,Agua Cielo 625ml,Bebidas,11,1.5
2026-04-08,BEB-002,Gaseosa Inca Kola 500ml,Bebidas,39,2.5
2026-04-08,BEB-003,Cerveza Pilsen 355ml,Bebidas,13,4.0
2026-04-08,CUI-001,Jabón Bolívar barra,Cuidado,10,1.8
2026-04-08,LAC-001,Leche Gloria tarro,Lácteos,23,4.2
2026-04-08,LAC-002,Yogurt Gloria 1L,Lácteos,13,6.5
2026-04-08,LIM-001,Detergente Bolívar 520g,Limpieza,4,5.0
2026-04-08,LIM-002,Papel higiénico Suave x4,Limpieza,14,6.0
2026-04-08,SNK-001,Galleta Soda Field,Snacks,18,1.0
2026-04-08,SNK-002,Chocolate Sublime,Snacks,31,2.0
2026-04-09,ABA-001,Arroz Costeño 1kg,Abarrotes,10,4.5
2026-04-09,ABA-002,Aceite Primor 1L,Abarrotes,12,9.9
2026-04-09,ABA-003,Atún Florida lata,Abarrotes,7,5.5
2026-04-09,ABA-004,Fideos Don Vittorio 500g,Abarrotes,16,3.2
2026-04-09,BEB-001,Agua Cielo 625ml,Bebidas,14,1.5
2026-04-09,BEB-002,Gaseosa Inca Kola 500ml,Bebidas,29,2.5
2026-04-09,BEB-003,Cerveza Pilsen 355ml,Bebidas,18,4.0
2026-04-09,CUI-001,Jabón Bolívar barra,Cuidado,7,1.8
2026-04-09,LAC-001,Leche Gloria tarro,Lácteos,25,4.2
2026-04-09,LAC-002,Yogurt Gloria 1L,Lácteos,8,6.5
2026-04-09,LIM-001,Detergente Bolívar 520g,Limpieza,11,5.0
2026-04-09,LIM-002,Papel higiénico Suave x4,Limpieza,12,6.0
2026-04-09,SNK-001,Galleta Soda Field,Snacks,16,1.0
2026-04-09,SNK-002,Chocolate Sublime,Snacks,27,2.0
2026-04-10,ABA-001,Arroz Costeño 1kg,Abarrotes,10,4.5
2026-04-10,ABA-002,Aceite Primor 1L,Abarrotes,8,9.9
2026-04-10,ABA-003,Atún Florida lata,Abarrotes,5,5.5
2026-04-10,ABA-004,Fideos Don Vittorio 500g,Abarrotes,9,3.2
2026-04-10,BEB-001,Agua Cielo 625ml,Bebidas,15,1.5
2026-04-10,BEB-002,Gaseosa Inca Kola 500ml,Bebidas,45,2.5
2026-04-10,BEB-003,Cerveza Pilsen 355ml,Bebidas,17,4.0
2026-04-10,CUI-001,Jabón Bolívar barra,Cuidado,6,1.8
2026-04-10,LAC-001,Leche Gloria tarro,Lácteos,21,4.2
2026-04-10,LAC-002,Yogurt Gloria 1L,Lácteos,7,6.5
2026-04-10,LIM-001,Detergente Bolívar 520g,Limpieza,5,5.0
2026-04-10,LIM-002,Papel higiénico Suave x4,Limpieza,4,6.0
2026-04-10,SNK-001,Galleta Soda Field,Snacks,34,1.0
2026-04-10,SNK-002,Chocolate Sublime,Snacks,32,2.0
2026-04-11,ABA-001,Arroz Costeño 1kg,Abarrotes,17,4.5
2026-04-11,ABA-002,Aceite Primor 1L,Abarrotes,10,9.9
2026-04-11,ABA-003,Atún Florida lata,Abarrotes,7,5.5
2026-04-11,ABA-004,Fideos Don Vittorio 500g,Abarrotes,13,3.2
2026-04-11,BEB-001,Agua Cielo 625ml,Bebidas,24,1.5
2026-04-11,BEB-002,Gaseosa Inca Kola 500ml,Bebidas,39,2.5
2026-04-11,BEB-003,Cerveza Pilsen 355ml,Bebidas,21,4.0
2026-04-11,CUI-001,Jabón Bolívar barra,Cuidado,15,1.8
2026-04-11,LAC-001,Leche Gloria tarro,Lácteos,25,4.2
2026-04-11,LAC-002,Yogurt Gloria 1L,Lácteos,5,6.5
2026-04-11,LIM-001,Detergente Bolívar 520g,Limpieza,11,5.0
2026-04-11,LIM-002,Papel higiénico Suave x4,Limpieza,14,6.0
2026-04-11,SNK-001,Galleta Soda Field,Snacks,24,1.0
2026-04-11,SNK-002,Chocolate Sublime,Snacks,29,2.0
2026-04-12,ABA-001,Arroz Costeño 1kg,Abarrotes,16,4.5
2026-04-12,ABA-002,Aceite Primor 1L,Abarrotes,2,9.9
2026-04-12,ABA-003,Atún Florida lata,Abarrotes,7,5.5
2026-04-12,ABA-004,Fideos Don Vittorio 500g,Abarrotes,18,3.2
2026-04-12,BEB-001,Agua Cielo 625ml,Bebidas,22,1.5
2026-04-12,BEB-002,Gaseosa Inca Kola 500ml,Bebidas,41,2.5
2026-04-12,BEB-003,Cerveza Pilsen 355ml,Bebidas,14,4.0
2026-04-12,CUI-001,Jabón Bolívar barra,Cuidado,13,1.8
2026-04-12,LAC-001,Leche Gloria tarro,Lácteos,25,4.2
2026-04-12,LAC-002,Yogurt Gloria 1L,Lácteos,7,6.5
2026-04-12,LIM-001,Detergente Bolívar 520g,Limpieza,11,5.0
2026-04-12,LIM-002,Papel higiénico Suave x4,Limpieza,21,6.0
2026-04-12,SNK-001,Galleta Soda Field,Snacks,29,1.0
2026-04-12,SNK-002,Chocolate Sublime,Snacks,31,2.0
2026-04-13,ABA-001,Arroz Costeño 1kg,Abarrotes,18,4.5
2026-04-13,ABA-002,Aceite Primor 1L,Abarrotes,9,9.9
2026-04-13,ABA-003,Atún Florida lata,Abarrotes,3,5.5
2026-04-13,ABA-004,Fideos Don Vittorio 500g,Abarrotes,13,3.2
2026-04-13,BEB-001,Agua Cielo 625ml,Bebidas,21,1.5
2026-04-13,BEB-002,Gaseosa Inca Kola 500ml,Bebidas,40,2.5
2026-04-13,BEB-003,Cerveza Pilsen 355ml,Bebidas,18,4.0
2026-04-13,CUI-001,Jabón Bolívar barra,Cuidado,9,1.8
2026-04-13,LAC-001,Leche Gloria tarro,Lácteos,25,4.2
2026-04-13,LAC-002,Yogurt Gloria 1L,Lácteos,8,6.5
2026-04-13,LIM-001,Detergente Bolívar 520g,Limpieza,8,5.0
2026-04-13,LIM-002,Papel higiénico Suave x4,Limpieza,15,6.0
2026-04-13,SNK-001,Galleta Soda Field,Snacks,19,1.0
2026-04-13,SNK-002,Chocolate Sublime,Snacks,24,2.0
2026-04-14,ABA-001,Arroz Costeño 1kg,Abarrotes,15,4.5
2026-04-14,ABA-002,Aceite Primor 1L,Abarrotes,9,9.9
2026-04-14,ABA-003,Atún Florida lata,Abarrotes,8,5.5
2026-04-14,ABA-004,Fideos Don Vittorio 500g,Abarrotes,8,3.2
2026-04-14,BEB-001,Agua Cielo 625ml,Bebidas,19,1.5
2026-04-14,BEB-002,Gaseosa Inca Kola 500ml,Bebidas,45,2.5
2026-04-14,BEB-003,Cerveza Pilsen 355ml,Bebidas,15,4.0
2026-04-14,CUI-001,Jabón Bolívar barra,Cuidado,8,1.8
2026-04-14,LAC-001,Leche Gloria tarro,Lácteos,23,4.2
2026-04-14,LAC-002,Yogurt Gloria 1L,Lácteos,7,6.5
2026-04-14,LIM-001,Detergente Bolívar 520g,Limpieza,3,5.0
2026-04-14,LIM-002,Papel higiénico Suave x4,Limpieza,14,6.0
2026-04-14,SNK-001,Galleta Soda Field,Snacks,19,1.0
2026-04-14,SNK-002,Chocolate Sublime,Snacks,33,2.0
2026-04-15,ABA-001,Arroz Costeño 1kg,Abarrotes,9,4.5
2026-04-15,ABA-002,Aceite Primor 1L,Abarrotes,9,9.9
2026-04-15,ABA-003,Atún Florida lata,Abarrotes,6,5.5
2026-04-15,ABA-004,Fideos Don Vittorio 500g,Abarrotes,16,3.2
2026-04-15,BEB-001,Agua Cielo 625ml,Bebidas,18,1.5
2026-04-15,BEB-002,Gaseosa Inca Kola 500ml,Bebidas,49,2.5
2026-04-15,BEB-003,Cerveza Pilsen 355ml,Bebidas,13,4.0
2026-04-15,CUI-001,Jabón Bolívar barra,Cuidado,11,1.8
2026-04-15,LAC-001,Leche Gloria tarro,Lácteos,31,4.2
2026-04-15,LAC-002,Yogurt Gloria 1L,Lácteos,6,6.5
2026-04-15,LIM-001,Detergente Bolívar 520g,Limpieza,4,5.0
2026-04-15,LIM-002,Papel higiénico Suave x4,Limpieza,15,6.0
2026-04-15,SNK-001,Galleta Soda Field,Snacks,15,1.0
2026-04-15,SNK-002,Chocolate Sublime,Snacks,27,2.0
2026-04-16,ABA-001,Arroz Costeño 1kg,Abarrotes,10,4.5
2026-04-16,ABA-002,Aceite Primor 1L,Abarrotes,9,9.9
2026-04-16,ABA-003,Atún Florida lata,Abarrotes,5,5.5
2026-04-16,ABA-004,Fideos Don Vittorio 500g,Abarrotes,8,3.2
2026-04-16,BEB-001,Agua Cielo 625ml,Bebidas,16,1.5
2026-04-16,BEB-002,Gaseosa Inca Kola 500ml,Bebidas,31,2.5
2026-04-16,BEB-003,Cerveza Pilsen 355ml,Bebidas,21,4.0
2026-04-16,CUI-001,Jabón Bolívar barra,Cuidado,10,1.8
2026-04-16,LAC-001,Leche Gloria tarro,Lácteos,17,4.2
2026-04-16,LAC-002,Yogurt Gloria 1L,Lácteos,12,6.5
2026-04-16,LIM-001,Detergente Bolívar 520g,Limpieza,8,5.0
2026-04-16,LIM-002,Papel higiénico Suave x4,Limpieza,10,6.0
2026-04-16,SNK-001,Galleta Soda Field,Snacks,22,1.0
2026-04-16,SNK-002,Chocolate Sublime,Snacks,27,2.0
2026-04-17,ABA-001,Arroz Costeño 1kg,Abarrotes,17,4.5
2026-04-17,ABA-002,Aceite Primor 1L,Abarrotes,7,9.9
2026-04-17,ABA-003,Atún Florida lata,Abarrotes,7,5.5
2026-04-17,ABA-004,Fideos Don Vittorio 500g,Abarrotes,9,3.2
2026-04-17,BEB-001,Agua Cielo 625ml,Bebidas,12,1.5
2026-04-17,BEB-002,Gaseosa Inca Kola 500ml,Bebidas,45,2.5
2026-04-17,BEB-003,Cerveza Pilsen 355ml,Bebidas,17,4.0
2026-04-17,CUI-001,Jabón Bolívar barra,Cuidado,10,1.8
2026-04-17,LAC-001,Leche Gloria tarro,Lácteos,22,4.2
2026-04-17,LAC-002,Yogurt Gloria 1L,Lácteos,9,6.5
2026-04-17,LIM-001,Detergente Bolívar 520g,Limpieza,6,5.0
2026-04-17,LIM-002,Papel higiénico Suave x4,Limpieza,15,6.0
2026-04-17,SNK-001,Galleta Soda Field,Snacks,18,1.0
2026-04-17,SNK-002,Chocolate Sublime,Snacks,18,2.0
2026-04-18,ABA-001,Arroz Costeño 1kg,Abarrotes,16,4.5
2026-04-18,ABA-002,Aceite Primor 1L,Abarrotes,6,9.9
2026-04-18,ABA-003,Atún Florida lata,Abarrotes,10,5.5
2026-04-18,ABA-004,Fideos Don Vittorio 500g,Abarrotes,19,3.2
2026-04-18,BEB-001,Agua Cielo 625ml,Bebidas,24,1.5
2026-04-18,BEB-002,Gaseosa Inca Kola 500ml,Bebidas,37,2.5
2026-04-18,BEB-003,Cerveza Pilsen 355ml,Bebidas,21,4.0
2026-04-18,CUI-001,Jabón Bolívar barra,Cuidado,12,1.8
2026-04-18,LAC-001,Leche Gloria tarro,Lácteos,33,4.2
2026-04-18,LAC-002,Yogurt Gloria 1L,Lácteos,16,6.5
2026-04-18,LIM-001,Detergente Bolívar 520g,Limpieza,10,5.0
2026-04-18,LIM-002,Papel higiénico Suave x4,Limpieza,15,6.0
2026-04-18,SNK-001,Galleta Soda Field,Snacks,24,1.0
2026-04-18,SNK-002,Chocolate Sublime,Snacks,30,2.0
2026-04-19,ABA-001,Arroz Costeño 1kg,Abarrotes,6,4.5
2026-04-19,ABA-002,Aceite Primor 1L,Abarrotes,7,9.9
2026-04-19,ABA-003,Atún Florida lata,Abarrotes,5,5.5
2026-04-19,ABA-004,Fideos Don Vittorio 500g,Abarrotes,9,3.2
2026-04-19,BEB-001,Agua Cielo 625ml,Bebidas,24,1.5
2026-04-19,BEB-002,Gaseosa Inca Kola 500ml,Bebidas,39,2.5
2026-04-19,BEB-003,Cerveza Pilsen 355ml,Bebidas,24,4.0
2026-04-19,CUI-001,Jabón Bolívar barra,Cuidado,6,1.8
2026-04-19,LAC-001,Leche Gloria tarro,Lácteos,35,4.2
2026-04-19,LAC-002,Yogurt Gloria 1L,Lácteos,11,6.5
2026-04-19,LIM-001,Detergente Bolívar 520g,Limpieza,9,5.0
2026-04-19,LIM-002,Papel higiénico Suave x4,Limpieza,13,6.0
2026-04-19,SNK-001,Galleta Soda Field,Snacks,26,1.0
2026-04-19,SNK-002,Chocolate Sublime,Snacks,39,2.0
2026-04-20,ABA-001,Arroz Costeño 1kg,Abarrotes,12,4.5
2026-04-20,ABA-002,Aceite Primor 1L,Abarrotes,8,9.9
2026-04-20,ABA-003,Atún Florida lata,Abarrotes,8,5.5
2026-04-20,ABA-004,Fideos Don Vittorio 500g,Abarrotes,16,3.2
2026-04-20,BEB-001,Agua Cielo 625ml,Bebidas,22,1.5
2026-04-20,BEB-002,Gaseosa Inca Kola 500ml,Bebidas,42,2.5
2026-04-20,BEB-003,Cerveza Pilsen 355ml,Bebidas,17,4.0
2026-04-20,CUI-001,Jabón Bolívar barra,Cuidado,9,1.8
2026-04-20,LAC-001,Leche Gloria tarro,Lácteos,22,4.2
2026-04-20,LAC-002,Yogurt Gloria 1L,Lácteos,9,6.5
2026-04-20,LIM-001,Detergente Bolívar 520g,Limpieza,3,5.0
2026-04-20,LIM-002,Papel higiénico Suave x4,Limpieza,15,6.0
2026-04-20,SNK-001,Galleta Soda Field,Snacks,25,1.0
2026-04-20,SNK-002,Chocolate Sublime,Snacks,25,2.0
2026-04-21,ABA-001,Arroz Costeño 1kg,Abarrotes,8,4.5
2026-04-21,ABA-002,Aceite Primor 1L,Abarrotes,7,9.9
2026-04-21,ABA-003,Atún Florida lata,Abarrotes,12,5.5
2026-04-21,ABA-004,Fideos Don Vittorio 500g,Abarrotes,17,3.2
2026-04-21,BEB-001,Agua Cielo 625ml,Bebidas,15,1.5
2026-04-21,BEB-002,Gaseosa Inca Kola 500ml,Bebidas,38,2.5
2026-04-21,BEB-003,Cerveza Pilsen 355ml,Bebidas,14,4.0
2026-04-21,CUI-001,Jabón Bolívar barra,Cuidado,9,1.8
2026-04-21,LAC-001,Leche Gloria tarro,Lácteos,27,4.2
2026-04-21,LAC-002,Yogurt Gloria 1L,Lácteos,11,6.5
2026-04-21,LIM-001,Detergente Bolívar 520g,Limpieza,8,5.0
2026-04-21,LIM-002,Papel higiénico Suave x4,Limpieza,12,6.0
2026-04-21,SNK-001,Galleta Soda Field,Snacks,16,1.0
2026-04-21,SNK-002,Chocolate Sublime,Snacks,33,2.0
2026-04-22,ABA-001,Arroz Costeño 1kg,Abarrotes,10,4.5
2026-04-22,ABA-002,Aceite Primor 1L,Abarrotes,4,9.9
2026-04-22,ABA-003,Atún Florida lata,Abarrotes,8,5.5
2026-04-22,ABA-004,Fideos Don Vittorio 500g,Abarrotes,9,3.2
2026-04-22,BEB-001,Agua Cielo 625ml,Bebidas,16,1.5
2026-04-22,BEB-002,Gaseosa Inca Kola 500ml,Bebidas,45,2.5
2026-04-22,BEB-003,Cerveza Pilsen 355ml,Bebidas,11,4.0
2026-04-22,CUI-001,Jabón Bolívar barra,Cuidado,9,1.8
2026-04-22,LAC-001,Leche Gloria tarro,Lácteos,13,4.2
2026-04-22,LAC-002,Yogurt Gloria 1L,Lácteos,7,6.5
2026-04-22,LIM-001,Detergente Bolívar 520g,Limpieza,8,5.0
2026-04-22,LIM-002,Papel higiénico Suave x4,Limpieza,10,6.0
2026-04-22,SNK-001,Galleta Soda Field,Snacks,27,1.0
2026-04-22,SNK-002,Chocolate Sublime,Snacks,25,2.0
2026-04-23,ABA-001,Arroz Costeño 1kg,Abarrotes,12,4.5
2026-04-23,ABA-002,Aceite Primor 1L,Abarrotes,6,9.9
2026-04-23,ABA-003,Atún Florida lata,Abarrotes,4,5.5
2026-04-23,ABA-004,Fideos Don Vittorio 500g,Abarrotes,16,3.2
2026-04-23,BEB-001,Agua Cielo 625ml,Bebidas,25,1.5
2026-04-23,BEB-002,Gaseosa Inca Kola 500ml,Bebidas,41,2.5
2026-04-23,BEB-003,Cerveza Pilsen 355ml,Bebidas,14,4.0
2026-04-23,CUI-001,Jabón Bolívar barra,Cuidado,8,1.8
2026-04-23,LAC-001,Leche Gloria tarro,Lácteos,17,4.2
2026-04-23,LAC-002,Yogurt Gloria 1L,Lácteos,9,6.5
2026-04-23,LIM-001,Detergente Bolívar 520g,Limpieza,6,5.0
2026-04-23,LIM-002,Papel higiénico Suave x4,Limpieza,9,6.0
2026-04-23,SNK-001,Galleta Soda Field,Snacks,19,1.0
2026-04-23,SNK-002,Chocolate Sublime,Snacks,35,2.0
2026-04-24,ABA-001,Arroz Costeño 1kg,Abarrotes,18,4.5
2026-04-24,ABA-002,Aceite Primor 1L,Abarrotes,8,9.9
2026-04-24,ABA-003,Atún Florida lata,Abarrotes,9,5.5
2026-04-24,ABA-004,Fideos Don Vittorio 500g,Abarrotes,17,3.2
2026-04-24,BEB-001,Agua Cielo 625ml,Bebidas,27,1.5
2026-04-24,BEB-002,Gaseosa Inca Kola 500ml,Bebidas,48,2.5
2026-04-24,BEB-003,Cerveza Pilsen 355ml,Bebidas,17,4.0
2026-04-24,CUI-001,Jabón Bolívar barra,Cuidado,6,1.8
2026-04-24,LAC-001,Leche Gloria tarro,Lácteos,21,4.2
2026-04-24,LAC-002,Yogurt Gloria 1L,Lácteos,6,6.5
2026-04-24,LIM-001,Detergente Bolívar 520g,Limpieza,6,5.0
2026-04-24,LIM-002,Papel higiénico Suave x4,Limpieza,16,6.0
2026-04-24,SNK-001,Galleta Soda Field,Snacks,23,1.0
2026-04-24,SNK-002,Chocolate Sublime,Snacks,25,2.0
2026-04-25,ABA-001,Arroz Costeño 1kg,Abarrotes,17,4.5
2026-04-25,ABA-002,Aceite Primor 1L,Abarrotes,9,9.9
2026-04-25,ABA-003,Atún Florida lata,Abarrotes,10,5.5
2026-04-25,ABA-004,Fideos Don Vittorio 500g,Abarrotes,20,3.2
2026-04-25,BEB-001,Agua Cielo 625ml,Bebidas,16,1.5
2026-04-25,BEB-002,Gaseosa Inca Kola 500ml,Bebidas,38,2.5
2026-04-25,BEB-003,Cerveza Pilsen 355ml,Bebidas,21,4.0
2026-04-25,CUI-001,Jabón Bolívar barra,Cuidado,17,1.8
2026-04-25,LAC-001,Leche Gloria tarro,Lácteos,20,4.2
2026-04-25,LAC-002,Yogurt Gloria 1L,Lácteos,3,6.5
2026-04-25,LIM-001,Detergente Bolívar 520g,Limpieza,8,5.0
2026-04-25,LIM-002,Papel higiénico Suave x4,Limpieza,13,6.0
2026-04-25,SNK-001,Galleta Soda Field,Snacks,25,1.0
2026-04-25,SNK-002,Chocolate Sublime,Snacks,31,2.0
2026-04-26,ABA-001,Arroz Costeño 1kg,Abarrotes,17,4.5
2026-04-26,ABA-002,Aceite Primor 1L,Abarrotes,9,9.9
2026-04-26,ABA-003,Atún Florida lata,Abarrotes,7,5.5
2026-04-26,ABA-004,Fideos Don Vittorio 500g,Abarrotes,17,3.2
2026-04-26,BEB-001,Agua Cielo 625ml,Bebidas,27,1.5
2026-04-26,BEB-002,Gaseosa Inca Kola 500ml,Bebidas,47,2.5
2026-04-26,BEB-003,Cerveza Pilsen 355ml,Bebidas,21,4.0
2026-04-26,CUI-001,Jabón Bolívar barra,Cuidado,9,1.8
2026-04-26,LAC-001,Leche Gloria tarro,Lácteos,21,4.2
2026-04-26,LAC-002,Yogurt Gloria 1L,Lácteos,3,6.5
2026-04-26,LIM-001,Detergente Bolívar 520g,Limpieza,4,5.0
2026-04-26,LIM-002,Papel higiénico Suave x4,Limpieza,17,6.0
2026-04-26,SNK-001,Galleta Soda Field,Snacks,32,1.0
2026-04-26,SNK-002,Chocolate Sublime,Snacks,32,2.0
2026-04-27,ABA-001,Arroz Costeño 1kg,Abarrotes,15,4.5
2026-04-27,ABA-002,Aceite Primor 1L,Abarrotes,9,9.9
2026-04-27,ABA-003,Atún Florida lata,Abarrotes,8,5.5
2026-04-27,ABA-004,Fideos Don Vittorio 500g,Abarrotes,15,3.2
2026-04-27,BEB-001,Agua Cielo 625ml,Bebidas,22,1.5
2026-04-27,BEB-002,Gaseosa Inca Kola 500ml,Bebidas,43,2.5
2026-04-27,BEB-003,Cerveza Pilsen 355ml,Bebidas,17,4.0
2026-04-27,CUI-001,Jabón Bolívar barra,Cuidado,8,1.8
2026-04-27,LAC-001,Leche Gloria tarro,Lácteos,27,4.2
2026-04-27,LAC-002,Yogurt Gloria 1L,Lácteos,5,6.5
2026-04-27,LIM-001,Detergente Bolívar 520g,Limpieza,10,5.0
2026-04-27,LIM-002,Papel higiénico Suave x4,Limpieza,13,6.0
2026-04-27,SNK-001,Galleta Soda Field,Snacks,24,1.0
2026-04-27,SNK-002,Chocolate Sublime,Snacks,29,2.0
2026-04-28,ABA-001,Arroz Costeño 1kg,Abarrotes,13,4.5
2026-04-28,ABA-002,Aceite Primor 1L,Abarrotes,6,9.9
2026-04-28,ABA-003,Atún Florida lata,Abarrotes,12,5.5
2026-04-28,ABA-004,Fideos Don Vittorio 500g,Abarrotes,9,3.2
2026-04-28,BEB-001,Agua Cielo 625ml,Bebidas,20,1.5
2026-04-28,BEB-002,Gaseosa Inca Kola 500ml,Bebidas,28,2.5
2026-04-28,BEB-003,Cerveza Pilsen 355ml,Bebidas,17,4.0
2026-04-28,CUI-001,Jabón Bolívar barra,Cuidado,7,1.8
2026-04-28,LAC-001,Leche Gloria tarro,Lácteos,22,4.2
2026-04-28,LAC-002,Yogurt Gloria 1L,Lácteos,4,6.5
2026-04-28,LIM-001,Detergente Bolívar 520g,Limpieza,8,5.0
2026-04-28,LIM-002,Papel higiénico Suave x4,Limpieza,6,6.0
2026-04-28,SNK-001,Galleta Soda Field,Snacks,18,1.0
2026-04-28,SNK-002,Chocolate Sublime,Snacks,25,2.0
2026-04-29,ABA-001,Arroz Costeño 1kg,Abarrotes,13,4.5
2026-04-29,ABA-002,Aceite Primor 1L,Abarrotes,7,9.9
2026-04-29,ABA-003,Atún Florida lata,Abarrotes,6,5.5
2026-04-29,ABA-004,Fideos Don Vittorio 500g,Abarrotes,10,3.2
2026-04-29,BEB-001,Agua Cielo 625ml,Bebidas,15,1.5
2026-04-29,BEB-002,Gaseosa Inca Kola 500ml,Bebidas,33,2.5
2026-04-29,BEB-003,Cerveza Pilsen 355ml,Bebidas,15,4.0
2026-04-29,CUI-001,Jabón Bolívar barra,Cuidado,7,1.8
2026-04-29,LAC-001,Leche Gloria tarro,Lácteos,13,4.2
2026-04-29,LAC-002,Yogurt Gloria 1L,Lácteos,10,6.5
2026-04-29,LIM-001,Detergente Bolívar 520g,Limpieza,9,5.0
2026-04-29,LIM-002,Papel higiénico Suave x4,Limpieza,17,6.0
2026-04-29,SNK-001,Galleta Soda Field,Snacks,20,1.0
2026-04-29,SNK-002,Chocolate Sublime,Snacks,33,2.0
2026-04-30,ABA-001,Arroz Costeño 1kg,Abarrotes,11,4.5
2026-04-30,ABA-002,Aceite Primor 1L,Abarrotes,7,9.9
2026-04-30,ABA-003,Atún Florida lata,Abarrotes,6,5.5
2026-04-30,ABA-004,Fideos Don Vittorio 500g,Abarrotes,10,3.2
2026-04-30,BEB-001,Agua Cielo 625ml,Bebidas,27,1.5
2026-04-30,BEB-002,Gaseosa Inca Kola 500ml,Bebidas,46,2.5
2026-04-30,BEB-003,Cerveza Pilsen 355ml,Bebidas,15,4.0
2026-04-30,CUI-001,Jabón Bolívar barra,Cuidado,9,1.8
2026-04-30,LAC-001,Leche Gloria tarro,Lácteos,23,4.2
2026-04-30,LAC-002,Yogurt Gloria 1L,Lácteos,12,6.5
2026-04-30,LIM-001,Detergente Bolívar 520g,Limpieza,5,5.0
2026-04-30,LIM-002,Papel higiénico Suave x4,Limpieza,10,6.0
2026-04-30,SNK-001,Galleta Soda Field,Snacks,17,1.0
2026-04-30,SNK-002,Chocolate Sublime,Snacks,33,2.0
2026-05-01,ABA-001,Arroz Costeño 1kg,Abarrotes,8,4.5
2026-05-01,ABA-002,Aceite Primor 1L,Abarrotes,8,9.9
2026-05-01,ABA-003,Atún Florida lata,Abarrotes,6,5.5
2026-05-01,ABA-004,Fideos Don Vittorio 500g,Abarrotes,15,3.2
2026-05-01,BEB-001,Agua Cielo 625ml,Bebidas,11,1.5
2026-05-01,BEB-002,Gaseosa Inca Kola 500ml,Bebidas,36,2.5
2026-05-01,BEB-003,Cerveza Pilsen 355ml,Bebidas,20,4.0
2026-05-01,CUI-001,Jabón Bolívar barra,Cuidado,10,1.8
2026-05-01,LAC-001,Leche Gloria tarro,Lácteos,28,4.2
2026-05-01,LAC-002,Yogurt Gloria 1L,Lácteos,5,6.5
2026-05-01,LIM-001,Detergente Bolívar 520g,Limpieza,3,5.0
2026-05-01,LIM-002,Papel higiénico Suave x4,Limpieza,10,6.0
2026-05-01,SNK-001,Galleta Soda Field,Snacks,32,1.0
2026-05-01,SNK-002,Chocolate Sublime,Snacks,23,2.0
2026-05-02,ABA-001,Arroz Costeño 1kg,Abarrotes,14,4.5
2026-05-02,ABA-002,Aceite Primor 1L,Abarrotes,13,9.9
2026-05-02,ABA-003,Atún Florida lata,Abarrotes,5,5.5
2026-05-02,ABA-004,Fideos Don Vittorio 500g,Abarrotes,21,3.2
2026-05-02,BEB-001,Agua Cielo 625ml,Bebidas,24,1.5
2026-05-02,BEB-002,Gaseosa Inca Kola 500ml,Bebidas,38,2.5
2026-05-02,BEB-003,Cerveza Pilsen 355ml,Bebidas,16,4.0
2026-05-02,CUI-001,Jabón Bolívar barra,Cuidado,9,1.8
2026-05-02,LAC-001,Leche Gloria tarro,Lácteos,23,4.2
2026-05-02,LAC-002,Yogurt Gloria 1L,Lácteos,9,6.5
2026-05-02,LIM-001,Detergente Bolívar 520g,Limpieza,11,5.0
2026-05-02,LIM-002,Papel higiénico Suave x4,Limpieza,12,6.0
2026-05-02,SNK-001,Galleta Soda Field,Snacks,20,1.0
2026-05-02,SNK-002,Chocolate Sublime,Snacks,54,2.0
2026-05-03,ABA-001,Arroz Costeño 1kg,Abarrotes,11,4.5
2026-05-03,ABA-002,Aceite Primor 1L,Abarrotes,8,9.9
2026-05-03,ABA-003,Atún Florida lata,Abarrotes,7,5.5
2026-05-03,ABA-004,Fideos Don Vittorio 500g,Abarrotes,16,3.2
2026-05-03,BEB-001,Agua Cielo 625ml,Bebidas,20,1.5
2026-05-03,BEB-002,Gaseosa Inca Kola 500ml,Bebidas,38,2.5
2026-05-03,BEB-003,Cerveza Pilsen 355ml,Bebidas,18,4.0
2026-05-03,CUI-001,Jabón Bolívar barra,Cuidado,14,1.8
2026-05-03,LAC-001,Leche Gloria tarro,Lácteos,29,4.2
2026-05-03,LAC-002,Yogurt Gloria 1L,Lácteos,4,6.5
2026-05-03,LIM-001,Detergente Bolívar 520g,Limpieza,3,5.0
2026-05-03,LIM-002,Papel higiénico Suave x4,Limpieza,18,6.0
2026-05-03,SNK-001,Galleta Soda Field,Snacks,29,1.0
2026-05-03,SNK-002,Chocolate Sublime,Snacks,44,2.0
2026-05-04,ABA-001,Arroz Costeño 1kg,Abarrotes,18,4.5
2026-05-04,ABA-002,Aceite Primor 1L,Abarrotes,9,9.9
2026-05-04,ABA-003,Atún Florida lata,Abarrotes,8,5.5
2026-05-04,ABA-004,Fideos Don Vittorio 500g,Abarrotes,14,3.2
2026-05-04,BEB-001,Agua Cielo 625ml,Bebidas,23,1.5
2026-05-04,BEB-002,Gaseosa Inca Kola 500ml,Bebidas,32,2.5
2026-05-04,BEB-003,Cerveza Pilsen 355ml,Bebidas,16,4.0
2026-05-04,CUI-001,Jabón Bolívar barra,Cuidado,5,1.8
2026-05-04,LAC-001,Leche Gloria tarro,Lácteos,26,4.2
2026-05-04,LAC-002,Yogurt Gloria 1L,Lácteos,10,6.5
2026-05-04,LIM-001,Detergente Bolívar 520g,Limpieza,4,5.0
2026-05-04,LIM-002,Papel higiénico Suave x4,Limpieza,11,6.0
2026-05-04,SNK-001,Galleta Soda Field,Snacks,30,1.0
2026-05-04,SNK-002,Chocolate Sublime,Snacks,28,2.0
2026-05-05,ABA-001,Arroz Costeño 1kg,Abarrotes,8,4.5
2026-05-05,ABA-002,Aceite Primor 1L,Abarrotes,7,9.9
2026-05-05,ABA-003,Atún Florida lata,Abarrotes,9,5.5
2026-05-05,ABA-004,Fideos Don Vittorio 500g,Abarrotes,14,3.2
2026-05-05,BEB-001,Agua Cielo 625ml,Bebidas,13,1.5
2026-05-05,BEB-002,Gaseosa Inca Kola 500ml,Bebidas,30,2.5
2026-05-05,BEB-003,Cerveza Pilsen 355ml,Bebidas,6,4.0
2026-05-05,CUI-001,Jabón Bolívar barra,Cuidado,3,1.8
2026-05-05,LAC-001,Leche Gloria tarro,Lácteos,34,4.2
2026-05-05,LAC-002,Yogurt Gloria 1L,Lácteos,5,6.5
2026-05-05,LIM-001,Detergente Bolívar 520g,Limpieza,4,5.0
2026-05-05,LIM-002,Papel higiénico Suave x4,Limpieza,11,6.0
2026-05-05,SNK-001,Galleta Soda Field,Snacks,25,1.0
2026-05-05,SNK-002,Chocolate Sublime,Snacks,18,2.0
2026-05-06,ABA-001,Arroz Costeño 1kg,Abarrotes,19,4.5
2026-05-06,ABA-002,Aceite Primor 1L,Abarrotes,11,9.9
2026-05-06,ABA-003,Atún Florida lata,Abarrotes,5,5.5
2026-05-06,ABA-004,Fideos Don Vittorio 500g,Abarrotes,15,3.2
2026-05-06,BEB-001,Agua Cielo 625ml,Bebidas,11,1.5
2026-05-06,BEB-002,Gaseosa Inca Kola 500ml,Bebidas,36,2.5
2026-05-06,BEB-003,Cerveza Pilsen 355ml,Bebidas,16,4.0
2026-05-06,CUI-001,Jabón Bolívar barra,Cuidado,11,1.8
2026-05-06,LAC-001,Leche Gloria tarro,Lácteos,27,4.2
2026-05-06,LAC-002,Yogurt Gloria 1L,Lácteos,5,6.5
2026-05-06,LIM-001,Detergente Bolívar 520g,Limpieza,2,5.0
2026-05-06,LIM-002,Papel higiénico Suave x4,Limpieza,9,6.0
2026-05-06,SNK-001,Galleta Soda Field,Snacks,30,1.0
2026-05-06,SNK-002,Chocolate Sublime,Snacks,25,2.0
2026-05-07,ABA-001,Arroz Costeño 1kg,Abarrotes,14,4.5
2026-05-07,ABA-002,Aceite Primor 1L,Abarrotes,17,9.9
2026-05-07,ABA-003,Atún Florida lata,Abarrotes,7,5.5
2026-05-07,ABA-004,Fideos Don Vittorio 500g,Abarrotes,10,3.2
2026-05-07,BEB-001,Agua Cielo 625ml,Bebidas,8,1.5
2026-05-07,BEB-002,Gaseosa Inca Kola 500ml,Bebidas,24,2.5
2026-05-07,BEB-003,Cerveza Pilsen 355ml,Bebidas,9,4.0
2026-05-07,CUI-001,Jabón Bolívar barra,Cuidado,6,1.8
2026-05-07,LAC-001,Leche Gloria tarro,Lácteos,23,4.2
2026-05-07,LAC-002,Yogurt Gloria 1L,Lácteos,3,6.5
2026-05-07,LIM-001,Detergente Bolívar 520g,Limpieza,2,5.0
2026-05-07,LIM-002,Papel higiénico Suave x4,Limpieza,11,6.0
2026-05-07,SNK-001,Galleta Soda Field,Snacks,33,1.0
2026-05-07,SNK-002,Chocolate Sublime,Snacks,20,2.0
2026-05-08,ABA-001,Arroz Costeño 1kg,Abarrotes,18,4.5
2026-05-08,ABA-002,Aceite Primor 1L,Abarrotes,10,9.9
2026-05-08,ABA-003,Atún Florida lata,Abarrotes,6,5.5
2026-05-08,ABA-004,Fideos Don Vittorio 500g,Abarrotes,18,3.2
2026-05-08,BEB-001,Agua Cielo 625ml,Bebidas,13,1.5
2026-05-08,BEB-002,Gaseosa Inca Kola 500ml,Bebidas,26,2.5
2026-05-08,BEB-003,Cerveza Pilsen 355ml,Bebidas,16,4.0
2026-05-08,CUI-001,Jabón Bolívar barra,Cuidado,8,1.8
2026-05-08,LAC-001,Leche Gloria tarro,Lácteos,26,4.2
2026-05-08,LAC-002,Yogurt Gloria 1L,Lácteos,6,6.5
2026-05-08,LIM-001,Detergente Bolívar 520g,Limpieza,6,5.0
2026-05-08,LIM-002,Papel higiénico Suave x4,Limpieza,9,6.0
2026-05-08,SNK-001,Galleta Soda Field,Snacks,26,1.0
2026-05-08,SNK-002,Chocolate Sublime,Snacks,32,2.0
2026-05-09,ABA-001,Arroz Costeño 1kg,Abarrotes,9,4.5
2026-05-09,ABA-002,Aceite Primor 1L,Abarrotes,8,9.9
2026-05-09,ABA-003,Atún Florida lata,Abarrotes,5,5.5
2026-05-09,ABA-004,Fideos Don Vittorio 500g,Abarrotes,25,3.2
2026-05-09,BEB-001,Agua Cielo 625ml,Bebidas,9,1.5
2026-05-09,BEB-002,Gaseosa Inca Kola 500ml,Bebidas,38,2.5
2026-05-09,BEB-003,Cerveza Pilsen 355ml,Bebidas,18,4.0
2026-05-09,CUI-001,Jabón Bolívar barra,Cuidado,7,1.8
2026-05-09,LAC-001,Leche Gloria tarro,Lácteos,30,4.2
2026-05-09,LAC-002,Yogurt Gloria 1L,Lácteos,11,6.5
2026-05-09,LIM-001,Detergente Bolívar 520g,Limpieza,7,5.0
2026-05-09,LIM-002,Papel higiénico Suave x4,Limpieza,18,6.0
2026-05-09,SNK-001,Galleta Soda Field,Snacks,32,1.0
2026-05-09,SNK-002,Chocolate Sublime,Snacks,34,2.0
2026-05-10,ABA-001,Arroz Costeño 1kg,Abarrotes,7,4.5
2026-05-10,ABA-002,Aceite Primor 1L,Abarrotes,9,9.9
2026-05-10,ABA-003,Atún Florida lata,Abarrotes,8,5.5
2026-05-10,ABA-004,Fideos Don Vittorio 500g,Abarrotes,18,3.2
2026-05-10,BEB-001,Agua Cielo 625ml,Bebidas,18,1.5
2026-05-10,BEB-002,Gaseosa Inca Kola 500ml,Bebidas,41,2.5
2026-05-10,BEB-003,Cerveza Pilsen 355ml,Bebidas,11,4.0
2026-05-10,CUI-001,Jabón Bolívar barra,Cuidado,7,1.8
2026-05-10,LAC-001,Leche Gloria tarro,Lácteos,31,4.2
2026-05-10,LAC-002,Yogurt Gloria 1L,Lácteos,6,6.5
2026-05-10,LIM-001,Detergente Bolívar 520g,Limpieza,8,5.0
2026-05-10,LIM-002,Papel higiénico Suave x4,Limpieza,13,6.0
2026-05-10,SNK-001,Galleta Soda Field,Snacks,25,1.0
2026-05-10,SNK-002,Chocolate Sublime,Snacks,40,2.0
2026-05-11,ABA-001,Arroz Costeño 1kg,Abarrotes,9,4.5
2026-05-11,ABA-002,Aceite Primor 1L,Abarrotes,6,9.9
2026-05-11,ABA-003,Atún Florida lata,Abarrotes,9,5.5
2026-05-11,ABA-004,Fideos Don Vittorio 500g,Abarrotes,12,3.2
2026-05-11,BEB-001,Agua Cielo 625ml,Bebidas,13,1.5
2026-05-11,BEB-002,Gaseosa Inca Kola 500ml,Bebidas,30,2.5
2026-05-11,BEB-003,Cerveza Pilsen 355ml,Bebidas,15,4.0
2026-05-11,CUI-001,Jabón Bolívar barra,Cuidado,7,1.8
2026-05-11,LAC-001,Leche Gloria tarro,Lácteos,24,4.2
2026-05-11,LAC-002,Yogurt Gloria 1L,Lácteos,5,6.5
2026-05-11,LIM-001,Detergente Bolívar 520g,Limpieza,5,5.0
2026-05-11,LIM-002,Papel higiénico Suave x4,Limpieza,6,6.0
2026-05-11,SNK-001,Galleta Soda Field,Snacks,17,1.0
2026-05-11,SNK-002,Chocolate Sublime,Snacks,24,2.0
2026-05-12,ABA-001,Arroz Costeño 1kg,Abarrotes,13,4.5
2026-05-12,ABA-002,Aceite Primor 1L,Abarrotes,11,9.9
2026-05-12,ABA-003,Atún Florida lata,Abarrotes,11,5.5
2026-05-12,ABA-004,Fideos Don Vittorio 500g,Abarrotes,11,3.2
2026-05-12,BEB-001,Agua Cielo 625ml,Bebidas,20,1.5
2026-05-12,BEB-002,Gaseosa Inca Kola 500ml,Bebidas,35,2.5
2026-05-12,BEB-003,Cerveza Pilsen 355ml,Bebidas,16,4.0
2026-05-12,CUI-001,Jabón Bolívar barra,Cuidado,8,1.8
2026-05-12,LAC-001,Leche Gloria tarro,Lácteos,37,4.2
2026-05-12,LAC-002,Yogurt Gloria 1L,Lácteos,10,6.5
2026-05-12,LIM-001,Detergente Bolívar 520g,Limpieza,5,5.0
2026-05-12,LIM-002,Papel higiénico Suave x4,Limpieza,19,6.0
2026-05-12,SNK-001,Galleta Soda Field,Snacks,21,1.0
2026-05-12,SNK-002,Chocolate Sublime,Snacks,26,2.0
2026-05-13,ABA-001,Arroz Costeño 1kg,Abarrotes,15,4.5
2026-05-13,ABA-002,Aceite Primor 1L,Abarrotes,11,9.9
2026-05-13,ABA-003,Atún Florida lata,Abarrotes,9,5.5
2026-05-13,ABA-004,Fideos Don Vittorio 500g,Abarrotes,8,3.2
2026-05-13,BEB-001,Agua Cielo 625ml,Bebidas,11,1.5
2026-05-13,BEB-002,Gaseosa Inca Kola 500ml,Bebidas,36,2.5
2026-05-13,BEB-003,Cerveza Pilsen 355ml,Bebidas,9,4.0
2026-05-13,CUI-001,Jabón Bolívar barra,Cuidado,6,1.8
2026-05-13,LAC-001,Leche Gloria tarro,Lácteos,32,4.2
2026-05-13,LAC-002,Yogurt Gloria 1L,Lácteos,4,6.5
2026-05-13,LIM-001,Detergente Bolívar 520g,Limpieza,6,5.0
2026-05-13,LIM-002,Papel higiénico Suave x4,Limpieza,14,6.0
2026-05-13,SNK-001,Galleta Soda Field,Snacks,21,1.0
2026-05-13,SNK-002,Chocolate Sublime,Snacks,35,2.0
2026-05-14,ABA-001,Arroz Costeño 1kg,Abarrotes,17,4.5
2026-05-14,ABA-002,Aceite Primor 1L,Abarrotes,14,9.9
2026-05-14,ABA-003,Atún Florida lata,Abarrotes,2,5.5
2026-05-14,ABA-004,Fideos Don Vittorio 500g,Abarrotes,17,3.2
2026-05-14,BEB-001,Agua Cielo 625ml,Bebidas,20,1.5
2026-05-14,BEB-002,Gaseosa Inca Kola 500ml,Bebidas,36,2.5
2026-05-14,BEB-003,Cerveza Pilsen 355ml,Bebidas,17,4.0
2026-05-14,CUI-001,Jabón Bolívar barra,Cuidado,9,1.8
2026-05-14,LAC-001,Leche Gloria tarro,Lácteos,31,4.2
2026-05-14,LAC-002,Yogurt Gloria 1L,Lácteos,4,6.5
2026-05-14,LIM-001,Detergente Bolívar 520g,Limpieza,4,5.0
2026-05-14,LIM-002,Papel higiénico Suave x4,Limpieza,5,6.0
2026-05-14,SNK-001,Galleta Soda Field,Snacks,15,1.0
2026-05-14,SNK-002,Chocolate Sublime,Snacks,26,2.0
2026-05-15,ABA-001,Arroz Costeño 1kg,Abarrotes,17,4.5
2026-05-15,ABA-002,Aceite Primor 1L,Abarrotes,4,9.9
2026-05-15,ABA-003,Atún Florida lata,Abarrotes,5,5.5
2026-05-15,ABA-004,Fideos Don Vittorio 500g,Abarrotes,11,3.2
2026-05-15,BEB-001,Agua Cielo 625ml,Bebidas,20,1.5
2026-05-15,BEB-002,Gaseosa Inca Kola 500ml,Bebidas,27,2.5
2026-05-15,BEB-003,Cerveza Pilsen 355ml,Bebidas,14,4.0
2026-05-15,CUI-001,Jabón Bolívar barra,Cuidado,9,1.8
2026-05-15,LAC-001,Leche Gloria tarro,Lácteos,21,4.2
2026-05-15,LAC-002,Yogurt Gloria 1L,Lácteos,3,6.5
2026-05-15,LIM-001,Detergente Bolívar 520g,Limpieza,5,5.0
2026-05-15,LIM-002,Papel higiénico Suave x4,Limpieza,11,6.0
2026-05-15,SNK-001,Galleta Soda Field,Snacks,29,1.0
2026-05-15,SNK-002,Chocolate Sublime,Snacks,38,2.0
2026-05-16,ABA-001,Arroz Costeño 1kg,Abarrotes,18,4.5
2026-05-16,ABA-002,Aceite Primor 1L,Abarrotes,10,9.9
2026-05-16,ABA-003,Atún Florida lata,Abarrotes,8,5.5
2026-05-16,ABA-004,Fideos Don Vittorio 500g,Abarrotes,17,3.2
2026-05-16,BEB-001,Agua Cielo 625ml,Bebidas,21,1.5
2026-05-16,BEB-002,Gaseosa Inca Kola 500ml,Bebidas,35,2.5
2026-05-16,BEB-003,Cerveza Pilsen 355ml,Bebidas,15,4.0
2026-05-16,CUI-001,Jabón Bolívar barra,Cuidado,7,1.8
2026-05-16,LAC-001,Leche Gloria tarro,Lácteos,29,4.2
2026-05-16,LAC-002,Yogurt Gloria 1L,Lácteos,5,6.5
2026-05-16,LIM-001,Detergente Bolívar 520g,Limpieza,9,5.0
2026-05-16,LIM-002,Papel higiénico Suave x4,Limpieza,13,6.0
2026-05-16,SNK-001,Galleta Soda Field,Snacks,32,1.0
2026-05-16,SNK-002,Chocolate Sublime,Snacks,39,2.0
2026-05-17,ABA-001,Arroz Costeño 1kg,Abarrotes,14,4.5
2026-05-17,ABA-002,Aceite Primor 1L,Abarrotes,11,9.9
2026-05-17,ABA-003,Atún Florida lata,Abarrotes,10,5.5
2026-05-17,ABA-004,Fideos Don Vittorio 500g,Abarrotes,11,3.2
2026-05-17,BEB-001,Agua Cielo 625ml,Bebidas,17,1.5
2026-05-17,BEB-002,Gaseosa Inca Kola 500ml,Bebidas,43,2.5
2026-05-17,BEB-003,Cerveza Pilsen 355ml,Bebidas,17,4.0
2026-05-17,CUI-001,Jabón Bolívar barra,Cuidado,9,1.8
2026-05-17,LAC-001,Leche Gloria tarro,Lácteos,30,4.2
2026-05-17,LAC-002,Yogurt Gloria 1L,Lácteos,5,6.5
2026-05-17,LIM-001,Detergente Bolívar 520g,Limpieza,8,5.0
2026-05-17,LIM-002,Papel higiénico Suave x4,Limpieza,13,6.0
2026-05-17,SNK-001,Galleta Soda Field,Snacks,29,1.0
2026-05-17,SNK-002,Chocolate Sublime,Snacks,26,2.0
2026-05-18,ABA-001,Arroz Costeño 1kg,Abarrotes,16,4.5
2026-05-18,ABA-002,Aceite Primor 1L,Abarrotes,7,9.9
2026-05-18,ABA-003,Atún Florida lata,Abarrotes,6,5.5
2026-05-18,ABA-004,Fideos Don Vittorio 500g,Abarrotes,12,3.2
2026-05-18,BEB-001,Agua Cielo 625ml,Bebidas,18,1.5
2026-05-18,BEB-002,Gaseosa Inca Kola 500ml,Bebidas,30,2.5
2026-05-18,BEB-003,Cerveza Pilsen 355ml,Bebidas,20,4.0
2026-05-18,CUI-001,Jabón Bolívar barra,Cuidado,10,1.8
2026-05-18,LAC-001,Leche Gloria tarro,Lácteos,23,4.2
2026-05-18,LAC-002,Yogurt Gloria 1L,Lácteos,5,6.5
2026-05-18,LIM-001,Detergente Bolívar 520g,Limpieza,7,5.0
2026-05-18,LIM-002,Papel higiénico Suave x4,Limpieza,7,6.0
2026-05-18,SNK-001,Galleta Soda Field,Snacks,21,1.0
2026-05-18,SNK-002,Chocolate Sublime,Snacks,32,2.0
2026-05-19,ABA-001,Arroz Costeño 1kg,Abarrotes,9,4.5
2026-05-19,ABA-002,Aceite Primor 1L,Abarrotes,3,9.9
2026-05-19,ABA-003,Atún Florida lata,Abarrotes,8,5.5
2026-05-19,ABA-004,Fideos Don Vittorio 500g,Abarrotes,10,3.2
2026-05-19,BEB-001,Agua Cielo 625ml,Bebidas,14,1.5
2026-05-19,BEB-002,Gaseosa Inca Kola 500ml,Bebidas,38,2.5
2026-05-19,BEB-003,Cerveza Pilsen 355ml,Bebidas,15,4.0
2026-05-19,CUI-001,Jabón Bolívar barra,Cuidado,11,1.8
2026-05-19,LAC-001,Leche Gloria tarro,Lácteos,20,4.2
2026-05-19,LAC-002,Yogurt Gloria 1L,Lácteos,6,6.5
2026-05-19,LIM-001,Detergente Bolívar 520g,Limpieza,7,5.0
2026-05-19,LIM-002,Papel higiénico Suave x4,Limpieza,13,6.0
2026-05-19,SNK-001,Galleta Soda Field,Snacks,27,1.0
2026-05-19,SNK-002,Chocolate Sublime,Snacks,38,2.0
2026-05-20,ABA-001,Arroz Costeño 1kg,Abarrotes,13,4.5
2026-05-20,ABA-002,Aceite Primor 1L,Abarrotes,8,9.9
2026-05-20,ABA-003,Atún Florida lata,Abarrotes,5,5.5
2026-05-20,ABA-004,Fideos Don Vittorio 500g,Abarrotes,11,3.2
2026-05-20,BEB-001,Agua Cielo 625ml,Bebidas,12,1.5
2026-05-20,BEB-002,Gaseosa Inca Kola 500ml,Bebidas,29,2.5
2026-05-20,BEB-003,Cerveza Pilsen 355ml,Bebidas,6,4.0
2026-05-20,CUI-001,Jabón Bolívar barra,Cuidado,8,1.8
2026-05-20,LAC-001,Leche Gloria tarro,Lácteos,24,4.2
2026-05-20,LAC-002,Yogurt Gloria 1L,Lácteos,7,6.5
2026-05-20,LIM-001,Detergente Bolívar 520g,Limpieza,4,5.0
2026-05-20,LIM-002,Papel higiénico Suave x4,Limpieza,12,6.0
2026-05-20,SNK-001,Galleta Soda Field,Snacks,27,1.0
2026-05-20,SNK-002,Chocolate Sublime,Snacks,29,2.0
2026-05-21,ABA-001,Arroz Costeño 1kg,Abarrotes,12,4.5
2026-05-21,ABA-002,Aceite Primor 1L,Abarrotes,7,9.9
2026-05-21,ABA-003,Atún Florida lata,Abarrotes,4,5.5
2026-05-21,ABA-004,Fideos Don Vittorio 500g,Abarrotes,14,3.2
2026-05-21,BEB-001,Agua Cielo 625ml,Bebidas,13,1.5
2026-05-21,BEB-002,Gaseosa Inca Kola 500ml,Bebidas,36,2.5
2026-05-21,BEB-003,Cerveza Pilsen 355ml,Bebidas,13,4.0
2026-05-21,CUI-001,Jabón Bolívar barra,Cuidado,7,1.8
2026-05-21,LAC-001,Leche Gloria tarro,Lácteos,32,4.2
2026-05-21,LAC-002,Yogurt Gloria 1L,Lácteos,4,6.5
2026-05-21,LIM-001,Detergente Bolívar 520g,Limpieza,5,5.0
2026-05-21,LIM-002,Papel higiénico Suave x4,Limpieza,13,6.0
2026-05-21,SNK-001,Galleta Soda Field,Snacks,24,1.0
2026-05-21,SNK-002,Chocolate Sublime,Snacks,29,2.0
2026-05-22,ABA-001,Arroz Costeño 1kg,Abarrotes,16,4.5
2026-05-22,ABA-002,Aceite Primor 1L,Abarrotes,11,9.9
2026-05-22,ABA-003,Atún Florida lata,Abarrotes,3,5.5
2026-05-22,ABA-004,Fideos Don Vittorio 500g,Abarrotes,9,3.2
2026-05-22,BEB-001,Agua Cielo 625ml,Bebidas,12,1.5
2026-05-22,BEB-002,Gaseosa Inca Kola 500ml,Bebidas,25,2.5
2026-05-22,BEB-003,Cerveza Pilsen 355ml,Bebidas,19,4.0
2026-05-22,CUI-001,Jabón Bolívar barra,Cuidado,6,1.8
2026-05-22,LAC-001,Leche Gloria tarro,Lácteos,25,4.2
2026-05-22,LAC-002,Yogurt Gloria 1L,Lácteos,4,6.5
2026-05-22,LIM-001,Detergente Bolívar 520g,Limpieza,5,5.0
2026-05-22,LIM-002,Papel higiénico Suave x4,Limpieza,8,6.0
2026-05-22,SNK-001,Galleta Soda Field,Snacks,27,1.0
2026-05-22,SNK-002,Chocolate Sublime,Snacks,27,2.0
2026-05-23,ABA-001,Arroz Costeño 1kg,Abarrotes,8,4.5
2026-05-23,ABA-002,Aceite Primor 1L,Abarrotes,12,9.9
2026-05-23,ABA-003,Atún Florida lata,Abarrotes,5,5.5
2026-05-23,ABA-004,Fideos Don Vittorio 500g,Abarrotes,16,3.2
2026-05-23,BEB-001,Agua Cielo 625ml,Bebidas,7,1.5
2026-05-23,BEB-002,Gaseosa Inca Kola 500ml,Bebidas,38,2.5
2026-05-23,BEB-003,Cerveza Pilsen 355ml,Bebidas,22,4.0
2026-05-23,CUI-001,Jabón Bolívar barra,Cuidado,13,1.8
2026-05-23,LAC-001,Leche Gloria tarro,Lácteos,23,4.2
2026-05-23,LAC-002,Yogurt Gloria 1L,Lácteos,9,6.5
2026-05-23,LIM-001,Detergente Bolívar 520g,Limpieza,5,5.0
2026-05-23,LIM-002,Papel higiénico Suave x4,Limpieza,11,6.0
2026-05-23,SNK-001,Galleta Soda Field,Snacks,22,1.0
2026-05-23,SNK-002,Chocolate Sublime,Snacks,36,2.0
2026-05-24,ABA-001,Arroz Costeño 1kg,Abarrotes,16,4.5
2026-05-24,ABA-002,Aceite Primor 1L,Abarrotes,19,9.9
2026-05-24,ABA-003,Atún Florida lata,Abarrotes,14,5.5
2026-05-24,ABA-004,Fideos Don Vittorio 500g,Abarrotes,13,3.2
2026-05-24,BEB-001,Agua Cielo 625ml,Bebidas,16,1.5
2026-05-24,BEB-002,Gaseosa Inca Kola 500ml,Bebidas,40,2.5
2026-05-24,BEB-003,Cerveza Pilsen 355ml,Bebidas,19,4.0
2026-05-24,CUI-001,Jabón Bolívar barra,Cuidado,8,1.8
2026-05-24,LAC-001,Leche Gloria tarro,Lácteos,36,4.2
2026-05-24,LAC-002,Yogurt Gloria 1L,Lácteos,7,6.5
2026-05-24,LIM-001,Detergente Bolívar 520g,Limpieza,10,5.0
2026-05-24,LIM-002,Papel higiénico Suave x4,Limpieza,12,6.0
2026-05-24,SNK-001,Galleta Soda Field,Snacks,25,1.0
2026-05-24,SNK-002,Chocolate Sublime,Snacks,32,2.0
2026-05-25,ABA-001,Arroz Costeño 1kg,Abarrotes,16,4.5
2026-05-25,ABA-002,Aceite Primor 1L,Abarrotes,9,9.9
2026-05-25,ABA-003,Atún Florida lata,Abarrotes,3,5.5
2026-05-25,ABA-004,Fideos Don Vittorio 500g,Abarrotes,7,3.2
2026-05-25,BEB-001,Agua Cielo 625ml,Bebidas,18,1.5
2026-05-25,BEB-002,Gaseosa Inca Kola 500ml,Bebidas,54,2.5
2026-05-25,BEB-003,Cerveza Pilsen 355ml,Bebidas,13,4.0
2026-05-25,CUI-001,Jabón Bolívar barra,Cuidado,11,1.8
2026-05-25,LAC-001,Leche Gloria tarro,Lácteos,24,4.2
2026-05-25,LAC-002,Yogurt Gloria 1L,Lácteos,8,6.5
2026-05-25,LIM-001,Detergente Bolívar 520g,Limpieza,3,5.0
2026-05-25,LIM-002,Papel higiénico Suave x4,Limpieza,12,6.0
2026-05-25,SNK-001,Galleta Soda Field,Snacks,27,1.0
2026-05-25,SNK-002,Chocolate Sublime,Snacks,31,2.0
2026-05-26,ABA-001,Arroz Costeño 1kg,Abarrotes,14,4.5
2026-05-26,ABA-002,Aceite Primor 1L,Abarrotes,10,9.9
2026-05-26,ABA-003,Atún Florida lata,Abarrotes,5,5.5
2026-05-26,ABA-004,Fideos Don Vittorio 500g,Abarrotes,14,3.2
2026-05-26,BEB-001,Agua Cielo 625ml,Bebidas,14,1.5
2026-05-26,BEB-002,Gaseosa Inca Kola 500ml,Bebidas,32,2.5
2026-05-26,BEB-003,Cerveza Pilsen 355ml,Bebidas,6,4.0
2026-05-26,CUI-001,Jabón Bolívar barra,Cuidado,9,1.8
2026-05-26,LAC-001,Leche Gloria tarro,Lácteos,27,4.2
2026-05-26,LAC-002,Yogurt Gloria 1L,Lácteos,6,6.5
2026-05-26,LIM-001,Detergente Bolívar 520g,Limpieza,6,5.0
2026-05-26,LIM-002,Papel higiénico Suave x4,Limpieza,11,6.0
2026-05-26,SNK-001,Galleta Soda Field,Snacks,19,1.0
2026-05-26,SNK-002,Chocolate Sublime,Snacks,37,2.0
2026-05-27,ABA-001,Arroz Costeño 1kg,Abarrotes,14,4.5
2026-05-27,ABA-002,Aceite Primor 1L,Abarrotes,10,9.9
2026-05-27,ABA-003,Atún Florida lata,Abarrotes,14,5.5
2026-05-27,ABA-004,Fideos Don Vittorio 500g,Abarrotes,9,3.2
2026-05-27,BEB-001,Agua Cielo 625ml,Bebidas,23,1.5
2026-05-27,BEB-002,Gaseosa Inca Kola 500ml,Bebidas,29,2.5
2026-05-27,BEB-003,Cerveza Pilsen 355ml,Bebidas,21,4.0
2026-05-27,CUI-001,Jabón Bolívar barra,Cuidado,8,1.8
2026-05-27,LAC-001,Leche Gloria tarro,Lácteos,21,4.2
2026-05-27,LAC-002,Yogurt Gloria 1L,Lácteos,6,6.5
2026-05-27,LIM-001,Detergente Bolívar 520g,Limpieza,7,5.0
2026-05-27,LIM-002,Papel higiénico Suave x4,Limpieza,8,6.0
2026-05-27,SNK-001,Galleta Soda Field,Snacks,24,1.0
2026-05-27,SNK-002,Chocolate Sublime,Snacks,34,2.0
2026-05-28,ABA-001,Arroz Costeño 1kg,Abarrotes,16,4.5
2026-05-28,ABA-002,Aceite Primor 1L,Abarrotes,12,9.9
2026-05-28,ABA-003,Atún Florida lata,Abarrotes,4,5.5
2026-05-28,ABA-004,Fideos Don Vittorio 500g,Abarrotes,19,3.2
2026-05-28,BEB-001,Agua Cielo 625ml,Bebidas,16,1.5
2026-05-28,BEB-002,Gaseosa Inca Kola 500ml,Bebidas,30,2.5
2026-05-28,BEB-003,Cerveza Pilsen 355ml,Bebidas,13,4.0
2026-05-28,CUI-001,Jabón Bolívar barra,Cuidado,6,1.8
2026-05-28,LAC-001,Leche Gloria tarro,Lácteos,28,4.2
2026-05-28,LAC-002,Yogurt Gloria 1L,Lácteos,6,6.5
2026-05-28,LIM-001,Detergente Bolívar 520g,Limpieza,2,5.0
2026-05-28,LIM-002,Papel higiénico Suave x4,Limpieza,10,6.0
2026-05-28,SNK-001,Galleta Soda Field,Snacks,31,1.0
2026-05-28,SNK-002,Chocolate Sublime,Snacks,27,2.0
2026-05-29,ABA-001,Arroz Costeño 1kg,Abarrotes,17,4.5
2026-05-29,ABA-002,Aceite Primor 1L,Abarrotes,4,9.9
2026-05-29,ABA-003,Atún Florida lata,Abarrotes,5,5.5
2026-05-29,ABA-004,Fideos Don Vittorio 500g,Abarrotes,17,3.2
2026-05-29,BEB-001,Agua Cielo 625ml,Bebidas,23,1.5
2026-05-29,BEB-002,Gaseosa Inca Kola 500ml,Bebidas,38,2.5
2026-05-29,BEB-003,Cerveza Pilsen 355ml,Bebidas,10,4.0
2026-05-29,CUI-001,Jabón Bolívar barra,Cuidado,8,1.8
2026-05-29,LAC-001,Leche Gloria tarro,Lácteos,22,4.2
2026-05-29,LAC-002,Yogurt Gloria 1L,Lácteos,9,6.5
2026-05-29,LIM-001,Detergente Bolívar 520g,Limpieza,7,5.0
2026-05-29,LIM-002,Papel higiénico Suave x4,Limpieza,10,6.0
2026-05-29,SNK-001,Galleta Soda Field,Snacks,26,1.0
2026-05-29,SNK-002,Chocolate Sublime,Snacks,39,2.0
2026-05-30,ABA-001,Arroz Costeño 1kg,Abarrotes,14,4.5
2026-05-30,ABA-002,Aceite Primor 1L,Abarrotes,7,9.9
2026-05-30,ABA-003,Atún Florida lata,Abarrotes,6,5.5
2026-05-30,ABA-004,Fideos Don Vittorio 500g,Abarrotes,17,3.2
2026-05-30,BEB-001,Agua Cielo 625ml,Bebidas,19,1.5
2026-05-30,BEB-002,Gaseosa Inca Kola 500ml,Bebidas,44,2.5
2026-05-30,BEB-003,Cerveza Pilsen 355ml,Bebidas,16,4.0
2026-05-30,CUI-001,Jabón Bolívar barra,Cuidado,7,1.8
2026-05-30,LAC-001,Leche Gloria tarro,Lácteos,36,4.2
2026-05-30,LAC-002,Yogurt Gloria 1L,Lácteos,10,6.5
2026-05-30,LIM-001,Detergente Bolívar 520g,Limpieza,5,5.0
2026-05-30,LIM-002,Papel higiénico Suave x4,Limpieza,11,6.0
2026-05-30,SNK-001,Galleta Soda Field,Snacks,16,1.0
2026-05-30,SNK-002,Chocolate Sublime,Snacks,35,2.0
2026-05-31,ABA-001,Arroz Costeño 1kg,Abarrotes,19,4.5
2026-05-31,ABA-002,Aceite Primor 1L,Abarrotes,13,9.9
2026-05-31,ABA-003,Atún Florida lata,Abarrotes,11,5.5
2026-05-31,ABA-004,Fideos Don Vittorio 500g,Abarrotes,12,3.2
2026-05-31,BEB-001,Agua Cielo 625ml,Bebidas,14,1.5
2026-05-31,BEB-002,Gaseosa Inca Kola 500ml,Bebidas,46,2.5
2026-05-31,BEB-003,Cerveza Pilsen 355ml,Bebidas,10,4.0
2026-05-31,CUI-001,Jabón Bolívar barra,Cuidado,8,1.8
2026-05-31,LAC-001,Leche Gloria tarro,Lácteos,29,4.2
2026-05-31,LAC-002,Yogurt Gloria 1L,Lácteos,4,6.5
2026-05-31,LIM-001,Detergente Bolívar 520g,Limpieza,4,5.0
2026-05-31,LIM-002,Papel higiénico Suave x4,Limpieza,13,6.0
2026-05-31,SNK-001,Galleta Soda Field,Snacks,32,1.0
2026-05-31,SNK-002,Chocolate Sublime,Snacks,42,2.0
2026-06-01,ABA-001,Arroz Costeño 1kg,Abarrotes,17,4.5
2026-06-01,ABA-002,Aceite Primor 1L,Abarrotes,9,9.9
2026-06-01,ABA-003,Atún Florida lata,Abarrotes,3,5.5
2026-06-01,ABA-004,Fideos Don Vittorio 500g,Abarrotes,10,3.2
2026-06-01,BEB-001,Agua Cielo 625ml,Bebidas,9,1.5
2026-06-01,BEB-002,Gaseosa Inca Kola 500ml,Bebidas,35,2.5
2026-06-01,BEB-003,Cerveza Pilsen 355ml,Bebidas,12,4.0
2026-06-01,CUI-001,Jabón Bolívar barra,Cuidado,7,1.8
2026-06-01,LAC-001,Leche Gloria tarro,Lácteos,29,4.2
2026-06-01,LAC-002,Yogurt Gloria 1L,Lácteos,4,6.5
2026-06-01,LIM-001,Detergente Bolívar 520g,Limpieza,3,5.0
2026-06-01,LIM-002,Papel higiénico Suave x4,Limpieza,7,6.0
2026-06-01,SNK-001,Galleta Soda Field,Snacks,28,1.0
2026-06-01,SNK-002,Chocolate Sublime,Snacks,33,2.0
2026-06-02,ABA-001,Arroz Costeño 1kg,Abarrotes,21,4.5
2026-06-02,ABA-002,Aceite Primor 1L,Abarrotes,10,9.9
2026-06-02,ABA-003,Atún Florida lata,Abarrotes,7,5.5
2026-06-02,ABA-004,Fideos Don Vittorio 500g,Abarrotes,14,3.2
2026-06-02,BEB-001,Agua Cielo 625ml,Bebidas,16,1.5
2026-06-02,BEB-002,Gaseosa Inca Kola 500ml,Bebidas,32,2.5
2026-06-02,BEB-003,Cerveza Pilsen 355ml,Bebidas,16,4.0
2026-06-02,CUI-001,Jabón Bolívar barra,Cuidado,6,1.8
2026-06-02,LAC-001,Leche Gloria tarro,Lácteos,34,4.2
2026-06-02,LAC-002,Yogurt Gloria 1L,Lácteos,8,6.5
2026-06-02,LIM-001,Detergente Bolívar 520g,Limpieza,3,5.0
2026-06-02,LIM-002,Papel higiénico Suave x4,Limpieza,13,6.0
2026-06-02,SNK-001,Galleta Soda Field,Snacks,31,1.0
2026-06-02,SNK-002,Chocolate Sublime,Snacks,33,2.0
2026-06-03,ABA-001,Arroz Costeño 1kg,Abarrotes,15,4.5
2026-06-03,ABA-002,Aceite Primor 1L,Abarrotes,10,9.9
2026-06-03,ABA-003,Atún Florida lata,Abarrotes,4,5.5
2026-06-03,ABA-004,Fideos Don Vittorio 500g,Abarrotes,10,3.2
2026-06-03,BEB-001,Agua Cielo 625ml,Bebidas,11,1.5
2026-06-03,BEB-002,Gaseosa Inca Kola 500ml,Bebidas,20,2.5
2026-06-03,BEB-003,Cerveza Pilsen 355ml,Bebidas,11,4.0
2026-06-03,CUI-001,Jabón Bolívar barra,Cuidado,3,1.8
2026-06-03,LAC-001,Leche Gloria tarro,Lácteos,31,4.2
2026-06-03,LAC-002,Yogurt Gloria 1L,Lácteos,6,6.5
2026-06-03,LIM-001,Detergente Bolívar 520g,Limpieza,2,5.0
2026-06-03,LIM-002,Papel higiénico Suave x4,Limpieza,12,6.0
2026-06-03,SNK-001,Galleta Soda Field,Snacks,23,1.0
2026-06-03,SNK-002,Chocolate Sublime,Snacks,31,2.0
2026-06-04,ABA-001,Arroz Costeño 1kg,Abarrotes,12,4.5
2026-06-04,ABA-002,Aceite Primor 1L,Abarrotes,7,9.9
2026-06-04,ABA-003,Atún Florida lata,Abarrotes,4,5.5
2026-06-04,ABA-004,Fideos Don Vittorio 500g,Abarrotes,9,3.2
2026-06-04,BEB-001,Agua Cielo 625ml,Bebidas,15,1.5
2026-06-04,BEB-002,Gaseosa Inca Kola 500ml,Bebidas,25,2.5
2026-06-04,BEB-003,Cerveza Pilsen 355ml,Bebidas,8,4.0
2026-06-04,CUI-001,Jabón Bolívar barra,Cuidado,8,1.8
2026-06-04,LAC-001,Leche Gloria tarro,Lácteos,28,4.2
2026-06-04,LAC-002,Yogurt Gloria 1L,Lácteos,5,6.5
2026-06-04,LIM-001,Detergente Bolívar 520g,Limpieza,4,5.0
2026-06-04,LIM-002,Papel higiénico Suave x4,Limpieza,4,6.0
2026-06-04,SNK-001,Galleta Soda Field,Snacks,21,1.0
2026-06-04,SNK-002,Chocolate Sublime,Snacks,24,2.0
2026-06-05,ABA-001,Arroz Costeño 1kg,Abarrotes,12,4.5
2026-06-05,ABA-002,Aceite Primor 1L,Abarrotes,11,9.9
2026-06-05,ABA-003,Atún Florida lata,Abarrotes,6,5.5
2026-06-05,ABA-004,Fideos Don Vittorio 500g,Abarrotes,20,3.2
2026-06-05,BEB-001,Agua Cielo 625ml,Bebidas,16,1.5
2026-06-05,BEB-002,Gaseosa Inca Kola 500ml,Bebidas,25,2.5
2026-06-05,BEB-003,Cerveza Pilsen 355ml,Bebidas,11,4.0
2026-06-05,CUI-001,Jabón Bolívar barra,Cuidado,5,1.8
2026-06-05,LAC-001,Leche Gloria tarro,Lácteos,32,4.2
2026-06-05,LAC-002,Yogurt Gloria 1L,Lácteos,6,6.5
2026-06-05,LIM-001,Detergente Bolívar 520g,Limpieza,2,5.0
2026-06-05,LIM-002,Papel higiénico Suave x4,Limpieza,12,6.0
2026-06-05,SNK-001,Galleta Soda Field,Snacks,21,1.0
2026-06-05,SNK-002,Chocolate Sublime,Snacks,24,2.0
2026-06-06,ABA-001,Arroz Costeño 1kg,Abarrotes,14,4.5
2026-06-06,ABA-002,Aceite Primor 1L,Abarrotes,12,9.9
2026-06-06,ABA-003,Atún Florida lata,Abarrotes,4,5.5
2026-06-06,ABA-004,Fideos Don Vittorio 500g,Abarrotes,23,3.2
2026-06-06,BEB-001,Agua Cielo 625ml,Bebidas,11,1.5
2026-06-06,BEB-002,Gaseosa Inca Kola 500ml,Bebidas,38,2.5
2026-06-06,BEB-003,Cerveza Pilsen 355ml,Bebidas,8,4.0
2026-06-06,CUI-001,Jabón Bolívar barra,Cuidado,7,1.8
2026-06-06,LAC-001,Leche Gloria tarro,Lácteos,31,4.2
2026-06-06,LAC-002,Yogurt Gloria 1L,Lácteos,4,6.5
2026-06-06,LIM-001,Detergente Bolívar 520g,Limpieza,6,5.0
2026-06-06,LIM-002,Papel higiénico Suave x4,Limpieza,9,6.0
2026-06-06,SNK-001,Galleta Soda Field,Snacks,34,1.0
2026-06-06,SNK-002,Chocolate Sublime,Snacks,45,2.0
2026-06-07,ABA-001,Arroz Costeño 1kg,Abarrotes,25,4.5
2026-06-07,ABA-002,Aceite Primor 1L,Abarrotes,14,9.9
2026-06-07,ABA-003,Atún Florida lata,Abarrotes,8,5.5
2026-06-07,ABA-004,Fideos Don Vittorio 500g,Abarrotes,16,3.2
2026-06-07,BEB-001,Agua Cielo 625ml,Bebidas,16,1.5
2026-06-07,BEB-002,Gaseosa Inca Kola 500ml,Bebidas,37,2.5
2026-06-07,BEB-003,Cerveza Pilsen 355ml,Bebidas,19,4.0
2026-06-07,CUI-001,Jabón Bolívar barra,Cuidado,7,1.8
2026-06-07,LAC-001,Leche Gloria tarro,Lácteos,40,4.2
2026-06-07,LAC-002,Yogurt Gloria 1L,Lácteos,5,6.5
2026-06-07,LIM-001,Detergente Bolívar 520g,Limpieza,6,5.0
2026-06-07,LIM-002,Papel higiénico Suave x4,Limpieza,16,6.0
2026-06-07,SNK-001,Galleta Soda Field,Snacks,29,1.0
2026-06-07,SNK-002,Chocolate Sublime,Snacks,46,2.0
2026-06-08,ABA-001,Arroz Costeño 1kg,Abarrotes,19,4.5
2026-06-08,ABA-002,Aceite Primor 1L,Abarrotes,16,9.9
2026-06-08,ABA-003,Atún Florida lata,Abarrotes,3,5.5
2026-06-08,ABA-004,Fideos Don Vittorio 500g,Abarrotes,12,3.2
2026-06-08,BEB-001,Agua Cielo 625ml,Bebidas,10,1.5
2026-06-08,BEB-002,Gaseosa Inca Kola 500ml,Bebidas,36,2.5
2026-06-08,BEB-003,Cerveza Pilsen 355ml,Bebidas,11,4.0
2026-06-08,CUI-001,Jabón Bolívar barra,Cuidado,7,1.8
2026-06-08,LAC-001,Leche Gloria tarro,Lácteos,21,4.2
2026-06-08,LAC-002,Yogurt Gloria 1L,Lácteos,12,6.5
2026-06-08,LIM-001,Detergente Bolívar 520g,Limpieza,5,5.0
2026-06-08,LIM-002,Papel higiénico Suave x4,Limpieza,4,6.0
2026-06-08,SNK-001,Galleta Soda Field,Snacks,34,1.0
2026-06-08,SNK-002,Chocolate Sublime,Snacks,47,2.0
2026-06-09,ABA-001,Arroz Costeño 1kg,Abarrotes,20,4.5
2026-06-09,ABA-002,Aceite Primor 1L,Abarrotes,11,9.9
2026-06-09,ABA-003,Atún Florida lata,Abarrotes,2,5.5
2026-06-09,ABA-004,Fideos Don Vittorio 500g,Abarrotes,20,3.2
2026-06-09,BEB-001,Agua Cielo 625ml,Bebidas,14,1.5
2026-06-09,BEB-002,Gaseosa Inca Kola 500ml,Bebidas,19,2.5
2026-06-09,BEB-003,Cerveza Pilsen 355ml,Bebidas,9,4.0
2026-06-09,CUI-001,Jabón Bolívar barra,Cuidado,7,1.8
2026-06-09,LAC-001,Leche Gloria tarro,Lácteos,25,4.2
2026-06-09,LAC-002,Yogurt Gloria 1L,Lácteos,5,6.5
2026-06-09,LIM-001,Detergente Bolívar 520g,Limpieza,3,5.0
2026-06-09,LIM-002,Papel higiénico Suave x4,Limpieza,9,6.0
2026-06-09,SNK-001,Galleta Soda Field,Snacks,25,1.0
2026-06-09,SNK-002,Chocolate Sublime,Snacks,37,2.0
2026-06-10,ABA-001,Arroz Costeño 1kg,Abarrotes,14,4.5
2026-06-10,ABA-002,Aceite Primor 1L,Abarrotes,11,9.9
2026-06-10,ABA-003,Atún Florida lata,Abarrotes,9,5.5
2026-06-10,ABA-004,Fideos Don Vittorio 500g,Abarrotes,17,3.2
2026-06-10,BEB-001,Agua Cielo 625ml,Bebidas,7,1.5
2026-06-10,BEB-002,Gaseosa Inca Kola 500ml,Bebidas,34,2.5
2026-06-10,BEB-003,Cerveza Pilsen 355ml,Bebidas,13,4.0
2026-06-10,CUI-001,Jabón Bolívar barra,Cuidado,4,1.8
2026-06-10,LAC-001,Leche Gloria tarro,Lácteos,31,4.2
2026-06-10,LAC-002,Yogurt Gloria 1L,Lácteos,4,6.5
2026-06-10,LIM-001,Detergente Bolívar 520g,Limpieza,5,5.0
2026-06-10,LIM-002,Papel higiénico Suave x4,Limpieza,7,6.0
2026-06-10,SNK-001,Galleta Soda Field,Snacks,21,1.0
2026-06-10,SNK-002,Chocolate Sublime,Snacks,46,2.0
2026-06-11,ABA-001,Arroz Costeño 1kg,Abarrotes,17,4.5
2026-06-11,ABA-002,Aceite Primor 1L,Abarrotes,10,9.9
2026-06-11,ABA-003,Atún Florida lata,Abarrotes,4,5.5
2026-06-11,ABA-004,Fideos Don Vittorio 500g,Abarrotes,12,3.2
2026-06-11,BEB-001,Agua Cielo 625ml,Bebidas,11,1.5
2026-06-11,BEB-002,Gaseosa Inca Kola 500ml,Bebidas,35,2.5
2026-06-11,BEB-003,Cerveza Pilsen 355ml,Bebidas,14,4.0
2026-06-11,CUI-001,Jabón Bolívar barra,Cuidado,10,1.8
2026-06-11,LAC-001,Leche Gloria tarro,Lácteos,25,4.2
2026-06-11,LAC-002,Yogurt Gloria 1L,Lácteos,2,6.5
2026-06-11,LIM-001,Detergente Bolívar 520g,Limpieza,6,5.0
2026-06-11,LIM-002,Papel higiénico Suave x4,Limpieza,11,6.0
2026-06-11,SNK-001,Galleta Soda Field,Snacks,25,1.0
2026-06-11,SNK-002,Chocolate Sublime,Snacks,32,2.0
2026-06-12,ABA-001,Arroz Costeño 1kg,Abarrotes,11,4.5
2026-06-12,ABA-002,Aceite Primor 1L,Abarrotes,11,9.9
2026-06-12,ABA-003,Atún Florida lata,Abarrotes,3,5.5
2026-06-12,ABA-004,Fideos Don Vittorio 500g,Abarrotes,14,3.2
2026-06-12,BEB-001,Agua Cielo 625ml,Bebidas,15,1.5
2026-06-12,BEB-002,Gaseosa Inca Kola 500ml,Bebidas,30,2.5
2026-06-12,BEB-003,Cerveza Pilsen 355ml,Bebidas,8,4.0
2026-06-12,CUI-001,Jabón Bolívar barra,Cuidado,10,1.8
2026-06-12,LAC-001,Leche Gloria tarro,Lácteos,29,4.2
2026-06-12,LAC-002,Yogurt Gloria 1L,Lácteos,2,6.5
2026-06-12,LIM-001,Detergente Bolívar 520g,Limpieza,4,5.0
2026-06-12,LIM-002,Papel higiénico Suave x4,Limpieza,10,6.0
2026-06-12,SNK-001,Galleta Soda Field,Snacks,22,1.0
2026-06-12,SNK-002,Chocolate Sublime,Snacks,30,2.0
2026-06-13,ABA-001,Arroz Costeño 1kg,Abarrotes,10,4.5
2026-06-13,ABA-002,Aceite Primor 1L,Abarrotes,16,9.9
2026-06-13,ABA-003,Atún Florida lata,Abarrotes,1,5.5
2026-06-13,ABA-004,Fideos Don Vittorio 500g,Abarrotes,15,3.2
2026-06-13,BEB-001,Agua Cielo 625ml,Bebidas,8,1.5
2026-06-13,BEB-002,Gaseosa Inca Kola 500ml,Bebidas,25,2.5
2026-06-13,BEB-003,Cerveza Pilsen 355ml,Bebidas,15,4.0
2026-06-13,CUI-001,Jabón Bolívar barra,Cuidado,9,1.8
2026-06-13,LAC-001,Leche Gloria tarro,Lácteos,42,4.2
2026-06-13,LAC-002,Yogurt Gloria 1L,Lácteos,7,6.5
2026-06-13,LIM-001,Detergente Bolívar 520g,Limpieza,4,5.0
2026-06-13,LIM-002,Papel higiénico Suave x4,Limpieza,8,6.0
2026-06-13,SNK-001,Galleta Soda Field,Snacks,31,1.0
2026-06-13,SNK-002,Chocolate Sublime,Snacks,38,2.0
2026-06-14,ABA-001,Arroz Costeño 1kg,Abarrotes,23,4.5
2026-06-14,ABA-002,Aceite Primor 1L,Abarrotes,11,9.9
2026-06-14,ABA-003,Atún Florida lata,Abarrotes,4,5.5
2026-06-14,ABA-004,Fideos Don Vittorio 500g,Abarrotes,23,3.2
2026-06-14,BEB-001,Agua Cielo 625ml,Bebidas,17,1.5
2026-06-14,BEB-002,Gaseosa Inca Kola 500ml,Bebidas,37,2.5
2026-06-14,BEB-003,Cerveza Pilsen 355ml,Bebidas,17,4.0
2026-06-14,CUI-001,Jabón Bolívar barra,Cuidado,9,1.8
2026-06-14,LAC-001,Leche Gloria tarro,Lácteos,39,4.2
2026-06-14,LAC-002,Yogurt Gloria 1L,Lácteos,4,6.5
2026-06-14,LIM-001,Detergente Bolívar 520g,Limpieza,5,5.0
2026-06-14,LIM-002,Papel higiénico Suave x4,Limpieza,9,6.0
2026-06-14,SNK-001,Galleta Soda Field,Snacks,23,1.0
2026-06-14,SNK-002,Chocolate Sublime,Snacks,34,2.0
2026-06-15,ABA-001,Arroz Costeño 1kg,Abarrotes,20,4.5
2026-06-15,ABA-002,Aceite Primor 1L,Abarrotes,14,9.9
2026-06-15,ABA-003,Atún Florida lata,Abarrotes,6,5.5
2026-06-15,ABA-004,Fideos Don Vittorio 500g,Abarrotes,13,3.2
2026-06-15,BEB-001,Agua Cielo 625ml,Bebidas,17,1.5
2026-06-15,BEB-002,Gaseosa Inca Kola 500ml,Bebidas,36,2.5
2026-06-15,BEB-003,Cerveza Pilsen 355ml,Bebidas,13,4.0
2026-06-15,CUI-001,Jabón Bolívar barra,Cuidado,7,1.8
2026-06-15,LAC-001,Leche Gloria tarro,Lácteos,33,4.2
2026-06-15,LAC-002,Yogurt Gloria 1L,Lácteos,4,6.5
2026-06-15,LIM-001,Detergente Bolívar 520g,Limpieza,5,5.0
2026-06-15,LIM-002,Papel higiénico Suave x4,Limpieza,11,6.0
2026-06-15,SNK-001,Galleta Soda Field,Snacks,27,1.0
2026-06-15,SNK-002,Chocolate Sublime,Snacks,40,2.0
2026-06-16,ABA-001,Arroz Costeño 1kg,Abarrotes,14,4.5
2026-06-16,ABA-002,Aceite Primor 1L,Abarrotes,9,9.9
2026-06-16,ABA-003,Atún Florida lata,Abarrotes,8,5.5
2026-06-16,ABA-004,Fideos Don Vittorio 500g,Abarrotes,23,3.2
2026-06-16,BEB-001,Agua Cielo 625ml,Bebidas,12,1.5
2026-06-16,BEB-002,Gaseosa Inca Kola 500ml,Bebidas,29,2.5
2026-06-16,BEB-003,Cerveza Pilsen 355ml,Bebidas,13,4.0
2026-06-16,CUI-001,Jabón Bolívar barra,Cuidado,7,1.8
2026-06-16,LAC-001,Leche Gloria tarro,Lácteos,36,4.2
2026-06-16,LAC-002,Yogurt Gloria 1L,Lácteos,5,6.5
2026-06-16,LIM-001,Detergente Bolívar 520g,Limpieza,6,5.0
2026-06-16,LIM-002,Papel higiénico Suave x4,Limpieza,8,6.0
2026-06-16,SNK-001,Galleta Soda Field,Snacks,23,1.0
2026-06-16,SNK-002,Chocolate Sublime,Snacks,30,2.0
2026-06-17,ABA-001,Arroz Costeño 1kg,Abarrotes,13,4.5
2026-06-17,ABA-002,Aceite Primor 1L,Abarrotes,16,9.9
2026-06-17,ABA-003,Atún Florida lata,Abarrotes,6,5.5
2026-06-17,ABA-004,Fideos Don Vittorio 500g,Abarrotes,14,3.2
2026-06-17,BEB-001,Agua Cielo 625ml,Bebidas,16,1.5
2026-06-17,BEB-002,Gaseosa Inca Kola 500ml,Bebidas,26,2.5
2026-06-17,BEB-003,Cerveza Pilsen 355ml,Bebidas,17,4.0
2026-06-17,CUI-001,Jabón Bolívar barra,Cuidado,5,1.8
2026-06-17,LAC-001,Leche Gloria tarro,Lácteos,35,4.2
2026-06-17,LAC-002,Yogurt Gloria 1L,Lácteos,4,6.5
2026-06-17,LIM-001,Detergente Bolívar 520g,Limpieza,2,5.0
2026-06-17,LIM-002,Papel higiénico Suave x4,Limpieza,13,6.0
2026-06-17,SNK-001,Galleta Soda Field,Snacks,29,1.0
2026-06-17,SNK-002,Chocolate Sublime,Snacks,31,2.0
2026-06-18,ABA-001,Arroz Costeño 1kg,Abarrotes,19,4.5
2026-06-18,ABA-002,Aceite Primor 1L,Abarrotes,12,9.9
2026-06-18,ABA-003,Atún Florida lata,Abarrotes,6,5.5
2026-06-18,ABA-004,Fideos Don Vittorio 500g,Abarrotes,9,3.2
2026-06-18,BEB-001,Agua Cielo 625ml,Bebidas,14,1.5
2026-06-18,BEB-002,Gaseosa Inca Kola 500ml,Bebidas,34,2.5
2026-06-18,BEB-003,Cerveza Pilsen 355ml,Bebidas,12,4.0
2026-06-18,CUI-001,Jabón Bolívar barra,Cuidado,3,1.8
2026-06-18,LAC-001,Leche Gloria tarro,Lácteos,38,4.2
2026-06-18,LAC-002,Yogurt Gloria 1L,Lácteos,4,6.5
2026-06-18,LIM-001,Detergente Bolívar 520g,Limpieza,5,5.0
2026-06-18,LIM-002,Papel higiénico Suave x4,Limpieza,6,6.0
2026-06-18,SNK-001,Galleta Soda Field,Snacks,27,1.0
2026-06-18,SNK-002,Chocolate Sublime,Snacks,42,2.0
2026-06-19,ABA-001,Arroz Costeño 1kg,Abarrotes,17,4.5
2026-06-19,ABA-002,Aceite Primor 1L,Abarrotes,9,9.9
2026-06-19,ABA-003,Atún Florida lata,Abarrotes,2,5.5
2026-06-19,ABA-004,Fideos Don Vittorio 500g,Abarrotes,21,3.2
2026-06-19,BEB-001,Agua Cielo 625ml,Bebidas,10,1.5
2026-06-19,BEB-002,Gaseosa Inca Kola 500ml,Bebidas,37,2.5
2026-06-19,BEB-003,Cerveza Pilsen 355ml,Bebidas,16,4.0
2026-06-19,CUI-001,Jabón Bolívar barra,Cuidado,9,1.8
2026-06-19,LAC-001,Leche Gloria tarro,Lácteos,33,4.2
2026-06-19,LAC-002,Yogurt Gloria 1L,Lácteos,7,6.5
2026-06-19,LIM-001,Detergente Bolívar 520g,Limpieza,5,5.0
2026-06-19,LIM-002,Papel higiénico Suave x4,Limpieza,11,6.0
2026-06-19,SNK-001,Galleta Soda Field,Snacks,25,1.0
2026-06-19,SNK-002,Chocolate Sublime,Snacks,29,2.0
2026-06-20,ABA-001,Arroz Costeño 1kg,Abarrotes,21,4.5
2026-06-20,ABA-002,Aceite Primor 1L,Abarrotes,6,9.9
2026-06-20,ABA-003,Atún Florida lata,Abarrotes,5,5.5
2026-06-20,ABA-004,Fideos Don Vittorio 500g,Abarrotes,20,3.2
2026-06-20,BEB-001,Agua Cielo 625ml,Bebidas,17,1.5
2026-06-20,BEB-002,Gaseosa Inca Kola 500ml,Bebidas,36,2.5
2026-06-20,BEB-003,Cerveza Pilsen 355ml,Bebidas,17,4.0
2026-06-20,CUI-001,Jabón Bolívar barra,Cuidado,8,1.8
2026-06-20,LAC-001,Leche Gloria tarro,Lácteos,33,4.2
2026-06-20,LAC-002,Yogurt Gloria 1L,Lácteos,9,6.5
2026-06-20,LIM-001,Detergente Bolívar 520g,Limpieza,6,5.0
2026-06-20,LIM-002,Papel higiénico Suave x4,Limpieza,14,6.0
2026-06-20,SNK-001,Galleta Soda Field,Snacks,38,1.0
2026-06-20,SNK-002,Chocolate Sublime,Snacks,39,2.0
2026-06-21,ABA-001,Arroz Costeño 1kg,Abarrotes,16,4.5
2026-06-21,ABA-002,Aceite Primor 1L,Abarrotes,12,9.9
2026-06-21,ABA-003,Atún Florida lata,Abarrotes,9,5.5
2026-06-21,ABA-004,Fideos Don Vittorio 500g,Abarrotes,22,3.2
2026-06-21,BEB-001,Agua Cielo 625ml,Bebidas,17,1.5
2026-06-21,BEB-002,Gaseosa Inca Kola 500ml,Bebidas,36,2.5
2026-06-21,BEB-003,Cerveza Pilsen 355ml,Bebidas,21,4.0
2026-06-21,CUI-001,Jabón Bolívar barra,Cuidado,11,1.8
2026-06-21,LAC-001,Leche Gloria tarro,Lácteos,48,4.2
2026-06-21,LAC-002,Yogurt Gloria 1L,Lácteos,9,6.5
2026-06-21,LIM-001,Detergente Bolívar 520g,Limpieza,2,5.0
2026-06-21,LIM-002,Papel higiénico Suave x4,Limpieza,11,6.0
2026-06-21,SNK-001,Galleta Soda Field,Snacks,49,1.0
2026-06-21,SNK-002,Chocolate Sublime,Snacks,41,2.0
